date,store_id,product_id,product_name,category,region,inventory_level,units_sold,units_ordered,demand_forecast,price,discount,weather_condition,holiday/promotion,competitor_pricing,seasonality
2024-01-01,1,P001,Amul Taaza Toned Milk 1L,Dairy,South,142,67,81,69,58,10,Sunny,0,57.37,Low
2024-01-01,1,P002,Britannia Good Day 600g,Snacks,South,252,42,45,44,120,0,Cloudy,0,131.28,Low
2024-01-01,1,P003,Aashirvaad Atta 5kg,Staples,South,179,58,58,62,248,15,Sunny,1,224.34,Low
2024-01-01,1,P004,Maggi 2-Minute Noodles,Snacks,South,269,45,60,42,48,5,Rainy,1,48.89,Low
2024-01-01,1,P005,Tata Salt 1kg,Staples,South,100,16,22,15,22,0,Rainy,0,23.98,Low
2024-01-01,1,P006,Coca-Cola 600ml,Beverages,South,291,82,90,86,40,10,Cloudy,1,37.93,Low
2024-01-01,1,P007,Parle-G 800g,Snacks,South,221,75,82,72,65,15,Sunny,1,60.87,Low
2024-01-01,1,P008,Surf Excel 1kg,Cleaning,South,183,14,23,12,220,15,Sunny,0,235.06,Low
2024-01-01,1,P009,Amul Butter 500g,Dairy,South,251,54,57,56,275,15,Rainy,1,249.99,Low
2024-01-01,1,P010,Red Label Tea 500g,Beverages,South,286,64,81,63,255,0,Sunny,1,260.46,Low
2024-01-02,1,P001,Amul Taaza Toned Milk 1L,Dairy,South,206,62,76,57,58,0,Rainy,0,61.16,Low
2024-01-02,1,P002,Britannia Good Day 600g,Snacks,South,265,60,70,57,120,0,Stormy,0,126.96,Low
2024-01-02,1,P003,Aashirvaad Atta 5kg,Staples,South,283,72,78,76,248,0,Stormy,0,265.36,Low
2024-01-02,1,P004,Maggi 2-Minute Noodles,Snacks,South,82,22,37,23,48,20,Cloudy,1,49.59,Low
2024-01-02,1,P005,Tata Salt 1kg,Staples,South,263,60,62,55,22,0,Sunny,0,22.94,Low
2024-01-02,1,P006,Coca-Cola 600ml,Beverages,South,267,14,27,15,40,0,Sunny,0,39.42,Low
2024-01-02,1,P007,Parle-G 800g,Snacks,South,228,63,69,58,65,5,Sunny,1,67.54,Low
2024-01-02,1,P008,Surf Excel 1kg,Cleaning,South,286,52,66,50,220,10,Stormy,0,210.75,Low
2024-01-02,1,P009,Amul Butter 500g,Dairy,South,219,32,44,35,275,10,Cloudy,1,291.7,Low
2024-01-02,1,P010,Red Label Tea 500g,Beverages,South,79,72,82,76,255,20,Stormy,0,245.72,Low
2024-01-03,1,P001,Amul Taaza Toned Milk 1L,Dairy,South,170,42,61,45,58,0,Rainy,0,58.12,Low
2024-01-03,1,P002,Britannia Good Day 600g,Snacks,South,274,22,40,26,120,5,Stormy,0,112.04,Low
2024-01-03,1,P003,Aashirvaad Atta 5kg,Staples,South,229,49,65,44,248,0,Stormy,1,235.69,Low
2024-01-03,1,P004,Maggi 2-Minute Noodles,Snacks,South,162,13,17,8,48,0,Rainy,0,52.58,Low
2024-01-03,1,P005,Tata Salt 1kg,Staples,South,273,41,41,36,22,0,Cloudy,0,22.14,Low
2024-01-03,1,P006,Coca-Cola 600ml,Beverages,South,209,40,43,41,40,0,Stormy,0,37.94,Low
2024-01-03,1,P007,Parle-G 800g,Snacks,South,165,51,52,51,65,15,Rainy,0,59.67,Low
2024-01-03,1,P008,Surf Excel 1kg,Cleaning,South,173,50,55,47,220,5,Stormy,0,207.69,Low
2024-01-03,1,P009,Amul Butter 500g,Dairy,South,196,37,56,38,275,5,Sunny,0,269.37,Low
2024-01-03,1,P010,Red Label Tea 500g,Beverages,South,153,65,65,68,255,0,Cloudy,0,257.11,Low
2024-01-04,1,P001,Amul Taaza Toned Milk 1L,Dairy,South,56,53,68,57,58,0,Stormy,1,55.23,Low
2024-01-04,1,P002,Britannia Good Day 600g,Snacks,South,189,25,29,24,120,0,Rainy,0,114.69,Low
2024-01-04,1,P003,Aashirvaad Atta 5kg,Staples,South,257,43,45,41,248,15,Stormy,0,255.04,Low
2024-01-04,1,P004,Maggi 2-Minute Noodles,Snacks,South,249,36,39,36,48,5,Cloudy,0,46.77,Low
2024-01-04,1,P005,Tata Salt 1kg,Staples,South,202,36,53,32,22,0,Cloudy,0,22.67,Low
2024-01-04,1,P006,Coca-Cola 600ml,Beverages,South,210,53,56,48,40,15,Sunny,1,41.97,Low
2024-01-04,1,P007,Parle-G 800g,Snacks,South,244,23,39,18,65,5,Rainy,0,66.77,Low
2024-01-04,1,P008,Surf Excel 1kg,Cleaning,South,207,44,49,44,220,10,Rainy,0,237.87,Low
2024-01-04,1,P009,Amul Butter 500g,Dairy,South,70,37,37,32,275,10,Stormy,0,274.96,Low
2024-01-04,1,P010,Red Label Tea 500g,Beverages,South,241,15,31,10,255,5,Stormy,0,278.15,Low
2024-01-05,1,P001,Amul Taaza Toned Milk 1L,Dairy,South,148,67,75,66,58,10,Sunny,0,63.41,Low
2024-01-05,1,P002,Britannia Good Day 600g,Snacks,South,165,44,44,41,120,0,Sunny,0,130.47,Low
2024-01-05,1,P003,Aashirvaad Atta 5kg,Staples,South,153,69,82,71,248,0,Stormy,0,272.31,Low
2024-01-05,1,P004,Maggi 2-Minute Noodles,Snacks,South,179,20,36,22,48,0,Sunny,0,50.01,Low
2024-01-05,1,P005,Tata Salt 1kg,Staples,South,296,57,59,53,22,0,Stormy,0,20.16,Low
2024-01-05,1,P006,Coca-Cola 600ml,Beverages,South,222,19,38,14,40,15,Stormy,0,43.12,Low
2024-01-05,1,P007,Parle-G 800g,Snacks,South,141,46,47,42,65,20,Rainy,0,62.77,Low
2024-01-05,1,P008,Surf Excel 1kg,Cleaning,South,229,83,92,83,220,20,Cloudy,0,203.59,Low
2024-01-05,1,P009,Amul Butter 500g,Dairy,South,102,49,60,48,275,20,Stormy,0,250.34,Low
2024-01-05,1,P010,Red Label Tea 500g,Beverages,South,148,75,82,73,255,10,Cloudy,1,265.94,Low
2024-01-06,1,P001,Amul Taaza Toned Milk 1L,Dairy,South,169,55,73,59,58,20,Cloudy,0,54.34,Low
2024-01-06,1,P002,Britannia Good Day 600g,Snacks,South,189,52,52,56,120,0,Sunny,0,114.01,Low
2024-01-06,1,P003,Aashirvaad Atta 5kg,Staples,South,138,99,106,98,248,0,Stormy,0,259.8,Low
2024-01-06,1,P004,Maggi 2-Minute Noodles,Snacks,South,125,23,38,20,48,10,Cloudy,0,46.48,Low
2024-01-06,1,P005,Tata Salt 1kg,Staples,South,96,55,71,53,22,10,Stormy,1,20.23,Low
2024-01-06,1,P006,Coca-Cola 600ml,Beverages,South,149,83,83,82,40,20,Cloudy,0,43.59,Low
2024-01-06,1,P007,Parle-G 800g,Snacks,South,229,62,71,66,65,0,Cloudy,1,69.63,Low
2024-01-06,1,P008,Surf Excel 1kg,Cleaning,South,53,33,48,35,220,20,Cloudy,0,236.16,Low
2024-01-06,1,P009,Amul Butter 500g,Dairy,South,201,75,86,71,275,0,Stormy,0,272.7,Low
2024-01-06,1,P010,Red Label Tea 500g,Beverages,South,150,91,102,88,255,0,Sunny,1,275.67,Low
2024-01-07,1,P001,Amul Taaza Toned Milk 1L,Dairy,South,61,83,96,79,58,10,Rainy,0,60.12,Low
2024-01-07,1,P002,Britannia Good Day 600g,Snacks,South,142,43,52,47,120,15,Cloudy,0,114.76,Low
2024-01-07,1,P003,Aashirvaad Atta 5kg,Staples,South,286,36,46,38,248,5,Sunny,0,271.19,Low
2024-01-07,1,P004,Maggi 2-Minute Noodles,Snacks,South,150,70,78,72,48,0,Sunny,0,47.16,Low
2024-01-07,1,P005,Tata Salt 1kg,Staples,South,280,54,58,49,22,20,Sunny,0,23.12,Low
2024-01-07,1,P006,Coca-Cola 600ml,Beverages,South,162,84,103,87,40,15,Sunny,0,36.8,Low
2024-01-07,1,P007,Parle-G 800g,Snacks,South,238,72,80,69,65,5,Sunny,0,70.94,Low
2024-01-07,1,P008,Surf Excel 1kg,Cleaning,South,132,74,88,73,220,10,Rainy,1,212.46,Low
2024-01-07,1,P009,Amul Butter 500g,Dairy,South,102,94,109,97,275,20,Sunny,0,274.69,Low
2024-01-07,1,P010,Red Label Tea 500g,Beverages,South,272,78,82,75,255,20,Sunny,0,265.5,Low
2024-01-08,1,P001,Amul Taaza Toned Milk 1L,Dairy,South,58,67,76,71,58,5,Sunny,0,61.93,Low
2024-01-08,1,P002,Britannia Good Day 600g,Snacks,South,217,67,76,70,120,0,Rainy,0,111.52,Low
2024-01-08,1,P003,Aashirvaad Atta 5kg,Staples,South,215,42,60,44,248,10,Sunny,0,263.51,Low
2024-01-08,1,P004,Maggi 2-Minute Noodles,Snacks,South,181,28,31,28,48,5,Rainy,0,50.66,Low
2024-01-08,1,P005,Tata Salt 1kg,Staples,South,140,69,78,73,22,0,Rainy,0,21.97,Low
2024-01-08,1,P006,Coca-Cola 600ml,Beverages,South,269,39,58,41,40,10,Rainy,0,41.95,Low
2024-01-08,1,P007,Parle-G 800g,Snacks,South,141,24,40,27,65,0,Cloudy,0,71.02,Low
2024-01-08,1,P008,Surf Excel 1kg,Cleaning,South,209,65,77,64,220,15,Sunny,0,238.44,Low
2024-01-08,1,P009,Amul Butter 500g,Dairy,South,196,47,66,50,275,0,Rainy,0,259.42,Low
2024-01-08,1,P010,Red Label Tea 500g,Beverages,South,166,24,26,25,255,0,Rainy,1,278.39,Low
2024-01-09,1,P001,Amul Taaza Toned Milk 1L,Dairy,South,151,32,43,34,58,5,Sunny,1,54.17,Low
2024-01-09,1,P002,Britannia Good Day 600g,Snacks,South,235,52,69,51,120,0,Stormy,1,118.88,Low
2024-01-09,1,P003,Aashirvaad Atta 5kg,Staples,South,210,34,53,31,248,10,Cloudy,0,243.87,Low
2024-01-09,1,P004,Maggi 2-Minute Noodles,Snacks,South,202,28,29,32,48,15,Cloudy,0,43.63,Low
2024-01-09,1,P005,Tata Salt 1kg,Staples,South,167,64,64,60,22,20,Sunny,0,22.41,Low
2024-01-09,1,P006,Coca-Cola 600ml,Beverages,South,254,50,50,46,40,0,Rainy,0,38.19,Low
2024-01-09,1,P007,Parle-G 800g,Snacks,South,269,62,78,61,65,20,Sunny,0,70.37,Low
2024-01-09,1,P008,Surf Excel 1kg,Cleaning,South,102,36,40,40,220,0,Rainy,0,208.61,Low
2024-01-09,1,P009,Amul Butter 500g,Dairy,South,50,31,49,29,275,15,Sunny,0,289.13,Low
2024-01-09,1,P010,Red Label Tea 500g,Beverages,South,88,50,51,50,255,15,Rainy,0,245.2,Low
2024-01-10,1,P001,Amul Taaza Toned Milk 1L,Dairy,South,182,21,37,22,58,20,Sunny,0,59.62,Low
2024-01-10,1,P002,Britannia Good Day 600g,Snacks,South,152,38,43,34,120,15,Cloudy,0,123.28,Low
2024-01-10,1,P003,Aashirvaad Atta 5kg,Staples,South,240,42,43,40,248,0,Cloudy,0,262.07,Low
2024-01-10,1,P004,Maggi 2-Minute Noodles,Snacks,South,100,78,94,77,48,10,Stormy,0,52.1,Low
2024-01-10,1,P005,Tata Salt 1kg,Staples,South,133,35,39,31,22,15,Sunny,0,21.25,Low
2024-01-10,1,P006,Coca-Cola 600ml,Beverages,South,289,62,72,59,40,20,Sunny,0,37.02,Low
2024-01-10,1,P007,Parle-G 800g,Snacks,South,167,50,65,52,65,5,Stormy,1,62.99,Low
2024-01-10,1,P008,Surf Excel 1kg,Cleaning,South,204,14,31,18,220,0,Rainy,0,205.43,Low
2024-01-10,1,P009,Amul Butter 500g,Dairy,South,110,46,51,41,275,10,Sunny,1,258.85,Low
2024-01-10,1,P010,Red Label Tea 500g,Beverages,South,127,59,71,62,255,0,Sunny,0,261.52,Low
2024-01-11,1,P001,Amul Taaza Toned Milk 1L,Dairy,South,112,66,81,61,58,0,Stormy,0,53.18,Low
2024-01-11,1,P002,Britannia Good Day 600g,Snacks,South,256,63,77,65,120,15,Cloudy,0,126.24,Low
2024-01-11,1,P003,Aashirvaad Atta 5kg,Staples,South,158,24,37,26,248,0,Rainy,0,267.6,Low
2024-01-11,1,P004,Maggi 2-Minute Noodles,Snacks,South,288,65,77,61,48,0,Cloudy,0,47.01,Low
2024-01-11,1,P005,Tata Salt 1kg,Staples,South,77,38,47,39,22,0,Sunny,0,20.19,Low
2024-01-11,1,P006,Coca-Cola 600ml,Beverages,South,62,69,88,72,40,5,Cloudy,0,41.19,Low
2024-01-11,1,P007,Parle-G 800g,Snacks,South,277,41,55,41,65,0,Rainy,1,66.12,Low
2024-01-11,1,P008,Surf Excel 1kg,Cleaning,South,91,71,79,70,220,15,Stormy,0,224.73,Low
2024-01-11,1,P009,Amul Butter 500g,Dairy,South,247,80,84,83,275,0,Sunny,0,259.89,Low
2024-01-11,1,P010,Red Label Tea 500g,Beverages,South,53,30,40,32,255,20,Sunny,0,232.13,Low
2024-01-12,1,P001,Amul Taaza Toned Milk 1L,Dairy,South,278,47,50,49,58,20,Cloudy,0,58.88,Low
2024-01-12,1,P002,Britannia Good Day 600g,Snacks,South,128,23,28,23,120,0,Cloudy,1,125.35,Low
2024-01-12,1,P003,Aashirvaad Atta 5kg,Staples,South,128,67,77,69,248,0,Rainy,0,261.37,Low
2024-01-12,1,P004,Maggi 2-Minute Noodles,Snacks,South,68,18,37,13,48,5,Sunny,1,44.3,Low
2024-01-12,1,P005,Tata Salt 1kg,Staples,South,113,48,53,47,22,15,Rainy,0,21.92,Low
2024-01-12,1,P006,Coca-Cola 600ml,Beverages,South,210,54,59,50,40,0,Sunny,0,40.39,Low
2024-01-12,1,P007,Parle-G 800g,Snacks,South,217,23,24,21,65,0,Rainy,0,58.54,Low
2024-01-12,1,P008,Surf Excel 1kg,Cleaning,South,192,28,33,29,220,0,Cloudy,0,238.9,Low
2024-01-12,1,P009,Amul Butter 500g,Dairy,South,227,80,93,79,275,0,Sunny,0,257.47,Low
2024-01-12,1,P010,Red Label Tea 500g,Beverages,South,89,44,51,47,255,10,Cloudy,1,237.85,Low
2024-01-13,1,P001,Amul Taaza Toned Milk 1L,Dairy,South,54,46,64,50,58,15,Stormy,0,62.38,Low
2024-01-13,1,P002,Britannia Good Day 600g,Snacks,South,89,64,71,65,120,15,Stormy,0,122.98,Low
2024-01-13,1,P003,Aashirvaad Atta 5kg,Staples,South,274,71,87,66,248,20,Rainy,0,250.16,Low
2024-01-13,1,P004,Maggi 2-Minute Noodles,Snacks,South,228,73,79,70,48,15,Cloudy,0,49.23,Low
2024-01-13,1,P005,Tata Salt 1kg,Staples,South,241,34,53,29,22,5,Cloudy,0,22.32,Low
2024-01-13,1,P006,Coca-Cola 600ml,Beverages,South,234,57,57,56,40,0,Rainy,0,36.27,Low
2024-01-13,1,P007,Parle-G 800g,Snacks,South,59,44,48,48,65,0,Cloudy,0,65.47,Low
2024-01-13,1,P008,Surf Excel 1kg,Cleaning,South,158,78,97,80,220,20,Sunny,1,204.6,Low
2024-01-13,1,P009,Amul Butter 500g,Dairy,South,125,78,90,74,275,0,Rainy,0,285.67,Low
2024-01-13,1,P010,Red Label Tea 500g,Beverages,South,76,71,75,69,255,0,Cloudy,0,246.97,Low
2024-01-14,1,P001,Amul Taaza Toned Milk 1L,Dairy,South,72,29,43,33,58,15,Rainy,1,62.78,Low
2024-01-14,1,P002,Britannia Good Day 600g,Snacks,South,266,83,83,85,120,5,Rainy,1,110.45,Low
2024-01-14,1,P003,Aashirvaad Atta 5kg,Staples,South,182,80,84,82,248,20,Cloudy,0,251.78,Low
2024-01-14,1,P004,Maggi 2-Minute Noodles,Snacks,South,295,98,116,100,48,0,Cloudy,0,47.53,Low
2024-01-14,1,P005,Tata Salt 1kg,Staples,South,198,78,91,76,22,15,Rainy,0,21.26,Low
2024-01-14,1,P006,Coca-Cola 600ml,Beverages,South,217,102,116,101,40,20,Sunny,0,38.68,Low
2024-01-14,1,P007,Parle-G 800g,Snacks,South,84,90,109,93,65,0,Rainy,0,63.0,Low
2024-01-14,1,P008,Surf Excel 1kg,Cleaning,South,140,39,55,36,220,15,Stormy,0,219.93,Low
2024-01-14,1,P009,Amul Butter 500g,Dairy,South,226,22,32,22,275,0,Stormy,0,283.99,Low
2024-01-14,1,P010,Red Label Tea 500g,Beverages,South,133,39,47,34,255,5,Cloudy,0,233.85,Low
2024-01-15,1,P001,Amul Taaza Toned Milk 1L,Dairy,South,120,65,65,66,58,0,Rainy,1,62.62,Low
2024-01-15,1,P002,Britannia Good Day 600g,Snacks,South,222,57,72,59,120,0,Cloudy,0,126.61,Low
2024-01-15,1,P003,Aashirvaad Atta 5kg,Staples,South,243,73,89,69,248,15,Cloudy,0,230.9,Low
2024-01-15,1,P004,Maggi 2-Minute Noodles,Snacks,South,206,17,23,14,48,0,Cloudy,0,49.38,Low
2024-01-15,1,P005,Tata Salt 1kg,Staples,South,136,69,86,70,22,10,Stormy,0,22.23,Low
2024-01-15,1,P006,Coca-Cola 600ml,Beverages,South,103,19,33,18,40,0,Rainy,0,40.45,Low
2024-01-15,1,P007,Parle-G 800g,Snacks,South,84,18,31,20,65,15,Rainy,1,63.66,Low
2024-01-15,1,P008,Surf Excel 1kg,Cleaning,South,272,59,74,55,220,20,Cloudy,0,230.38,Low
2024-01-15,1,P009,Amul Butter 500g,Dairy,South,161,48,66,46,275,10,Stormy,0,296.6,Low
2024-01-15,1,P010,Red Label Tea 500g,Beverages,South,197,60,70,64,255,20,Cloudy,0,259.61,Low
2024-01-16,1,P001,Amul Taaza Toned Milk 1L,Dairy,South,54,40,44,40,58,15,Sunny,0,62.19,Low
2024-01-16,1,P002,Britannia Good Day 600g,Snacks,South,299,63,74,65,120,0,Cloudy,0,119.7,Low
2024-01-16,1,P003,Aashirvaad Atta 5kg,Staples,South,163,71,89,66,248,15,Sunny,1,257.86,Low
2024-01-16,1,P004,Maggi 2-Minute Noodles,Snacks,South,250,40,50,38,48,0,Cloudy,0,44.85,Low
2024-01-16,1,P005,Tata Salt 1kg,Staples,South,124,36,41,32,22,10,Cloudy,1,21.99,Low
2024-01-16,1,P006,Coca-Cola 600ml,Beverages,South,214,59,64,63,40,5,Rainy,0,36.09,Low
2024-01-16,1,P007,Parle-G 800g,Snacks,South,268,35,42,31,65,5,Sunny,0,64.93,Low
2024-01-16,1,P008,Surf Excel 1kg,Cleaning,South,194,31,44,27,220,5,Cloudy,0,206.11,Low
2024-01-16,1,P009,Amul Butter 500g,Dairy,South,164,65,75,67,275,0,Stormy,1,287.05,Low
2024-01-16,1,P010,Red Label Tea 500g,Beverages,South,276,55,56,56,255,20,Stormy,0,236.39,Low
2024-01-17,1,P001,Amul Taaza Toned Milk 1L,Dairy,South,299,65,68,63,58,0,Rainy,1,52.8,Low
2024-01-17,1,P002,Britannia Good Day 600g,Snacks,South,284,80,81,83,120,0,Cloudy,0,116.27,Low
2024-01-17,1,P003,Aashirvaad Atta 5kg,Staples,South,178,65,75,67,248,0,Sunny,0,226.97,Low
2024-01-17,1,P004,Maggi 2-Minute Noodles,Snacks,South,157,63,74,60,48,15,Cloudy,0,44.19,Low
2024-01-17,1,P005,Tata Salt 1kg,Staples,South,236,57,73,52,22,0,Sunny,0,22.09,Low
2024-01-17,1,P006,Coca-Cola 600ml,Beverages,South,265,36,54,38,40,20,Sunny,0,41.27,Low
2024-01-17,1,P007,Parle-G 800g,Snacks,South,247,78,85,81,65,0,Sunny,1,61.38,Low
2024-01-17,1,P008,Surf Excel 1kg,Cleaning,South,158,43,57,47,220,20,Sunny,0,222.46,Low
2024-01-17,1,P009,Amul Butter 500g,Dairy,South,63,37,51,36,275,20,Sunny,0,298.34,Low
2024-01-17,1,P010,Red Label Tea 500g,Beverages,South,272,76,95,77,255,0,Cloudy,0,271.77,Low
2024-01-18,1,P001,Amul Taaza Toned Milk 1L,Dairy,South,208,39,41,35,58,0,Sunny,0,56.14,Low
2024-01-18,1,P002,Britannia Good Day 600g,Snacks,South,88,75,89,77,120,0,Stormy,0,123.88,Low
2024-01-18,1,P003,Aashirvaad Atta 5kg,Staples,South,210,39,54,43,248,5,Cloudy,0,224.41,Low
2024-01-18,1,P004,Maggi 2-Minute Noodles,Snacks,South,207,52,64,48,48,0,Rainy,0,43.29,Low
2024-01-18,1,P005,Tata Salt 1kg,Staples,South,270,54,65,57,22,5,Rainy,0,23.18,Low
2024-01-18,1,P006,Coca-Cola 600ml,Beverages,South,133,40,44,35,40,15,Sunny,0,39.74,Low
2024-01-18,1,P007,Parle-G 800g,Snacks,South,117,82,99,81,65,0,Stormy,0,70.33,Low
2024-01-18,1,P008,Surf Excel 1kg,Cleaning,South,192,32,48,35,220,5,Stormy,0,239.8,Low
2024-01-18,1,P009,Amul Butter 500g,Dairy,South,173,56,61,57,275,20,Cloudy,1,273.21,Low
2024-01-18,1,P010,Red Label Tea 500g,Beverages,South,202,23,29,21,255,5,Rainy,1,277.58,Low
2024-01-19,1,P001,Amul Taaza Toned Milk 1L,Dairy,South,286,81,94,85,58,0,Cloudy,0,54.76,Low
2024-01-19,1,P002,Britannia Good Day 600g,Snacks,South,169,60,65,59,120,10,Cloudy,0,113.19,Low
2024-01-19,1,P003,Aashirvaad Atta 5kg,Staples,South,69,20,36,24,248,0,Cloudy,0,257.72,Low
2024-01-19,1,P004,Maggi 2-Minute Noodles,Snacks,South,209,35,37,35,48,10,Stormy,0,48.35,Low
2024-01-19,1,P005,Tata Salt 1kg,Staples,South,191,21,25,17,22,0,Sunny,1,20.97,Low
2024-01-19,1,P006,Coca-Cola 600ml,Beverages,South,244,45,46,49,40,0,Rainy,1,43.45,Low
2024-01-19,1,P007,Parle-G 800g,Snacks,South,265,21,35,21,65,0,Sunny,1,64.95,Low
2024-01-19,1,P008,Surf Excel 1kg,Cleaning,South,109,19,34,18,220,10,Sunny,0,219.79,Low
2024-01-19,1,P009,Amul Butter 500g,Dairy,South,235,59,61,61,275,0,Stormy,0,295.05,Low
2024-01-19,1,P010,Red Label Tea 500g,Beverages,South,265,47,65,49,255,5,Sunny,0,273.73,Low
2024-01-20,1,P001,Amul Taaza Toned Milk 1L,Dairy,South,156,80,92,83,58,10,Cloudy,1,59.38,Low
2024-01-20,1,P002,Britannia Good Day 600g,Snacks,South,182,70,80,74,120,0,Rainy,0,127.82,Low
2024-01-20,1,P003,Aashirvaad Atta 5kg,Staples,South,230,37,43,33,248,5,Cloudy,0,260.73,Low
2024-01-20,1,P004,Maggi 2-Minute Noodles,Snacks,South,243,36,48,31,48,0,Sunny,1,45.69,Low
2024-01-20,1,P005,Tata Salt 1kg,Staples,South,212,104,119,104,22,0,Cloudy,0,22.18,Low
2024-01-20,1,P006,Coca-Cola 600ml,Beverages,South,112,57,71,56,40,10,Cloudy,1,37.39,Low
2024-01-20,1,P007,Parle-G 800g,Snacks,South,117,78,94,78,65,0,Cloudy,0,63.0,Low
2024-01-20,1,P008,Surf Excel 1kg,Cleaning,South,99,65,78,63,220,0,Rainy,1,231.36,Low
2024-01-20,1,P009,Amul Butter 500g,Dairy,South,82,33,38,30,275,0,Cloudy,0,272.02,Low
2024-01-20,1,P010,Red Label Tea 500g,Beverages,South,78,75,78,70,255,0,Sunny,0,237.84,Low
2024-01-21,1,P001,Amul Taaza Toned Milk 1L,Dairy,South,165,96,97,94,58,15,Rainy,0,62.27,Low
2024-01-21,1,P002,Britannia Good Day 600g,Snacks,South,257,85,89,83,120,15,Rainy,0,118.62,Low
2024-01-21,1,P003,Aashirvaad Atta 5kg,Staples,South,107,91,96,87,248,10,Rainy,1,266.26,Low
2024-01-21,1,P004,Maggi 2-Minute Noodles,Snacks,South,67,56,70,58,48,5,Cloudy,0,51.54,Low
2024-01-21,1,P005,Tata Salt 1kg,Staples,South,128,90,103,86,22,5,Rainy,0,23.31,Low
2024-01-21,1,P006,Coca-Cola 600ml,Beverages,South,197,73,86,76,40,15,Cloudy,0,37.0,Low
2024-01-21,1,P007,Parle-G 800g,Snacks,South,277,90,98,90,65,0,Stormy,0,66.97,Low
2024-01-21,1,P008,Surf Excel 1kg,Cleaning,South,137,84,91,79,220,10,Cloudy,0,215.27,Low
2024-01-21,1,P009,Amul Butter 500g,Dairy,South,144,88,93,91,275,0,Stormy,0,297.43,Low
2024-01-21,1,P010,Red Label Tea 500g,Beverages,South,137,47,55,42,255,5,Sunny,0,236.77,Low
2024-01-22,1,P001,Amul Taaza Toned Milk 1L,Dairy,South,210,44,53,46,58,0,Stormy,0,58.21,Low
2024-01-22,1,P002,Britannia Good Day 600g,Snacks,South,254,50,50,48,120,0,Cloudy,0,111.19,Low
2024-01-22,1,P003,Aashirvaad Atta 5kg,Staples,South,171,61,78,57,248,0,Rainy,1,228.39,Low
2024-01-22,1,P004,Maggi 2-Minute Noodles,Snacks,South,172,22,27,25,48,15,Sunny,0,49.08,Low
2024-01-22,1,P005,Tata Salt 1kg,Staples,South,253,67,74,69,22,0,Stormy,0,23.25,Low
2024-01-22,1,P006,Coca-Cola 600ml,Beverages,South,252,62,81,60,40,15,Cloudy,0,39.62,Low
2024-01-22,1,P007,Parle-G 800g,Snacks,South,237,20,29,16,65,15,Stormy,0,66.95,Low
2024-01-22,1,P008,Surf Excel 1kg,Cleaning,South,292,46,64,47,220,15,Stormy,0,206.01,Low
2024-01-22,1,P009,Amul Butter 500g,Dairy,South,93,82,99,82,275,0,Rainy,0,265.78,Low
2024-01-22,1,P010,Red Label Tea 500g,Beverages,South,108,73,75,77,255,0,Rainy,0,233.18,Low
2024-01-23,1,P001,Amul Taaza Toned Milk 1L,Dairy,South,184,24,35,19,58,15,Sunny,0,57.02,Low
2024-01-23,1,P002,Britannia Good Day 600g,Snacks,South,86,52,55,50,120,5,Stormy,0,128.81,Low
2024-01-23,1,P003,Aashirvaad Atta 5kg,Staples,South,213,49,50,47,248,0,Rainy,0,262.53,Low
2024-01-23,1,P004,Maggi 2-Minute Noodles,Snacks,South,292,57,75,61,48,15,Sunny,1,46.88,Low
2024-01-23,1,P005,Tata Salt 1kg,Staples,South,70,34,48,29,22,0,Cloudy,1,21.58,Low
2024-01-23,1,P006,Coca-Cola 600ml,Beverages,South,221,48,61,44,40,20,Sunny,0,36.55,Low
2024-01-23,1,P007,Parle-G 800g,Snacks,South,63,64,70,67,65,5,Cloudy,0,60.63,Low
2024-01-23,1,P008,Surf Excel 1kg,Cleaning,South,212,69,73,68,220,20,Sunny,1,224.34,Low
2024-01-23,1,P009,Amul Butter 500g,Dairy,South,200,57,71,61,275,0,Cloudy,0,265.7,Low
2024-01-23,1,P010,Red Label Tea 500g,Beverages,South,125,47,55,42,255,10,Stormy,1,260.97,Low
2024-01-24,1,P001,Amul Taaza Toned Milk 1L,Dairy,South,77,29,39,28,58,20,Sunny,1,57.71,Low
2024-01-24,1,P002,Britannia Good Day 600g,Snacks,South,105,69,83,69,120,5,Rainy,0,108.82,Low
2024-01-24,1,P003,Aashirvaad Atta 5kg,Staples,South,250,24,28,22,248,0,Sunny,0,229.26,Low
2024-01-24,1,P004,Maggi 2-Minute Noodles,Snacks,South,294,19,23,14,48,0,Rainy,0,49.81,Low
2024-01-24,1,P005,Tata Salt 1kg,Staples,South,265,46,56,42,22,0,Cloudy,0,23.62,Low
2024-01-24,1,P006,Coca-Cola 600ml,Beverages,South,220,54,71,55,40,5,Cloudy,1,37.01,Low
2024-01-24,1,P007,Parle-G 800g,Snacks,South,129,73,90,77,65,5,Rainy,1,71.11,Low
2024-01-24,1,P008,Surf Excel 1kg,Cleaning,South,206,17,22,16,220,20,Cloudy,0,228.48,Low
2024-01-24,1,P009,Amul Butter 500g,Dairy,South,251,74,91,70,275,0,Cloudy,1,295.05,Low
2024-01-24,1,P010,Red Label Tea 500g,Beverages,South,268,69,76,72,255,15,Stormy,0,260.13,Low
2024-01-25,1,P001,Amul Taaza Toned Milk 1L,Dairy,South,191,55,70,54,58,0,Cloudy,0,59.83,Low
2024-01-25,1,P002,Britannia Good Day 600g,Snacks,South,112,64,72,59,120,0,Sunny,1,126.06,Low
2024-01-25,1,P003,Aashirvaad Atta 5kg,Staples,South,208,74,82,72,248,0,Sunny,0,239.42,Low
2024-01-25,1,P004,Maggi 2-Minute Noodles,Snacks,South,247,65,66,61,48,10,Sunny,0,47.38,Low
2024-01-25,1,P005,Tata Salt 1kg,Staples,South,137,20,26,23,22,10,Rainy,0,21.41,Low
2024-01-25,1,P006,Coca-Cola 600ml,Beverages,South,198,30,48,33,40,0,Sunny,1,38.99,Low
2024-01-25,1,P007,Parle-G 800g,Snacks,South,267,58,68,55,65,15,Cloudy,0,68.37,Low
2024-01-25,1,P008,Surf Excel 1kg,Cleaning,South,134,20,27,16,220,15,Stormy,0,233.81,Low
2024-01-25,1,P009,Amul Butter 500g,Dairy,South,182,45,46,44,275,20,Stormy,1,280.93,Low
2024-01-25,1,P010,Red Label Tea 500g,Beverages,South,95,62,79,61,255,20,Rainy,0,275.23,Low
2024-01-26,1,P001,Amul Taaza Toned Milk 1L,Dairy,South,74,76,79,73,58,20,Stormy,0,57.76,Low
2024-01-26,1,P002,Britannia Good Day 600g,Snacks,South,127,29,32,28,120,5,Cloudy,0,130.31,Low
2024-01-26,1,P003,Aashirvaad Atta 5kg,Staples,South,185,39,54,43,248,5,Cloudy,0,243.04,Low
2024-01-26,1,P004,Maggi 2-Minute Noodles,Snacks,South,139,25,35,26,48,20,Stormy,0,50.88,Low
2024-01-26,1,P005,Tata Salt 1kg,Staples,South,240,46,62,50,22,10,Cloudy,1,24.04,Low
2024-01-26,1,P006,Coca-Cola 600ml,Beverages,South,103,19,19,21,40,10,Cloudy,0,43.61,Low
2024-01-26,1,P007,Parle-G 800g,Snacks,South,75,72,80,76,65,0,Sunny,0,70.28,Low
2024-01-26,1,P008,Surf Excel 1kg,Cleaning,South,98,48,52,46,220,0,Stormy,0,235.45,Low
2024-01-26,1,P009,Amul Butter 500g,Dairy,South,138,57,74,54,275,5,Cloudy,0,270.82,Low
2024-01-26,1,P010,Red Label Tea 500g,Beverages,South,98,28,30,24,255,0,Rainy,0,234.38,Low
2024-01-27,1,P001,Amul Taaza Toned Milk 1L,Dairy,South,192,81,83,82,58,0,Cloudy,0,56.73,Low
2024-01-27,1,P002,Britannia Good Day 600g,Snacks,South,113,89,91,90,120,10,Cloudy,0,118.63,Low
2024-01-27,1,P003,Aashirvaad Atta 5kg,Staples,South,290,73,83,74,248,5,Cloudy,0,253.12,Low
2024-01-27,1,P004,Maggi 2-Minute Noodles,Snacks,South,81,73,79,71,48,10,Sunny,1,45.04,Low
2024-01-27,1,P005,Tata Salt 1kg,Staples,South,172,25,30,28,22,20,Stormy,0,22.08,Low
2024-01-27,1,P006,Coca-Cola 600ml,Beverages,South,221,21,28,21,40,0,Rainy,0,37.85,Low
2024-01-27,1,P007,Parle-G 800g,Snacks,South,135,92,97,88,65,20,Stormy,0,63.22,Low
2024-01-27,1,P008,Surf Excel 1kg,Cleaning,South,264,61,80,63,220,15,Stormy,0,240.14,Low
2024-01-27,1,P009,Amul Butter 500g,Dairy,South,298,45,60,49,275,15,Cloudy,0,292.7,Low
2024-01-27,1,P010,Red Label Tea 500g,Beverages,South,193,46,57,48,255,5,Rainy,1,249.01,Low
2024-01-28,1,P001,Amul Taaza Toned Milk 1L,Dairy,South,153,62,66,60,58,5,Sunny,0,59.99,Low
2024-01-28,1,P002,Britannia Good Day 600g,Snacks,South,199,45,62,47,120,20,Stormy,0,122.6,Low
2024-01-28,1,P003,Aashirvaad Atta 5kg,Staples,South,293,35,36,33,248,0,Rainy,0,240.15,Low
2024-01-28,1,P004,Maggi 2-Minute Noodles,Snacks,South,268,69,77,64,48,0,Rainy,1,45.89,Low
2024-01-28,1,P005,Tata Salt 1kg,Staples,South,259,51,56,48,22,15,Rainy,0,24.17,Low
2024-01-28,1,P006,Coca-Cola 600ml,Beverages,South,283,81,92,76,40,0,Cloudy,0,41.02,Low
2024-01-28,1,P007,Parle-G 800g,Snacks,South,207,62,75,62,65,0,Stormy,0,62.46,Low
2024-01-28,1,P008,Surf Excel 1kg,Cleaning,South,198,40,42,36,220,0,Cloudy,0,213.23,Low
2024-01-28,1,P009,Amul Butter 500g,Dairy,South,59,57,58,60,275,10,Cloudy,0,298.25,Low
2024-01-28,1,P010,Red Label Tea 500g,Beverages,South,159,32,47,32,255,15,Sunny,1,255.13,Low
2024-01-29,1,P001,Amul Taaza Toned Milk 1L,Dairy,South,74,55,67,54,58,0,Stormy,0,52.5,Low
2024-01-29,1,P002,Britannia Good Day 600g,Snacks,South,117,48,60,46,120,0,Sunny,1,128.43,Low
2024-01-29,1,P003,Aashirvaad Atta 5kg,Staples,South,179,51,69,48,248,10,Rainy,0,246.01,Low
2024-01-29,1,P004,Maggi 2-Minute Noodles,Snacks,South,227,21,35,24,48,20,Rainy,0,44.57,Low
2024-01-29,1,P005,Tata Salt 1kg,Staples,South,164,31,37,26,22,5,Stormy,0,20.81,Low
2024-01-29,1,P006,Coca-Cola 600ml,Beverages,South,173,52,71,50,40,5,Stormy,0,39.41,Low
2024-01-29,1,P007,Parle-G 800g,Snacks,South,240,65,67,66,65,0,Stormy,0,69.26,Low
2024-01-29,1,P008,Surf Excel 1kg,Cleaning,South,232,50,51,49,220,15,Cloudy,0,223.61,Low
2024-01-29,1,P009,Amul Butter 500g,Dairy,South,182,38,38,37,275,0,Cloudy,0,301.17,Low
2024-01-29,1,P010,Red Label Tea 500g,Beverages,South,222,31,34,26,255,0,Sunny,1,262.45,Low
2024-01-30,1,P001,Amul Taaza Toned Milk 1L,Dairy,South,232,49,52,45,58,5,Stormy,1,59.76,Low
2024-01-30,1,P002,Britannia Good Day 600g,Snacks,South,270,52,71,52,120,0,Sunny,0,129.41,Low
2024-01-30,1,P003,Aashirvaad Atta 5kg,Staples,South,169,66,74,69,248,0,Cloudy,1,226.99,Low
2024-01-30,1,P004,Maggi 2-Minute Noodles,Snacks,South,291,51,58,50,48,5,Rainy,0,49.53,Low
2024-01-30,1,P005,Tata Salt 1kg,Staples,South,226,75,89,70,22,5,Rainy,1,23.68,Low
2024-01-30,1,P006,Coca-Cola 600ml,Beverages,South,242,25,29,27,40,10,Stormy,0,41.97,Low
2024-01-30,1,P007,Parle-G 800g,Snacks,South,228,22,24,24,65,0,Sunny,1,68.09,Low
2024-01-30,1,P008,Surf Excel 1kg,Cleaning,South,277,80,90,78,220,20,Rainy,0,232.49,Low
2024-01-30,1,P009,Amul Butter 500g,Dairy,South,235,70,74,69,275,15,Cloudy,1,251.28,Low
2024-01-30,1,P010,Red Label Tea 500g,Beverages,South,160,24,39,19,255,20,Stormy,1,241.12,Low
2024-01-31,1,P001,Amul Taaza Toned Milk 1L,Dairy,South,256,19,36,16,58,0,Stormy,0,55.22,Low
2024-01-31,1,P002,Britannia Good Day 600g,Snacks,South,266,58,75,62,120,10,Stormy,1,119.38,Low
2024-01-31,1,P003,Aashirvaad Atta 5kg,Staples,South,230,23,38,19,248,0,Cloudy,0,228.7,Low
2024-01-31,1,P004,Maggi 2-Minute Noodles,Snacks,South,202,35,42,39,48,0,Cloudy,0,45.83,Low
2024-01-31,1,P005,Tata Salt 1kg,Staples,South,81,40,58,35,22,10,Rainy,0,23.39,Low
2024-01-31,1,P006,Coca-Cola 600ml,Beverages,South,290,70,81,73,40,20,Cloudy,0,42.04,Low
2024-01-31,1,P007,Parle-G 800g,Snacks,South,95,37,44,38,65,20,Stormy,1,60.81,Low
2024-01-31,1,P008,Surf Excel 1kg,Cleaning,South,138,41,53,37,220,0,Sunny,0,229.94,Low
2024-01-31,1,P009,Amul Butter 500g,Dairy,South,144,53,67,50,275,20,Stormy,1,287.8,Low
2024-01-31,1,P010,Red Label Tea 500g,Beverages,South,238,56,56,58,255,0,Rainy,0,258.32,Low
2024-02-01,1,P001,Amul Taaza Toned Milk 1L,Dairy,South,157,44,58,47,58,10,Rainy,1,57.55,Low
2024-02-01,1,P002,Britannia Good Day 600g,Snacks,South,178,32,43,31,120,0,Sunny,1,110.38,Low
2024-02-01,1,P003,Aashirvaad Atta 5kg,Staples,South,147,50,60,53,248,0,Sunny,1,263.63,Low
2024-02-01,1,P004,Maggi 2-Minute Noodles,Snacks,South,218,37,52,40,48,5,Stormy,0,51.34,Low
2024-02-01,1,P005,Tata Salt 1kg,Staples,South,258,78,91,81,22,0,Sunny,0,22.78,Low
2024-02-01,1,P006,Coca-Cola 600ml,Beverages,South,272,43,48,45,40,0,Sunny,0,38.95,Low
2024-02-01,1,P007,Parle-G 800g,Snacks,South,187,32,34,36,65,10,Cloudy,0,58.52,Low
2024-02-01,1,P008,Surf Excel 1kg,Cleaning,South,87,57,70,55,220,5,Sunny,0,202.09,Low
2024-02-01,1,P009,Amul Butter 500g,Dairy,South,53,70,83,67,275,10,Stormy,0,278.38,Low
2024-02-01,1,P010,Red Label Tea 500g,Beverages,South,207,14,31,11,255,20,Stormy,1,245.93,Low
2024-02-02,1,P001,Amul Taaza Toned Milk 1L,Dairy,South,199,73,85,77,58,15,Sunny,0,61.77,Low
2024-02-02,1,P002,Britannia Good Day 600g,Snacks,South,222,43,46,44,120,0,Rainy,0,110.13,Low
2024-02-02,1,P003,Aashirvaad Atta 5kg,Staples,South,269,77,91,80,248,5,Cloudy,0,231.8,Low
2024-02-02,1,P004,Maggi 2-Minute Noodles,Snacks,South,197,18,33,18,48,20,Cloudy,1,46.88,Low
2024-02-02,1,P005,Tata Salt 1kg,Staples,South,118,33,52,37,22,0,Rainy,0,22.88,Low
2024-02-02,1,P006,Coca-Cola 600ml,Beverages,South,247,51,67,48,40,10,Rainy,0,42.82,Low
2024-02-02,1,P007,Parle-G 800g,Snacks,South,118,53,57,51,65,0,Sunny,0,70.69,Low
2024-02-02,1,P008,Surf Excel 1kg,Cleaning,South,139,50,53,51,220,20,Cloudy,0,217.22,Low
2024-02-02,1,P009,Amul Butter 500g,Dairy,South,119,69,77,69,275,15,Stormy,1,254.94,Low
2024-02-02,1,P010,Red Label Tea 500g,Beverages,South,201,59,62,58,255,15,Stormy,1,231.77,Low
2024-02-03,1,P001,Amul Taaza Toned Milk 1L,Dairy,South,212,49,62,51,58,0,Stormy,1,61.01,Low
2024-02-03,1,P002,Britannia Good Day 600g,Snacks,South,119,81,92,84,120,10,Stormy,1,109.12,Low
2024-02-03,1,P003,Aashirvaad Atta 5kg,Staples,South,234,48,51,44,248,0,Rainy,0,227.49,Low
2024-02-03,1,P004,Maggi 2-Minute Noodles,Snacks,South,209,51,61,49,48,20,Stormy,0,46.98,Low
2024-02-03,1,P005,Tata Salt 1kg,Staples,South,169,59,72,62,22,10,Cloudy,0,20.93,Low
2024-02-03,1,P006,Coca-Cola 600ml,Beverages,South,265,22,38,19,40,0,Sunny,0,40.87,Low
2024-02-03,1,P007,Parle-G 800g,Snacks,South,210,96,113,95,65,5,Rainy,0,59.65,Low
2024-02-03,1,P008,Surf Excel 1kg,Cleaning,South,130,43,44,47,220,0,Sunny,0,229.14,Low
2024-02-03,1,P009,Amul Butter 500g,Dairy,South,247,37,50,37,275,0,Sunny,0,256.62,Low
2024-02-03,1,P010,Red Label Tea 500g,Beverages,South,106,32,33,36,255,0,Stormy,1,252.97,Low
2024-02-04,1,P001,Amul Taaza Toned Milk 1L,Dairy,South,137,76,90,78,58,15,Stormy,0,57.53,Low
2024-02-04,1,P002,Britannia Good Day 600g,Snacks,South,241,97,103,96,120,5,Cloudy,0,126.2,Low
2024-02-04,1,P003,Aashirvaad Atta 5kg,Staples,South,169,96,103,95,248,20,Cloudy,1,266.38,Low
2024-02-04,1,P004,Maggi 2-Minute Noodles,Snacks,South,217,57,73,53,48,0,Stormy,0,46.5,Low
2024-02-04,1,P005,Tata Salt 1kg,Staples,South,91,71,90,68,22,15,Rainy,1,21.79,Low
2024-02-04,1,P006,Coca-Cola 600ml,Beverages,South,220,108,126,107,40,0,Rainy,1,37.49,Low
2024-02-04,1,P007,Parle-G 800g,Snacks,South,213,33,37,32,65,20,Sunny,0,61.05,Low
2024-02-04,1,P008,Surf Excel 1kg,Cleaning,South,259,81,90,79,220,15,Stormy,0,211.94,Low
2024-02-04,1,P009,Amul Butter 500g,Dairy,South,52,30,47,32,275,15,Sunny,1,258.61,Low
2024-02-04,1,P010,Red Label Tea 500g,Beverages,South,209,29,44,28,255,5,Cloudy,0,278.86,Low
2024-02-05,1,P001,Amul Taaza Toned Milk 1L,Dairy,South,61,36,46,37,58,0,Rainy,0,63.62,Low
2024-02-05,1,P002,Britannia Good Day 600g,Snacks,South,211,42,45,42,120,0,Rainy,0,111.89,Low
2024-02-05,1,P003,Aashirvaad Atta 5kg,Staples,South,74,40,42,35,248,5,Sunny,1,267.36,Low
2024-02-05,1,P004,Maggi 2-Minute Noodles,Snacks,South,238,16,24,14,48,15,Cloudy,0,50.02,Low
2024-02-05,1,P005,Tata Salt 1kg,Staples,South,243,63,77,66,22,10,Stormy,0,23.4,Low
2024-02-05,1,P006,Coca-Cola 600ml,Beverages,South,70,36,36,35,40,0,Stormy,0,38.78,Low
2024-02-05,1,P007,Parle-G 800g,Snacks,South,107,73,83,76,65,20,Stormy,1,63.08,Low
2024-02-05,1,P008,Surf Excel 1kg,Cleaning,South,188,25,39,22,220,0,Stormy,0,227.75,Low
2024-02-05,1,P009,Amul Butter 500g,Dairy,South,217,13,27,14,275,15,Sunny,1,259.99,Low
2024-02-05,1,P010,Red Label Tea 500g,Beverages,South,53,19,33,19,255,20,Rainy,0,231.19,Low
2024-02-06,1,P001,Amul Taaza Toned Milk 1L,Dairy,South,293,75,88,73,58,5,Sunny,0,61.57,Low
2024-02-06,1,P002,Britannia Good Day 600g,Snacks,South,256,81,98,78,120,0,Cloudy,0,108.0,Low
2024-02-06,1,P003,Aashirvaad Atta 5kg,Staples,South,169,69,82,69,248,15,Stormy,0,250.31,Low
2024-02-06,1,P004,Maggi 2-Minute Noodles,Snacks,South,79,62,75,60,48,0,Sunny,1,50.3,Low
2024-02-06,1,P005,Tata Salt 1kg,Staples,South,264,40,55,43,22,0,Cloudy,0,23.43,Low
2024-02-06,1,P006,Coca-Cola 600ml,Beverages,South,77,36,55,37,40,15,Rainy,0,38.44,Low
2024-02-06,1,P007,Parle-G 800g,Snacks,South,224,82,101,84,65,15,Sunny,0,59.39,Low
2024-02-06,1,P008,Surf Excel 1kg,Cleaning,South,113,34,34,36,220,5,Sunny,0,224.33,Low
2024-02-06,1,P009,Amul Butter 500g,Dairy,South,236,52,65,55,275,5,Rainy,1,295.75,Low
2024-02-06,1,P010,Red Label Tea 500g,Beverages,South,174,19,32,19,255,0,Stormy,0,261.43,Low
2024-02-07,1,P001,Amul Taaza Toned Milk 1L,Dairy,South,225,41,52,38,58,0,Stormy,0,62.13,Low
2024-02-07,1,P002,Britannia Good Day 600g,Snacks,South,97,34,53,33,120,0,Stormy,0,125.7,Low
2024-02-07,1,P003,Aashirvaad Atta 5kg,Staples,South,117,26,28,21,248,0,Stormy,1,251.56,Low
2024-02-07,1,P004,Maggi 2-Minute Noodles,Snacks,South,217,68,79,68,48,5,Cloudy,0,44.52,Low
2024-02-07,1,P005,Tata Salt 1kg,Staples,South,142,47,54,46,22,0,Cloudy,1,23.27,Low
2024-02-07,1,P006,Coca-Cola 600ml,Beverages,South,104,63,69,61,40,15,Stormy,0,43.77,Low
2024-02-07,1,P007,Parle-G 800g,Snacks,South,265,54,55,55,65,0,Sunny,1,66.74,Low
2024-02-07,1,P008,Surf Excel 1kg,Cleaning,South,194,32,43,32,220,0,Rainy,1,208.51,Low
2024-02-07,1,P009,Amul Butter 500g,Dairy,South,234,51,63,46,275,0,Stormy,0,281.09,Low
2024-02-07,1,P010,Red Label Tea 500g,Beverages,South,105,73,89,73,255,0,Cloudy,0,240.67,Low
2024-02-08,1,P001,Amul Taaza Toned Milk 1L,Dairy,South,173,71,71,75,58,20,Sunny,0,58.84,Low
2024-02-08,1,P002,Britannia Good Day 600g,Snacks,South,103,61,69,64,120,10,Sunny,0,127.64,Low
2024-02-08,1,P003,Aashirvaad Atta 5kg,Staples,South,108,48,54,49,248,0,Rainy,0,256.7,Low
2024-02-08,1,P004,Maggi 2-Minute Noodles,Snacks,South,188,73,85,68,48,5,Rainy,1,51.67,Low
2024-02-08,1,P005,Tata Salt 1kg,Staples,South,61,74,89,69,22,10,Cloudy,0,24.0,Low
2024-02-08,1,P006,Coca-Cola 600ml,Beverages,South,202,21,34,22,40,15,Sunny,0,36.48,Low
2024-02-08,1,P007,Parle-G 800g,Snacks,South,131,75,92,71,65,5,Cloudy,0,64.43,Low
2024-02-08,1,P008,Surf Excel 1kg,Cleaning,South,196,31,45,33,220,5,Sunny,0,215.79,Low
2024-02-08,1,P009,Amul Butter 500g,Dairy,South,90,74,80,70,275,20,Sunny,0,283.05,Low
2024-02-08,1,P010,Red Label Tea 500g,Beverages,South,254,70,79,66,255,0,Cloudy,0,260.74,Low
2024-02-09,1,P001,Amul Taaza Toned Milk 1L,Dairy,South,133,39,44,38,58,0,Sunny,0,61.82,Low
2024-02-09,1,P002,Britannia Good Day 600g,Snacks,South,51,46,62,49,120,15,Stormy,0,118.77,Low
2024-02-09,1,P003,Aashirvaad Atta 5kg,Staples,South,256,76,80,75,248,15,Sunny,0,240.22,Low
2024-02-09,1,P004,Maggi 2-Minute Noodles,Snacks,South,77,37,47,33,48,5,Rainy,0,45.84,Low
2024-02-09,1,P005,Tata Salt 1kg,Staples,South,171,67,78,63,22,0,Rainy,1,22.35,Low
2024-02-09,1,P006,Coca-Cola 600ml,Beverages,South,124,57,72,61,40,0,Sunny,0,41.64,Low
2024-02-09,1,P007,Parle-G 800g,Snacks,South,83,48,52,49,65,5,Sunny,1,68.4,Low
2024-02-09,1,P008,Surf Excel 1kg,Cleaning,South,68,75,84,71,220,5,Rainy,0,214.98,Low
2024-02-09,1,P009,Amul Butter 500g,Dairy,South,98,46,62,46,275,10,Stormy,0,293.79,Low
2024-02-09,1,P010,Red Label Tea 500g,Beverages,South,279,76,76,74,255,0,Sunny,0,254.27,Low
2024-02-10,1,P001,Amul Taaza Toned Milk 1L,Dairy,South,124,89,101,87,58,0,Rainy,0,52.56,Low
2024-02-10,1,P002,Britannia Good Day 600g,Snacks,South,100,58,75,58,120,0,Sunny,0,119.71,Low
2024-02-10,1,P003,Aashirvaad Atta 5kg,Staples,South,171,73,77,77,248,5,Sunny,0,267.26,Low
2024-02-10,1,P004,Maggi 2-Minute Noodles,Snacks,South,250,36,52,34,48,0,Sunny,1,46.47,Low
2024-02-10,1,P005,Tata Salt 1kg,Staples,South,214,23,31,18,22,10,Cloudy,0,23.15,Low
2024-02-10,1,P006,Coca-Cola 600ml,Beverages,South,180,109,118,105,40,10,Rainy,0,36.46,Low
2024-02-10,1,P007,Parle-G 800g,Snacks,South,70,85,96,86,65,5,Rainy,0,66.05,Low
2024-02-10,1,P008,Surf Excel 1kg,Cleaning,South,190,47,61,43,220,0,Stormy,0,232.43,Low
2024-02-10,1,P009,Amul Butter 500g,Dairy,South,153,77,95,76,275,20,Sunny,1,249.67,Low
2024-02-10,1,P010,Red Label Tea 500g,Beverages,South,213,40,58,39,255,0,Rainy,0,256.7,Low
2024-02-11,1,P001,Amul Taaza Toned Milk 1L,Dairy,South,280,40,44,35,58,5,Sunny,0,52.6,Low
2024-02-11,1,P002,Britannia Good Day 600g,Snacks,South,164,38,56,42,120,5,Stormy,1,128.73,Low
2024-02-11,1,P003,Aashirvaad Atta 5kg,Staples,South,151,89,99,84,248,15,Stormy,0,242.37,Low
2024-02-11,1,P004,Maggi 2-Minute Noodles,Snacks,South,291,47,63,44,48,10,Cloudy,0,47.11,Low
2024-02-11,1,P005,Tata Salt 1kg,Staples,South,288,95,98,96,22,10,Rainy,1,24.18,Low
2024-02-11,1,P006,Coca-Cola 600ml,Beverages,South,222,44,60,39,40,0,Sunny,1,37.92,Low
2024-02-11,1,P007,Parle-G 800g,Snacks,South,236,66,70,67,65,0,Stormy,0,67.44,Low
2024-02-11,1,P008,Surf Excel 1kg,Cleaning,South,103,72,81,76,220,15,Sunny,1,234.07,Low
2024-02-11,1,P009,Amul Butter 500g,Dairy,South,233,70,84,67,275,0,Cloudy,1,302.21,Low
2024-02-11,1,P010,Red Label Tea 500g,Beverages,South,79,72,78,69,255,0,Stormy,0,261.78,Low
2024-02-12,1,P001,Amul Taaza Toned Milk 1L,Dairy,South,190,28,35,30,58,10,Stormy,1,61.59,Low
2024-02-12,1,P002,Britannia Good Day 600g,Snacks,South,84,13,14,15,120,20,Sunny,0,109.86,Low
2024-02-12,1,P003,Aashirvaad Atta 5kg,Staples,South,124,18,20,20,248,0,Cloudy,1,251.82,Low
2024-02-12,1,P004,Maggi 2-Minute Noodles,Snacks,South,94,42,60,42,48,0,Stormy,0,48.01,Low
2024-02-12,1,P005,Tata Salt 1kg,Staples,South,151,66,67,62,22,0,Sunny,1,21.1,Low
2024-02-12,1,P006,Coca-Cola 600ml,Beverages,South,88,70,72,72,40,20,Cloudy,1,39.24,Low
2024-02-12,1,P007,Parle-G 800g,Snacks,South,102,42,48,37,65,0,Sunny,0,71.23,Low
2024-02-12,1,P008,Surf Excel 1kg,Cleaning,South,102,48,66,51,220,0,Cloudy,0,237.1,Low
2024-02-12,1,P009,Amul Butter 500g,Dairy,South,59,41,44,43,275,15,Stormy,1,285.04,Low
2024-02-12,1,P010,Red Label Tea 500g,Beverages,South,205,40,53,38,255,10,Stormy,0,257.68,Low
2024-02-13,1,P001,Amul Taaza Toned Milk 1L,Dairy,South,108,25,32,21,58,5,Rainy,0,55.5,Low
2024-02-13,1,P002,Britannia Good Day 600g,Snacks,South,176,28,38,31,120,5,Sunny,0,110.47,Low
2024-02-13,1,P003,Aashirvaad Atta 5kg,Staples,South,145,75,80,70,248,20,Stormy,0,246.36,Low
2024-02-13,1,P004,Maggi 2-Minute Noodles,Snacks,South,221,19,29,22,48,0,Rainy,0,48.62,Low
2024-02-13,1,P005,Tata Salt 1kg,Staples,South,245,54,57,50,22,20,Rainy,0,21.66,Low
2024-02-13,1,P006,Coca-Cola 600ml,Beverages,South,105,30,41,27,40,10,Sunny,0,36.34,Low
2024-02-13,1,P007,Parle-G 800g,Snacks,South,109,38,47,39,65,10,Sunny,0,67.16,Low
2024-02-13,1,P008,Surf Excel 1kg,Cleaning,South,60,53,69,51,220,20,Sunny,0,209.83,Low
2024-02-13,1,P009,Amul Butter 500g,Dairy,South,260,47,58,46,275,0,Sunny,0,274.92,Low
2024-02-13,1,P010,Red Label Tea 500g,Beverages,South,148,56,70,52,255,15,Rainy,1,229.65,Low
2024-02-14,1,P001,Amul Taaza Toned Milk 1L,Dairy,South,62,24,41,23,58,10,Stormy,0,60.55,Low
2024-02-14,1,P002,Britannia Good Day 600g,Snacks,South,215,26,36,26,120,15,Sunny,1,124.27,Low
2024-02-14,1,P003,Aashirvaad Atta 5kg,Staples,South,211,66,74,68,248,20,Stormy,0,259.76,Low
2024-02-14,1,P004,Maggi 2-Minute Noodles,Snacks,South,221,26,33,26,48,15,Sunny,1,44.02,Low
2024-02-14,1,P005,Tata Salt 1kg,Staples,South,62,54,70,54,22,15,Cloudy,0,20.98,Low
2024-02-14,1,P006,Coca-Cola 600ml,Beverages,South,95,71,83,70,40,15,Stormy,0,36.15,Low
2024-02-14,1,P007,Parle-G 800g,Snacks,South,187,58,60,61,65,0,Rainy,0,65.4,Low
2024-02-14,1,P008,Surf Excel 1kg,Cleaning,South,73,82,92,85,220,5,Cloudy,1,215.5,Low
2024-02-14,1,P009,Amul Butter 500g,Dairy,South,168,29,44,24,275,5,Cloudy,1,254.41,Low
2024-02-14,1,P010,Red Label Tea 500g,Beverages,South,236,71,85,74,255,0,Sunny,0,251.71,Low
2024-02-15,1,P001,Amul Taaza Toned Milk 1L,Dairy,South,104,41,47,39,58,0,Cloudy,1,52.22,Low
2024-02-15,1,P002,Britannia Good Day 600g,Snacks,South,254,55,61,53,120,20,Rainy,0,121.13,Low
2024-02-15,1,P003,Aashirvaad Atta 5kg,Staples,South,264,17,24,17,248,0,Stormy,1,226.46,Low
2024-02-15,1,P004,Maggi 2-Minute Noodles,Snacks,South,275,51,63,52,48,5,Cloudy,1,52.39,Low
2024-02-15,1,P005,Tata Salt 1kg,Staples,South,105,22,41,18,22,0,Rainy,1,20.13,Low
2024-02-15,1,P006,Coca-Cola 600ml,Beverages,South,108,66,77,67,40,0,Sunny,0,42.78,Low
2024-02-15,1,P007,Parle-G 800g,Snacks,South,132,80,90,79,65,5,Rainy,0,67.26,Low
2024-02-15,1,P008,Surf Excel 1kg,Cleaning,South,98,52,66,50,220,15,Stormy,0,218.68,Low
2024-02-15,1,P009,Amul Butter 500g,Dairy,South,223,64,81,68,275,0,Cloudy,0,274.85,Low
2024-02-15,1,P010,Red Label Tea 500g,Beverages,South,297,60,60,56,255,15,Rainy,0,241.84,Low
2024-02-16,1,P001,Amul Taaza Toned Milk 1L,Dairy,South,246,80,85,80,58,15,Cloudy,0,57.53,Low
2024-02-16,1,P002,Britannia Good Day 600g,Snacks,South,190,32,34,32,120,10,Stormy,1,129.54,Low
2024-02-16,1,P003,Aashirvaad Atta 5kg,Staples,South,258,53,68,49,248,0,Rainy,1,255.89,Low
2024-02-16,1,P004,Maggi 2-Minute Noodles,Snacks,South,117,65,67,67,48,0,Cloudy,0,48.67,Low
2024-02-16,1,P005,Tata Salt 1kg,Staples,South,138,24,41,21,22,20,Rainy,0,22.54,Low
2024-02-16,1,P006,Coca-Cola 600ml,Beverages,South,53,40,51,37,40,10,Rainy,0,43.55,Low
2024-02-16,1,P007,Parle-G 800g,Snacks,South,294,62,77,58,65,0,Rainy,1,60.6,Low
2024-02-16,1,P008,Surf Excel 1kg,Cleaning,South,288,20,20,21,220,0,Rainy,1,222.86,Low
2024-02-16,1,P009,Amul Butter 500g,Dairy,South,186,42,46,46,275,5,Sunny,1,298.44,Low
2024-02-16,1,P010,Red Label Tea 500g,Beverages,South,262,61,70,63,255,0,Rainy,1,270.72,Low
2024-02-17,1,P001,Amul Taaza Toned Milk 1L,Dairy,South,204,47,49,51,58,5,Sunny,0,56.81,Low
2024-02-17,1,P002,Britannia Good Day 600g,Snacks,South,292,50,50,53,120,10,Rainy,0,123.25,Low
2024-02-17,1,P003,Aashirvaad Atta 5kg,Staples,South,148,42,58,43,248,0,Cloudy,0,254.05,Low
2024-02-17,1,P004,Maggi 2-Minute Noodles,Snacks,South,142,92,111,91,48,0,Cloudy,1,51.33,Low
2024-02-17,1,P005,Tata Salt 1kg,Staples,South,197,28,47,29,22,0,Rainy,0,23.11,Low
2024-02-17,1,P006,Coca-Cola 600ml,Beverages,South,194,21,22,23,40,10,Sunny,0,39.45,Low
2024-02-17,1,P007,Parle-G 800g,Snacks,South,198,47,49,51,65,0,Rainy,0,63.09,Low
2024-02-17,1,P008,Surf Excel 1kg,Cleaning,South,203,81,88,80,220,10,Cloudy,1,234.22,Low
2024-02-17,1,P009,Amul Butter 500g,Dairy,South,291,54,73,56,275,0,Stormy,0,280.16,Low
2024-02-17,1,P010,Red Label Tea 500g,Beverages,South,298,87,90,91,255,20,Rainy,0,252.96,Low
2024-02-18,1,P001,Amul Taaza Toned Milk 1L,Dairy,South,240,82,85,78,58,10,Stormy,1,59.79,Low
2024-02-18,1,P002,Britannia Good Day 600g,Snacks,South,234,19,35,20,120,10,Stormy,1,118.21,Low
2024-02-18,1,P003,Aashirvaad Atta 5kg,Staples,South,106,29,34,28,248,0,Cloudy,1,234.42,Low
2024-02-18,1,P004,Maggi 2-Minute Noodles,Snacks,South,52,83,101,83,48,20,Stormy,1,46.18,Low
2024-02-18,1,P005,Tata Salt 1kg,Staples,South,288,84,92,83,22,10,Rainy,0,21.13,Low
2024-02-18,1,P006,Coca-Cola 600ml,Beverages,South,204,77,95,80,40,15,Stormy,0,44.0,Low
2024-02-18,1,P007,Parle-G 800g,Snacks,South,65,67,74,62,65,0,Rainy,0,68.3,Low
2024-02-18,1,P008,Surf Excel 1kg,Cleaning,South,58,57,73,61,220,15,Sunny,0,224.47,Low
2024-02-18,1,P009,Amul Butter 500g,Dairy,South,202,96,100,96,275,0,Sunny,0,275.49,Low
2024-02-18,1,P010,Red Label Tea 500g,Beverages,South,282,77,78,79,255,20,Stormy,0,253.05,Low
2024-02-19,1,P001,Amul Taaza Toned Milk 1L,Dairy,South,200,24,30,27,58,0,Cloudy,0,52.8,Low
2024-02-19,1,P002,Britannia Good Day 600g,Snacks,South,119,30,35,28,120,5,Sunny,0,110.85,Low
2024-02-19,1,P003,Aashirvaad Atta 5kg,Staples,South,161,69,83,70,248,0,Sunny,0,247.13,Low
2024-02-19,1,P004,Maggi 2-Minute Noodles,Snacks,South,195,48,64,45,48,0,Stormy,0,43.31,Low
2024-02-19,1,P005,Tata Salt 1kg,Staples,South,63,67,68,68,22,5,Stormy,0,22.0,Low
2024-02-19,1,P006,Coca-Cola 600ml,Beverages,South,226,15,22,12,40,10,Sunny,0,41.75,Low
2024-02-19,1,P007,Parle-G 800g,Snacks,South,62,22,37,19,65,0,Stormy,1,60.21,Low
2024-02-19,1,P008,Surf Excel 1kg,Cleaning,South,144,38,41,39,220,0,Stormy,0,227.6,Low
2024-02-19,1,P009,Amul Butter 500g,Dairy,South,56,53,66,55,275,20,Rainy,0,293.31,Low
2024-02-19,1,P010,Red Label Tea 500g,Beverages,South,259,46,65,48,255,5,Sunny,0,230.51,Low
2024-02-20,1,P001,Amul Taaza Toned Milk 1L,Dairy,South,182,72,83,67,58,15,Sunny,0,60.7,Low
2024-02-20,1,P002,Britannia Good Day 600g,Snacks,South,167,27,27,23,120,0,Rainy,0,115.98,Low
2024-02-20,1,P003,Aashirvaad Atta 5kg,Staples,South,216,25,28,20,248,10,Stormy,0,259.58,Low
2024-02-20,1,P004,Maggi 2-Minute Noodles,Snacks,South,264,45,63,45,48,10,Stormy,1,45.87,Low
2024-02-20,1,P005,Tata Salt 1kg,Staples,South,154,36,43,40,22,15,Sunny,0,20.59,Low
2024-02-20,1,P006,Coca-Cola 600ml,Beverages,South,205,19,27,18,40,0,Cloudy,1,39.38,Low
2024-02-20,1,P007,Parle-G 800g,Snacks,South,253,52,58,49,65,0,Cloudy,0,68.12,Low
2024-02-20,1,P008,Surf Excel 1kg,Cleaning,South,215,20,30,21,220,20,Rainy,0,238.72,Low
2024-02-20,1,P009,Amul Butter 500g,Dairy,South,231,37,56,34,275,5,Rainy,0,277.94,Low
2024-02-20,1,P010,Red Label Tea 500g,Beverages,South,199,63,65,63,255,20,Rainy,0,252.49,Low
2024-02-21,1,P001,Amul Taaza Toned Milk 1L,Dairy,South,119,56,64,54,58,0,Stormy,0,62.25,Low
2024-02-21,1,P002,Britannia Good Day 600g,Snacks,South,203,28,37,27,120,20,Rainy,0,130.54,Low
2024-02-21,1,P003,Aashirvaad Atta 5kg,Staples,South,147,33,45,28,248,0,Sunny,1,269.64,Low
2024-02-21,1,P004,Maggi 2-Minute Noodles,Snacks,South,132,21,21,25,48,5,Sunny,0,49.13,Low
2024-02-21,1,P005,Tata Salt 1kg,Staples,South,225,46,51,41,22,0,Cloudy,0,21.71,Low
2024-02-21,1,P006,Coca-Cola 600ml,Beverages,South,134,63,77,61,40,10,Rainy,0,39.51,Low
2024-02-21,1,P007,Parle-G 800g,Snacks,South,92,44,52,48,65,0,Stormy,0,59.69,Low
2024-02-21,1,P008,Surf Excel 1kg,Cleaning,South,273,72,91,67,220,0,Cloudy,0,201.39,Low
2024-02-21,1,P009,Amul Butter 500g,Dairy,South,252,50,67,47,275,15,Cloudy,0,284.51,Low
2024-02-21,1,P010,Red Label Tea 500g,Beverages,South,296,42,51,38,255,15,Rainy,0,254.67,Low
2024-02-22,1,P001,Amul Taaza Toned Milk 1L,Dairy,South,180,35,44,35,58,0,Rainy,1,63.66,Low
2024-02-22,1,P002,Britannia Good Day 600g,Snacks,South,287,35,44,30,120,0,Sunny,0,127.19,Low
2024-02-22,1,P003,Aashirvaad Atta 5kg,Staples,South,237,64,64,64,248,10,Sunny,0,262.25,Low
2024-02-22,1,P004,Maggi 2-Minute Noodles,Snacks,South,238,31,41,31,48,0,Stormy,1,48.34,Low
2024-02-22,1,P005,Tata Salt 1kg,Staples,South,128,56,73,52,22,20,Cloudy,1,21.75,Low
2024-02-22,1,P006,Coca-Cola 600ml,Beverages,South,53,78,84,78,40,5,Stormy,0,38.25,Low
2024-02-22,1,P007,Parle-G 800g,Snacks,South,215,25,42,28,65,0,Cloudy,0,59.95,Low
2024-02-22,1,P008,Surf Excel 1kg,Cleaning,South,290,42,51,41,220,0,Rainy,0,233.82,Low
2024-02-22,1,P009,Amul Butter 500g,Dairy,South,84,47,50,46,275,0,Stormy,1,261.25,Low
2024-02-22,1,P010,Red Label Tea 500g,Beverages,South,72,74,93,76,255,0,Sunny,0,240.52,Low
2024-02-23,1,P001,Amul Taaza Toned Milk 1L,Dairy,South,85,68,81,72,58,0,Cloudy,0,63.12,Low
2024-02-23,1,P002,Britannia Good Day 600g,Snacks,South,262,58,66,58,120,0,Sunny,0,116.37,Low
2024-02-23,1,P003,Aashirvaad Atta 5kg,Staples,South,219,54,70,55,248,0,Cloudy,0,223.86,Low
2024-02-23,1,P004,Maggi 2-Minute Noodles,Snacks,South,214,32,44,30,48,20,Stormy,0,47.32,Low
2024-02-23,1,P005,Tata Salt 1kg,Staples,South,134,71,72,70,22,15,Stormy,0,21.11,Low
2024-02-23,1,P006,Coca-Cola 600ml,Beverages,South,207,63,79,67,40,0,Cloudy,0,38.83,Low
2024-02-23,1,P007,Parle-G 800g,Snacks,South,213,87,88,90,65,0,Stormy,0,61.69,Low
2024-02-23,1,P008,Surf Excel 1kg,Cleaning,South,295,78,96,78,220,20,Cloudy,1,223.16,Low
2024-02-23,1,P009,Amul Butter 500g,Dairy,South,224,60,60,55,275,0,Rainy,0,270.15,Low
2024-02-23,1,P010,Red Label Tea 500g,Beverages,South,206,51,68,47,255,0,Sunny,0,258.85,Low
2024-02-24,1,P001,Amul Taaza Toned Milk 1L,Dairy,South,288,67,79,62,58,10,Stormy,0,56.11,Low
2024-02-24,1,P002,Britannia Good Day 600g,Snacks,South,120,61,73,60,120,0,Sunny,0,112.9,Low
2024-02-24,1,P003,Aashirvaad Atta 5kg,Staples,South,102,84,84,79,248,15,Sunny,0,226.62,Low
2024-02-24,1,P004,Maggi 2-Minute Noodles,Snacks,South,78,32,42,36,48,5,Stormy,0,50.22,Low
2024-02-24,1,P005,Tata Salt 1kg,Staples,South,142,26,41,29,22,0,Stormy,0,21.06,Low
2024-02-24,1,P006,Coca-Cola 600ml,Beverages,South,206,36,54,33,40,0,Sunny,0,39.87,Low
2024-02-24,1,P007,Parle-G 800g,Snacks,South,79,42,49,38,65,0,Stormy,1,61.2,Low
2024-02-24,1,P008,Surf Excel 1kg,Cleaning,South,253,30,44,33,220,5,Rainy,1,222.01,Low
2024-02-24,1,P009,Amul Butter 500g,Dairy,South,131,90,91,90,275,20,Stormy,1,299.34,Low
2024-02-24,1,P010,Red Label Tea 500g,Beverages,South,132,71,73,71,255,15,Stormy,1,233.0,Low
2024-02-25,1,P001,Amul Taaza Toned Milk 1L,Dairy,South,124,38,48,34,58,15,Stormy,0,56.53,Low
2024-02-25,1,P002,Britannia Good Day 600g,Snacks,South,110,56,70,59,120,5,Stormy,0,122.01,Low
2024-02-25,1,P003,Aashirvaad Atta 5kg,Staples,South,222,77,83,81,248,5,Sunny,0,256.49,Low
2024-02-25,1,P004,Maggi 2-Minute Noodles,Snacks,South,141,77,85,77,48,10,Cloudy,0,45.68,Low
2024-02-25,1,P005,Tata Salt 1kg,Staples,South,70,57,60,61,22,10,Sunny,0,23.14,Low
2024-02-25,1,P006,Coca-Cola 600ml,Beverages,South,238,39,51,39,40,0,Sunny,1,40.8,Low
2024-02-25,1,P007,Parle-G 800g,Snacks,South,187,28,39,23,65,0,Cloudy,0,63.48,Low
2024-02-25,1,P008,Surf Excel 1kg,Cleaning,South,111,65,81,65,220,0,Rainy,0,239.32,Low
2024-02-25,1,P009,Amul Butter 500g,Dairy,South,271,53,65,52,275,0,Cloudy,0,283.51,Low
2024-02-25,1,P010,Red Label Tea 500g,Beverages,South,280,32,46,30,255,20,Rainy,0,269.62,Low
2024-02-26,1,P001,Amul Taaza Toned Milk 1L,Dairy,South,133,71,82,66,58,5,Stormy,0,57.58,Low
2024-02-26,1,P002,Britannia Good Day 600g,Snacks,South,174,36,38,35,120,5,Stormy,0,124.0,Low
2024-02-26,1,P003,Aashirvaad Atta 5kg,Staples,South,236,28,35,29,248,10,Cloudy,0,265.11,Low
2024-02-26,1,P004,Maggi 2-Minute Noodles,Snacks,South,231,20,25,18,48,5,Rainy,0,50.38,Low
2024-02-26,1,P005,Tata Salt 1kg,Staples,South,244,50,62,47,22,20,Rainy,1,21.61,Low
2024-02-26,1,P006,Coca-Cola 600ml,Beverages,South,293,60,70,59,40,0,Cloudy,0,36.11,Low
2024-02-26,1,P007,Parle-G 800g,Snacks,South,294,84,86,84,65,15,Rainy,0,70.42,Low
2024-02-26,1,P008,Surf Excel 1kg,Cleaning,South,209,61,75,65,220,0,Rainy,1,216.25,Low
2024-02-26,1,P009,Amul Butter 500g,Dairy,South,74,37,40,34,275,0,Cloudy,0,255.11,Low
2024-02-26,1,P010,Red Label Tea 500g,Beverages,South,97,53,71,54,255,0,Cloudy,0,246.94,Low
2024-02-27,1,P001,Amul Taaza Toned Milk 1L,Dairy,South,100,18,29,14,58,5,Cloudy,0,57.55,Low
2024-02-27,1,P002,Britannia Good Day 600g,Snacks,South,252,60,70,56,120,0,Rainy,0,116.95,Low
2024-02-27,1,P003,Aashirvaad Atta 5kg,Staples,South,70,42,53,41,248,20,Sunny,0,257.78,Low
2024-02-27,1,P004,Maggi 2-Minute Noodles,Snacks,South,199,59,77,54,48,20,Stormy,0,44.92,Low
2024-02-27,1,P005,Tata Salt 1kg,Staples,South,224,38,54,34,22,5,Cloudy,1,19.91,Low
2024-02-27,1,P006,Coca-Cola 600ml,Beverages,South,256,78,89,80,40,15,Stormy,0,43.28,Low
2024-02-27,1,P007,Parle-G 800g,Snacks,South,254,49,50,48,65,0,Cloudy,0,70.48,Low
2024-02-27,1,P008,Surf Excel 1kg,Cleaning,South,249,45,56,47,220,0,Cloudy,1,199.4,Low
2024-02-27,1,P009,Amul Butter 500g,Dairy,South,177,65,84,63,275,20,Stormy,0,283.75,Low
2024-02-27,1,P010,Red Label Tea 500g,Beverages,South,94,31,45,33,255,0,Sunny,0,244.11,Low
2024-02-28,1,P001,Amul Taaza Toned Milk 1L,Dairy,South,228,20,39,19,58,0,Sunny,0,59.2,Low
2024-02-28,1,P002,Britannia Good Day 600g,Snacks,South,256,73,86,71,120,5,Rainy,0,131.41,Low
2024-02-28,1,P003,Aashirvaad Atta 5kg,Staples,South,113,74,83,71,248,15,Rainy,0,226.72,Low
2024-02-28,1,P004,Maggi 2-Minute Noodles,Snacks,South,69,54,71,54,48,0,Stormy,1,47.41,Low
2024-02-28,1,P005,Tata Salt 1kg,Staples,South,86,31,38,33,22,5,Stormy,0,23.31,Low
2024-02-28,1,P006,Coca-Cola 600ml,Beverages,South,142,62,71,63,40,5,Sunny,1,41.39,Low
2024-02-28,1,P007,Parle-G 800g,Snacks,South,150,44,47,40,65,15,Rainy,1,60.51,Low
2024-02-28,1,P008,Surf Excel 1kg,Cleaning,South,80,33,43,32,220,15,Cloudy,1,211.36,Low
2024-02-28,1,P009,Amul Butter 500g,Dairy,South,221,35,50,36,275,0,Sunny,0,301.63,Low
2024-02-28,1,P010,Red Label Tea 500g,Beverages,South,230,60,61,63,255,15,Sunny,0,258.79,Low
2024-02-29,1,P001,Amul Taaza Toned Milk 1L,Dairy,South,217,71,87,75,58,20,Rainy,0,53.67,Low
2024-02-29,1,P002,Britannia Good Day 600g,Snacks,South,81,38,46,40,120,5,Cloudy,0,120.55,Low
2024-02-29,1,P003,Aashirvaad Atta 5kg,Staples,South,250,37,48,37,248,0,Stormy,0,229.0,Low
2024-02-29,1,P004,Maggi 2-Minute Noodles,Snacks,South,193,74,80,72,48,0,Sunny,1,44.41,Low
2024-02-29,1,P005,Tata Salt 1kg,Staples,South,130,34,50,33,22,15,Rainy,0,22.35,Low
2024-02-29,1,P006,Coca-Cola 600ml,Beverages,South,144,48,51,49,40,0,Sunny,1,38.24,Low
2024-02-29,1,P007,Parle-G 800g,Snacks,South,205,49,51,49,65,0,Stormy,0,66.35,Low
2024-02-29,1,P008,Surf Excel 1kg,Cleaning,South,296,54,61,57,220,15,Cloudy,1,233.1,Low
2024-02-29,1,P009,Amul Butter 500g,Dairy,South,226,23,27,21,275,0,Rainy,0,261.4,Low
2024-02-29,1,P010,Red Label Tea 500g,Beverages,South,280,49,52,53,255,0,Sunny,1,248.7,Low
2024-03-01,1,P001,Amul Taaza Toned Milk 1L,Dairy,South,274,29,29,24,58,0,Stormy,0,63.2,Low
2024-03-01,1,P002,Britannia Good Day 600g,Snacks,South,121,45,52,49,120,20,Rainy,0,119.23,Low
2024-03-01,1,P003,Aashirvaad Atta 5kg,Staples,South,168,73,74,73,248,0,Rainy,0,258.12,Low
2024-03-01,1,P004,Maggi 2-Minute Noodles,Snacks,South,270,39,52,35,48,10,Rainy,0,50.52,Low
2024-03-01,1,P005,Tata Salt 1kg,Staples,South,217,73,91,71,22,20,Sunny,1,22.04,Low
2024-03-01,1,P006,Coca-Cola 600ml,Beverages,South,207,59,59,62,40,5,Sunny,0,43.97,Low
2024-03-01,1,P007,Parle-G 800g,Snacks,South,124,55,56,58,65,20,Stormy,0,68.55,Low
2024-03-01,1,P008,Surf Excel 1kg,Cleaning,South,121,73,84,68,220,0,Stormy,0,215.25,Low
2024-03-01,1,P009,Amul Butter 500g,Dairy,South,220,26,42,21,275,0,Sunny,0,278.62,Low
2024-03-01,1,P010,Red Label Tea 500g,Beverages,South,135,37,54,37,255,10,Sunny,1,251.49,Low
2024-03-02,1,P001,Amul Taaza Toned Milk 1L,Dairy,South,226,33,35,30,58,0,Stormy,0,56.05,Low
2024-03-02,1,P002,Britannia Good Day 600g,Snacks,South,132,24,30,19,120,15,Rainy,1,115.62,Low
2024-03-02,1,P003,Aashirvaad Atta 5kg,Staples,South,168,22,26,19,248,5,Stormy,0,236.96,Low
2024-03-02,1,P004,Maggi 2-Minute Noodles,Snacks,South,107,73,85,71,48,0,Stormy,0,49.98,Low
2024-03-02,1,P005,Tata Salt 1kg,Staples,South,132,99,101,101,22,0,Stormy,0,20.19,Low
2024-03-02,1,P006,Coca-Cola 600ml,Beverages,South,146,84,95,86,40,0,Stormy,0,36.49,Low
2024-03-02,1,P007,Parle-G 800g,Snacks,South,193,40,51,42,65,20,Cloudy,0,64.31,Low
2024-03-02,1,P008,Surf Excel 1kg,Cleaning,South,299,60,69,63,220,0,Stormy,1,210.01,Low
2024-03-02,1,P009,Amul Butter 500g,Dairy,South,201,41,45,38,275,0,Rainy,1,290.63,Low
2024-03-02,1,P010,Red Label Tea 500g,Beverages,South,154,71,82,75,255,20,Cloudy,0,274.61,Low
2024-03-03,1,P001,Amul Taaza Toned Milk 1L,Dairy,South,264,51,54,52,58,20,Stormy,0,57.3,Low
2024-03-03,1,P002,Britannia Good Day 600g,Snacks,South,171,19,38,14,120,5,Cloudy,0,125.64,Low
2024-03-03,1,P003,Aashirvaad Atta 5kg,Staples,South,87,76,90,80,248,0,Cloudy,1,259.6,Low
2024-03-03,1,P004,Maggi 2-Minute Noodles,Snacks,South,119,51,67,52,48,5,Rainy,0,44.22,Low
2024-03-03,1,P005,Tata Salt 1kg,Staples,South,200,67,69,69,22,0,Cloudy,0,23.95,Low
2024-03-03,1,P006,Coca-Cola 600ml,Beverages,South,110,35,39,39,40,10,Sunny,0,38.89,Low
2024-03-03,1,P007,Parle-G 800g,Snacks,South,151,103,107,106,65,0,Stormy,0,68.11,Low
2024-03-03,1,P008,Surf Excel 1kg,Cleaning,South,79,110,120,111,220,0,Sunny,0,230.92,Low
2024-03-03,1,P009,Amul Butter 500g,Dairy,South,152,92,106,88,275,20,Rainy,1,249.0,Low
2024-03-03,1,P010,Red Label Tea 500g,Beverages,South,150,23,37,18,255,0,Sunny,0,264.63,Low
2024-03-04,1,P001,Amul Taaza Toned Milk 1L,Dairy,South,258,65,70,62,58,10,Stormy,1,54.04,Low
2024-03-04,1,P002,Britannia Good Day 600g,Snacks,South,295,42,54,37,120,15,Sunny,1,119.57,Low
2024-03-04,1,P003,Aashirvaad Atta 5kg,Staples,South,159,17,30,19,248,10,Rainy,0,260.99,Low
2024-03-04,1,P004,Maggi 2-Minute Noodles,Snacks,South,208,38,40,38,48,10,Cloudy,0,49.77,Low
2024-03-04,1,P005,Tata Salt 1kg,Staples,South,75,35,49,34,22,0,Stormy,0,20.51,Low
2024-03-04,1,P006,Coca-Cola 600ml,Beverages,South,181,76,92,79,40,15,Cloudy,0,37.79,Low
2024-03-04,1,P007,Parle-G 800g,Snacks,South,68,67,77,64,65,0,Rainy,0,61.51,Low
2024-03-04,1,P008,Surf Excel 1kg,Cleaning,South,93,59,66,61,220,10,Sunny,0,237.57,Low
2024-03-04,1,P009,Amul Butter 500g,Dairy,South,148,59,62,59,275,0,Stormy,0,262.8,Low
2024-03-04,1,P010,Red Label Tea 500g,Beverages,South,117,38,45,36,255,10,Cloudy,1,255.93,Low
2024-03-05,1,P001,Amul Taaza Toned Milk 1L,Dairy,South,295,13,20,15,58,20,Rainy,0,63.31,Low
2024-03-05,1,P002,Britannia Good Day 600g,Snacks,South,57,55,61,57,120,5,Rainy,0,123.25,Low
2024-03-05,1,P003,Aashirvaad Atta 5kg,Staples,South,276,81,90,81,248,0,Cloudy,0,261.94,Low
2024-03-05,1,P004,Maggi 2-Minute Noodles,Snacks,South,220,49,61,50,48,10,Cloudy,0,52.25,Low
2024-03-05,1,P005,Tata Salt 1kg,Staples,South,53,66,71,70,22,0,Rainy,1,22.21,Low
2024-03-05,1,P006,Coca-Cola 600ml,Beverages,South,251,22,41,22,40,0,Rainy,0,42.63,Low
2024-03-05,1,P007,Parle-G 800g,Snacks,South,145,68,71,66,65,0,Sunny,0,63.0,Low
2024-03-05,1,P008,Surf Excel 1kg,Cleaning,South,84,36,36,34,220,15,Stormy,0,209.7,Low
2024-03-05,1,P009,Amul Butter 500g,Dairy,South,52,77,85,78,275,15,Sunny,0,254.12,Low
2024-03-05,1,P010,Red Label Tea 500g,Beverages,South,72,58,67,55,255,10,Rainy,0,245.17,Low
2024-03-06,1,P001,Amul Taaza Toned Milk 1L,Dairy,South,286,33,48,36,58,0,Cloudy,0,53.18,Low
2024-03-06,1,P002,Britannia Good Day 600g,Snacks,South,74,75,88,72,120,5,Stormy,0,109.84,Low
2024-03-06,1,P003,Aashirvaad Atta 5kg,Staples,South,134,30,42,31,248,20,Sunny,1,237.08,Low
2024-03-06,1,P004,Maggi 2-Minute Noodles,Snacks,South,170,22,31,18,48,15,Rainy,0,47.23,Low
2024-03-06,1,P005,Tata Salt 1kg,Staples,South,276,77,92,77,22,0,Stormy,0,21.15,Low
2024-03-06,1,P006,Coca-Cola 600ml,Beverages,South,125,66,78,64,40,20,Cloudy,0,36.5,Low
2024-03-06,1,P007,Parle-G 800g,Snacks,South,121,50,56,51,65,15,Rainy,1,59.71,Low
2024-03-06,1,P008,Surf Excel 1kg,Cleaning,South,66,32,48,34,220,5,Sunny,1,238.94,Low
2024-03-06,1,P009,Amul Butter 500g,Dairy,South,77,28,42,27,275,15,Rainy,1,265.76,Low
2024-03-06,1,P010,Red Label Tea 500g,Beverages,South,229,28,32,25,255,20,Stormy,0,256.53,Low
2024-03-07,1,P001,Amul Taaza Toned Milk 1L,Dairy,South,155,40,44,41,58,5,Sunny,1,60.71,Low
2024-03-07,1,P002,Britannia Good Day 600g,Snacks,South,199,46,61,42,120,10,Cloudy,1,122.04,Low
2024-03-07,1,P003,Aashirvaad Atta 5kg,Staples,South,190,29,39,29,248,10,Stormy,0,239.93,Low
2024-03-07,1,P004,Maggi 2-Minute Noodles,Snacks,South,122,59,65,56,48,0,Cloudy,0,51.6,Low
2024-03-07,1,P005,Tata Salt 1kg,Staples,South,58,43,46,39,22,0,Sunny,1,22.69,Low
2024-03-07,1,P006,Coca-Cola 600ml,Beverages,South,71,24,27,20,40,10,Cloudy,0,37.25,Low
2024-03-07,1,P007,Parle-G 800g,Snacks,South,196,19,28,16,65,0,Sunny,0,66.79,Low
2024-03-07,1,P008,Surf Excel 1kg,Cleaning,South,236,41,60,45,220,0,Cloudy,1,227.28,Low
2024-03-07,1,P009,Amul Butter 500g,Dairy,South,65,56,69,57,275,10,Rainy,0,262.84,Low
2024-03-07,1,P010,Red Label Tea 500g,Beverages,South,120,23,37,19,255,5,Rainy,0,274.89,Low
2024-03-08,1,P001,Amul Taaza Toned Milk 1L,Dairy,South,96,37,46,38,58,0,Cloudy,1,58.14,Low
2024-03-08,1,P002,Britannia Good Day 600g,Snacks,South,89,38,55,35,120,5,Rainy,0,129.35,Low
2024-03-08,1,P003,Aashirvaad Atta 5kg,Staples,South,98,64,79,60,248,5,Cloudy,0,241.95,Low
2024-03-08,1,P004,Maggi 2-Minute Noodles,Snacks,South,237,46,55,48,48,0,Sunny,1,50.37,Low
2024-03-08,1,P005,Tata Salt 1kg,Staples,South,214,65,80,65,22,0,Stormy,0,20.0,Low
2024-03-08,1,P006,Coca-Cola 600ml,Beverages,South,211,65,66,67,40,0,Stormy,0,36.11,Low
2024-03-08,1,P007,Parle-G 800g,Snacks,South,225,42,61,43,65,5,Cloudy,0,67.25,Low
2024-03-08,1,P008,Surf Excel 1kg,Cleaning,South,208,46,59,42,220,10,Rainy,1,224.05,Low
2024-03-08,1,P009,Amul Butter 500g,Dairy,South,73,35,44,34,275,0,Stormy,0,291.51,Low
2024-03-08,1,P010,Red Label Tea 500g,Beverages,South,199,78,83,76,255,10,Stormy,0,256.3,Low
2024-03-09,1,P001,Amul Taaza Toned Milk 1L,Dairy,South,233,38,38,36,58,5,Cloudy,0,55.63,Low
2024-03-09,1,P002,Britannia Good Day 600g,Snacks,South,172,68,83,67,120,5,Sunny,1,111.07,Low
2024-03-09,1,P003,Aashirvaad Atta 5kg,Staples,South,247,78,89,73,248,10,Rainy,0,229.52,Low
2024-03-09,1,P004,Maggi 2-Minute Noodles,Snacks,South,93,88,104,91,48,15,Rainy,1,49.44,Low
2024-03-09,1,P005,Tata Salt 1kg,Staples,South,136,92,99,87,22,10,Rainy,0,21.37,Low
2024-03-09,1,P006,Coca-Cola 600ml,Beverages,South,231,52,59,50,40,0,Sunny,0,40.42,Low
2024-03-09,1,P007,Parle-G 800g,Snacks,South,222,48,52,51,65,20,Sunny,1,60.29,Low
2024-03-09,1,P008,Surf Excel 1kg,Cleaning,South,216,66,80,66,220,0,Sunny,0,236.44,Low
2024-03-09,1,P009,Amul Butter 500g,Dairy,South,95,79,81,74,275,20,Cloudy,0,264.32,Low
2024-03-09,1,P010,Red Label Tea 500g,Beverages,South,206,37,56,37,255,10,Stormy,0,248.1,Low
2024-03-10,1,P001,Amul Taaza Toned Milk 1L,Dairy,South,246,94,105,92,58,10,Stormy,0,61.53,Low
2024-03-10,1,P002,Britannia Good Day 600g,Snacks,South,151,99,111,102,120,15,Stormy,1,119.81,Low
2024-03-10,1,P003,Aashirvaad Atta 5kg,Staples,South,260,83,90,81,248,0,Cloudy,1,237.2,Low
2024-03-10,1,P004,Maggi 2-Minute Noodles,Snacks,South,126,54,62,52,48,0,Stormy,0,52.56,Low
2024-03-10,1,P005,Tata Salt 1kg,Staples,South,60,47,56,47,22,0,Rainy,0,22.83,Low
2024-03-10,1,P006,Coca-Cola 600ml,Beverages,South,279,93,109,97,40,5,Sunny,0,42.48,Low
2024-03-10,1,P007,Parle-G 800g,Snacks,South,167,110,124,112,65,20,Rainy,0,64.56,Low
2024-03-10,1,P008,Surf Excel 1kg,Cleaning,South,203,58,63,55,220,10,Sunny,0,230.23,Low
2024-03-10,1,P009,Amul Butter 500g,Dairy,South,138,47,66,47,275,5,Rainy,1,289.09,Low
2024-03-10,1,P010,Red Label Tea 500g,Beverages,South,141,84,92,85,255,10,Rainy,0,259.31,Low
2024-03-11,1,P001,Amul Taaza Toned Milk 1L,Dairy,South,146,74,77,71,58,15,Stormy,0,53.43,Low
2024-03-11,1,P002,Britannia Good Day 600g,Snacks,South,142,74,86,76,120,0,Rainy,0,117.29,Low
2024-03-11,1,P003,Aashirvaad Atta 5kg,Staples,South,299,75,80,76,248,0,Cloudy,0,255.38,Low
2024-03-11,1,P004,Maggi 2-Minute Noodles,Snacks,South,218,43,52,47,48,0,Rainy,1,48.78,Low
2024-03-11,1,P005,Tata Salt 1kg,Staples,South,210,66,66,65,22,5,Cloudy,1,23.03,Low
2024-03-11,1,P006,Coca-Cola 600ml,Beverages,South,50,55,61,51,40,0,Sunny,0,36.93,Low
2024-03-11,1,P007,Parle-G 800g,Snacks,South,85,51,68,49,65,0,Rainy,0,66.21,Low
2024-03-11,1,P008,Surf Excel 1kg,Cleaning,South,205,83,98,80,220,20,Rainy,0,214.35,Low
2024-03-11,1,P009,Amul Butter 500g,Dairy,South,88,62,77,66,275,20,Sunny,1,258.54,Low
2024-03-11,1,P010,Red Label Tea 500g,Beverages,South,115,41,52,39,255,0,Cloudy,0,239.46,Low
2024-03-12,1,P001,Amul Taaza Toned Milk 1L,Dairy,South,183,22,27,24,58,15,Rainy,0,57.1,Low
2024-03-12,1,P002,Britannia Good Day 600g,Snacks,South,82,55,64,54,120,5,Cloudy,0,108.53,Low
2024-03-12,1,P003,Aashirvaad Atta 5kg,Staples,South,296,29,29,28,248,20,Cloudy,1,224.4,Low
2024-03-12,1,P004,Maggi 2-Minute Noodles,Snacks,South,52,70,76,66,48,5,Cloudy,0,51.89,Low
2024-03-12,1,P005,Tata Salt 1kg,Staples,South,117,63,80,61,22,0,Cloudy,0,20.1,Low
2024-03-12,1,P006,Coca-Cola 600ml,Beverages,South,176,22,27,26,40,0,Rainy,0,36.12,Low
2024-03-12,1,P007,Parle-G 800g,Snacks,South,144,83,96,84,65,5,Stormy,1,58.69,Low
2024-03-12,1,P008,Surf Excel 1kg,Cleaning,South,235,66,78,66,220,10,Rainy,0,231.6,Low
2024-03-12,1,P009,Amul Butter 500g,Dairy,South,88,50,64,51,275,10,Rainy,0,255.36,Low
2024-03-12,1,P010,Red Label Tea 500g,Beverages,South,84,33,38,33,255,10,Sunny,0,274.56,Low
2024-03-13,1,P001,Amul Taaza Toned Milk 1L,Dairy,South,224,36,39,33,58,10,Rainy,0,58.62,Low
2024-03-13,1,P002,Britannia Good Day 600g,Snacks,South,244,37,52,40,120,5,Cloudy,0,110.72,Low
2024-03-13,1,P003,Aashirvaad Atta 5kg,Staples,South,120,30,35,26,248,0,Cloudy,1,249.24,Low
2024-03-13,1,P004,Maggi 2-Minute Noodles,Snacks,South,59,53,63,55,48,0,Sunny,0,44.83,Low
2024-03-13,1,P005,Tata Salt 1kg,Staples,South,161,39,52,42,22,5,Sunny,0,24.15,Low
2024-03-13,1,P006,Coca-Cola 600ml,Beverages,South,220,60,77,56,40,0,Stormy,0,41.36,Low
2024-03-13,1,P007,Parle-G 800g,Snacks,South,186,74,81,72,65,5,Sunny,1,60.8,Low
2024-03-13,1,P008,Surf Excel 1kg,Cleaning,South,116,58,65,58,220,20,Cloudy,0,208.42,Low
2024-03-13,1,P009,Amul Butter 500g,Dairy,South,167,53,70,49,275,0,Cloudy,0,253.68,Low
2024-03-13,1,P010,Red Label Tea 500g,Beverages,South,288,67,79,63,255,20,Sunny,0,269.4,Low
2024-03-14,1,P001,Amul Taaza Toned Milk 1L,Dairy,South,102,50,63,50,58,10,Stormy,1,56.83,Low
2024-03-14,1,P002,Britannia Good Day 600g,Snacks,South,168,70,88,66,120,5,Rainy,1,118.08,Low
2024-03-14,1,P003,Aashirvaad Atta 5kg,Staples,South,196,68,87,63,248,10,Cloudy,0,230.14,Low
2024-03-14,1,P004,Maggi 2-Minute Noodles,Snacks,South,129,51,56,52,48,5,Cloudy,0,44.5,Low
2024-03-14,1,P005,Tata Salt 1kg,Staples,South,237,59,71,61,22,5,Rainy,0,22.32,Low
2024-03-14,1,P006,Coca-Cola 600ml,Beverages,South,134,42,50,37,40,15,Rainy,0,41.35,Low
2024-03-14,1,P007,Parle-G 800g,Snacks,South,200,62,74,58,65,20,Rainy,0,67.03,Low
2024-03-14,1,P008,Surf Excel 1kg,Cleaning,South,221,60,77,62,220,0,Rainy,1,209.2,Low
2024-03-14,1,P009,Amul Butter 500g,Dairy,South,225,33,52,33,275,0,Sunny,0,278.71,Low
2024-03-14,1,P010,Red Label Tea 500g,Beverages,South,161,47,59,42,255,20,Stormy,0,276.01,Low
2024-03-15,1,P001,Amul Taaza Toned Milk 1L,Dairy,South,77,53,61,49,58,0,Cloudy,0,57.02,Low
2024-03-15,1,P002,Britannia Good Day 600g,Snacks,South,183,25,37,21,120,0,Rainy,0,119.32,Low
2024-03-15,1,P003,Aashirvaad Atta 5kg,Staples,South,195,51,67,49,248,10,Stormy,0,235.78,Low
2024-03-15,1,P004,Maggi 2-Minute Noodles,Snacks,South,202,13,25,8,48,5,Cloudy,0,48.85,Low
2024-03-15,1,P005,Tata Salt 1kg,Staples,South,270,26,44,27,22,0,Sunny,1,21.1,Low
2024-03-15,1,P006,Coca-Cola 600ml,Beverages,South,91,18,36,13,40,0,Stormy,1,42.33,Low
2024-03-15,1,P007,Parle-G 800g,Snacks,South,138,28,40,28,65,10,Cloudy,0,66.5,Low
2024-03-15,1,P008,Surf Excel 1kg,Cleaning,South,88,67,76,71,220,15,Sunny,1,223.48,Low
2024-03-15,1,P009,Amul Butter 500g,Dairy,South,174,52,60,50,275,20,Stormy,0,264.48,Low
2024-03-15,1,P010,Red Label Tea 500g,Beverages,South,258,38,53,35,255,0,Stormy,0,252.88,Low
2024-03-16,1,P001,Amul Taaza Toned Milk 1L,Dairy,South,195,54,68,50,58,10,Sunny,1,63.76,Low
2024-03-16,1,P002,Britannia Good Day 600g,Snacks,South,57,35,37,38,120,15,Sunny,0,113.3,Low
2024-03-16,1,P003,Aashirvaad Atta 5kg,Staples,South,213,81,93,80,248,0,Stormy,1,225.2,Low
2024-03-16,1,P004,Maggi 2-Minute Noodles,Snacks,South,295,24,30,26,48,20,Sunny,0,46.91,Low
2024-03-16,1,P005,Tata Salt 1kg,Staples,South,246,66,83,64,22,5,Rainy,0,20.6,Low
2024-03-16,1,P006,Coca-Cola 600ml,Beverages,South,171,59,65,63,40,20,Cloudy,0,38.5,Low
2024-03-16,1,P007,Parle-G 800g,Snacks,South,167,48,67,47,65,0,Cloudy,0,58.59,Low
2024-03-16,1,P008,Surf Excel 1kg,Cleaning,South,177,90,98,88,220,20,Sunny,1,237.47,Low
2024-03-16,1,P009,Amul Butter 500g,Dairy,South,226,99,117,99,275,5,Rainy,0,266.16,Low
2024-03-16,1,P010,Red Label Tea 500g,Beverages,South,160,62,69,59,255,0,Stormy,1,270.75,Low
2024-03-17,1,P001,Amul Taaza Toned Milk 1L,Dairy,South,240,85,97,86,58,0,Cloudy,0,55.37,Low
2024-03-17,1,P002,Britannia Good Day 600g,Snacks,South,264,39,44,42,120,20,Sunny,0,123.5,Low
2024-03-17,1,P003,Aashirvaad Atta 5kg,Staples,South,175,66,67,63,248,0,Cloudy,0,230.01,Low
2024-03-17,1,P004,Maggi 2-Minute Noodles,Snacks,South,70,63,69,65,48,0,Stormy,1,46.2,Low
2024-03-17,1,P005,Tata Salt 1kg,Staples,South,186,97,109,92,22,10,Rainy,1,22.78,Low
2024-03-17,1,P006,Coca-Cola 600ml,Beverages,South,172,21,23,21,40,10,Stormy,0,41.74,Low
2024-03-17,1,P007,Parle-G 800g,Snacks,South,279,64,70,65,65,0,Rainy,0,67.3,Low
2024-03-17,1,P008,Surf Excel 1kg,Cleaning,South,112,74,77,73,220,0,Rainy,0,219.0,Low
2024-03-17,1,P009,Amul Butter 500g,Dairy,South,97,81,83,79,275,20,Cloudy,0,293.64,Low
2024-03-17,1,P010,Red Label Tea 500g,Beverages,South,173,93,112,94,255,0,Cloudy,0,274.71,Low
2024-03-18,1,P001,Amul Taaza Toned Milk 1L,Dairy,South,119,38,52,34,58,5,Rainy,1,60.26,Low
2024-03-18,1,P002,Britannia Good Day 600g,Snacks,South,154,68,69,70,120,10,Stormy,1,108.26,Low
2024-03-18,1,P003,Aashirvaad Atta 5kg,Staples,South,50,70,71,73,248,10,Cloudy,0,245.06,Low
2024-03-18,1,P004,Maggi 2-Minute Noodles,Snacks,South,63,43,50,43,48,0,Sunny,0,49.57,Low
2024-03-18,1,P005,Tata Salt 1kg,Staples,South,134,84,86,83,22,0,Cloudy,1,21.64,Low
2024-03-18,1,P006,Coca-Cola 600ml,Beverages,South,235,41,42,39,40,10,Rainy,0,41.97,Low
2024-03-18,1,P007,Parle-G 800g,Snacks,South,266,32,36,31,65,5,Stormy,1,63.39,Low
2024-03-18,1,P008,Surf Excel 1kg,Cleaning,South,250,53,57,57,220,0,Cloudy,0,222.37,Low
2024-03-18,1,P009,Amul Butter 500g,Dairy,South,232,32,37,27,275,0,Rainy,0,260.25,Low
2024-03-18,1,P010,Red Label Tea 500g,Beverages,South,53,13,30,8,255,5,Cloudy,0,267.72,Low
2024-03-19,1,P001,Amul Taaza Toned Milk 1L,Dairy,South,111,74,89,70,58,20,Cloudy,0,55.38,Low
2024-03-19,1,P002,Britannia Good Day 600g,Snacks,South,233,70,87,70,120,10,Sunny,0,124.48,Low
2024-03-19,1,P003,Aashirvaad Atta 5kg,Staples,South,128,67,84,68,248,15,Rainy,0,261.79,Low
2024-03-19,1,P004,Maggi 2-Minute Noodles,Snacks,South,116,70,76,72,48,0,Cloudy,0,50.44,Low
2024-03-19,1,P005,Tata Salt 1kg,Staples,South,117,31,44,26,22,5,Cloudy,0,20.98,Low
2024-03-19,1,P006,Coca-Cola 600ml,Beverages,South,58,48,62,52,40,0,Stormy,0,36.15,Low
2024-03-19,1,P007,Parle-G 800g,Snacks,South,121,34,34,34,65,0,Sunny,1,65.49,Low
2024-03-19,1,P008,Surf Excel 1kg,Cleaning,South,263,34,36,34,220,0,Stormy,0,219.69,Low
2024-03-19,1,P009,Amul Butter 500g,Dairy,South,147,59,59,55,275,20,Cloudy,0,264.8,Low
2024-03-19,1,P010,Red Label Tea 500g,Beverages,South,159,46,48,48,255,20,Rainy,0,233.1,Low
2024-03-20,1,P001,Amul Taaza Toned Milk 1L,Dairy,South,174,61,61,59,58,10,Sunny,0,53.1,Low
2024-03-20,1,P002,Britannia Good Day 600g,Snacks,South,268,60,75,60,120,0,Stormy,1,126.47,Low
2024-03-20,1,P003,Aashirvaad Atta 5kg,Staples,South,66,29,35,28,248,20,Stormy,0,266.77,Low
2024-03-20,1,P004,Maggi 2-Minute Noodles,Snacks,South,255,57,70,58,48,0,Cloudy,0,45.07,Low
2024-03-20,1,P005,Tata Salt 1kg,Staples,South,189,30,35,30,22,0,Stormy,0,20.49,Low
2024-03-20,1,P006,Coca-Cola 600ml,Beverages,South,260,67,84,67,40,10,Sunny,0,43.61,Low
2024-03-20,1,P007,Parle-G 800g,Snacks,South,128,28,39,32,65,0,Rainy,1,60.83,Low
2024-03-20,1,P008,Surf Excel 1kg,Cleaning,South,110,40,41,41,220,0,Sunny,1,241.18,Low
2024-03-20,1,P009,Amul Butter 500g,Dairy,South,127,79,81,76,275,20,Sunny,0,272.27,Low
2024-03-20,1,P010,Red Label Tea 500g,Beverages,South,52,56,73,57,255,0,Sunny,0,245.5,Low
2024-03-21,1,P001,Amul Taaza Toned Milk 1L,Dairy,South,152,46,55,47,58,0,Cloudy,0,61.65,Low
2024-03-21,1,P002,Britannia Good Day 600g,Snacks,South,146,85,94,82,120,20,Rainy,0,121.55,Low
2024-03-21,1,P003,Aashirvaad Atta 5kg,Staples,South,90,36,50,31,248,15,Rainy,0,246.64,Low
2024-03-21,1,P004,Maggi 2-Minute Noodles,Snacks,South,248,62,74,65,48,20,Stormy,0,43.89,Low
2024-03-21,1,P005,Tata Salt 1kg,Staples,South,252,35,44,38,22,10,Stormy,0,20.18,Low
2024-03-21,1,P006,Coca-Cola 600ml,Beverages,South,137,62,69,64,40,0,Sunny,1,43.29,Low
2024-03-21,1,P007,Parle-G 800g,Snacks,South,117,19,35,14,65,10,Cloudy,1,66.06,Low
2024-03-21,1,P008,Surf Excel 1kg,Cleaning,South,134,77,94,78,220,10,Stormy,0,221.52,Low
2024-03-21,1,P009,Amul Butter 500g,Dairy,South,289,36,55,35,275,10,Cloudy,0,267.96,Low
2024-03-21,1,P010,Red Label Tea 500g,Beverages,South,131,61,80,63,255,20,Rainy,1,232.03,Low
2024-03-22,1,P001,Amul Taaza Toned Milk 1L,Dairy,South,269,38,42,39,58,0,Cloudy,1,57.85,Low
2024-03-22,1,P002,Britannia Good Day 600g,Snacks,South,141,48,64,44,120,10,Rainy,0,130.01,Low
2024-03-22,1,P003,Aashirvaad Atta 5kg,Staples,South,285,44,44,39,248,20,Rainy,0,262.7,Low
2024-03-22,1,P004,Maggi 2-Minute Noodles,Snacks,South,249,37,56,35,48,10,Cloudy,0,46.46,Low
2024-03-22,1,P005,Tata Salt 1kg,Staples,South,201,60,60,55,22,0,Cloudy,0,22.76,Low
2024-03-22,1,P006,Coca-Cola 600ml,Beverages,South,206,74,80,74,40,5,Stormy,0,41.99,Low
2024-03-22,1,P007,Parle-G 800g,Snacks,South,248,65,65,69,65,0,Sunny,1,61.31,Low
2024-03-22,1,P008,Surf Excel 1kg,Cleaning,South,203,64,74,60,220,15,Stormy,0,211.19,Low
2024-03-22,1,P009,Amul Butter 500g,Dairy,South,210,46,58,48,275,15,Cloudy,1,254.29,Low
2024-03-22,1,P010,Red Label Tea 500g,Beverages,South,277,52,59,48,255,0,Sunny,0,241.86,Low
2024-03-23,1,P001,Amul Taaza Toned Milk 1L,Dairy,South,97,60,61,58,58,5,Rainy,0,59.16,Low
2024-03-23,1,P002,Britannia Good Day 600g,Snacks,South,115,37,40,34,120,0,Stormy,0,120.38,Low
2024-03-23,1,P003,Aashirvaad Atta 5kg,Staples,South,71,34,51,32,248,0,Cloudy,0,239.36,Low
2024-03-23,1,P004,Maggi 2-Minute Noodles,Snacks,South,273,72,87,69,48,15,Stormy,0,51.37,Low
2024-03-23,1,P005,Tata Salt 1kg,Staples,South,184,77,81,74,22,0,Sunny,0,23.27,Low
2024-03-23,1,P006,Coca-Cola 600ml,Beverages,South,180,40,45,35,40,0,Sunny,1,38.58,Low
2024-03-23,1,P007,Parle-G 800g,Snacks,South,121,34,43,36,65,10,Rainy,0,70.89,Low
2024-03-23,1,P008,Surf Excel 1kg,Cleaning,South,189,41,46,42,220,15,Cloudy,0,234.15,Low
2024-03-23,1,P009,Amul Butter 500g,Dairy,South,244,52,70,47,275,5,Rainy,1,257.1,Low
2024-03-23,1,P010,Red Label Tea 500g,Beverages,South,134,67,70,63,255,10,Rainy,0,235.69,Low
2024-03-24,1,P001,Amul Taaza Toned Milk 1L,Dairy,South,55,28,35,25,58,0,Rainy,0,59.19,Low
2024-03-24,1,P002,Britannia Good Day 600g,Snacks,South,57,27,37,26,120,5,Cloudy,0,127.32,Low
2024-03-24,1,P003,Aashirvaad Atta 5kg,Staples,South,270,28,37,28,248,0,Sunny,0,250.89,Low
2024-03-24,1,P004,Maggi 2-Minute Noodles,Snacks,South,69,85,91,88,48,0,Cloudy,0,51.23,Low
2024-03-24,1,P005,Tata Salt 1kg,Staples,South,123,82,87,77,22,0,Cloudy,0,21.93,Low
2024-03-24,1,P006,Coca-Cola 600ml,Beverages,South,198,34,39,33,40,0,Cloudy,0,39.87,Low
2024-03-24,1,P007,Parle-G 800g,Snacks,South,233,108,127,112,65,0,Cloudy,0,69.26,Low
2024-03-24,1,P008,Surf Excel 1kg,Cleaning,South,75,78,88,79,220,0,Sunny,1,216.7,Low
2024-03-24,1,P009,Amul Butter 500g,Dairy,South,281,50,50,49,275,0,Cloudy,0,270.69,Low
2024-03-24,1,P010,Red Label Tea 500g,Beverages,South,84,77,95,73,255,10,Cloudy,0,246.45,Low
2024-03-25,1,P001,Amul Taaza Toned Milk 1L,Dairy,South,174,40,51,39,58,0,Rainy,1,63.72,Low
2024-03-25,1,P002,Britannia Good Day 600g,Snacks,South,210,14,28,16,120,0,Stormy,0,123.14,Low
2024-03-25,1,P003,Aashirvaad Atta 5kg,Staples,South,235,64,79,59,248,5,Stormy,0,225.99,Low
2024-03-25,1,P004,Maggi 2-Minute Noodles,Snacks,South,106,34,49,33,48,0,Cloudy,0,45.6,Low
2024-03-25,1,P005,Tata Salt 1kg,Staples,South,139,40,47,44,22,0,Rainy,1,23.79,Low
2024-03-25,1,P006,Coca-Cola 600ml,Beverages,South,126,70,74,70,40,5,Cloudy,0,41.46,Low
2024-03-25,1,P007,Parle-G 800g,Snacks,South,65,46,53,49,65,20,Sunny,0,66.93,Low
2024-03-25,1,P008,Surf Excel 1kg,Cleaning,South,126,38,46,37,220,15,Cloudy,0,206.88,Low
2024-03-25,1,P009,Amul Butter 500g,Dairy,South,205,23,25,21,275,10,Cloudy,0,259.0,Low
2024-03-25,1,P010,Red Label Tea 500g,Beverages,South,200,57,72,52,255,0,Rainy,1,240.01,Low
2024-03-26,1,P001,Amul Taaza Toned Milk 1L,Dairy,South,271,83,86,85,58,20,Sunny,0,52.6,Low
2024-03-26,1,P002,Britannia Good Day 600g,Snacks,South,289,25,25,28,120,5,Sunny,0,123.23,Low
2024-03-26,1,P003,Aashirvaad Atta 5kg,Staples,South,246,39,40,35,248,10,Rainy,0,247.41,Low
2024-03-26,1,P004,Maggi 2-Minute Noodles,Snacks,South,124,80,89,80,48,5,Sunny,0,45.27,Low
2024-03-26,1,P005,Tata Salt 1kg,Staples,South,150,57,75,61,22,0,Sunny,0,23.05,Low
2024-03-26,1,P006,Coca-Cola 600ml,Beverages,South,231,32,50,36,40,5,Cloudy,1,43.35,Low
2024-03-26,1,P007,Parle-G 800g,Snacks,South,85,32,43,28,65,5,Sunny,0,66.82,Low
2024-03-26,1,P008,Surf Excel 1kg,Cleaning,South,220,79,81,82,220,20,Cloudy,0,224.09,Low
2024-03-26,1,P009,Amul Butter 500g,Dairy,South,222,46,63,50,275,5,Stormy,0,263.41,Low
2024-03-26,1,P010,Red Label Tea 500g,Beverages,South,145,16,32,18,255,0,Cloudy,0,263.88,Low
2024-03-27,1,P001,Amul Taaza Toned Milk 1L,Dairy,South,239,51,56,52,58,15,Stormy,0,55.47,Low
2024-03-27,1,P002,Britannia Good Day 600g,Snacks,South,264,19,20,14,120,20,Cloudy,0,120.19,Low
2024-03-27,1,P003,Aashirvaad Atta 5kg,Staples,South,97,63,81,59,248,20,Stormy,0,258.78,Low
2024-03-27,1,P004,Maggi 2-Minute Noodles,Snacks,South,254,39,53,37,48,15,Stormy,0,52.48,Low
2024-03-27,1,P005,Tata Salt 1kg,Staples,South,135,47,64,50,22,0,Rainy,1,20.1,Low
2024-03-27,1,P006,Coca-Cola 600ml,Beverages,South,144,67,78,71,40,20,Cloudy,0,36.5,Low
2024-03-27,1,P007,Parle-G 800g,Snacks,South,214,47,61,42,65,0,Sunny,0,66.96,Low
2024-03-27,1,P008,Surf Excel 1kg,Cleaning,South,255,71,74,69,220,5,Stormy,0,218.75,Low
2024-03-27,1,P009,Amul Butter 500g,Dairy,South,166,27,30,23,275,0,Sunny,0,301.85,Low
2024-03-27,1,P010,Red Label Tea 500g,Beverages,South,254,59,65,58,255,0,Cloudy,0,265.69,Low
2024-03-28,1,P001,Amul Taaza Toned Milk 1L,Dairy,South,198,87,94,82,58,5,Sunny,0,59.58,Low
2024-03-28,1,P002,Britannia Good Day 600g,Snacks,South,58,55,71,54,120,0,Sunny,0,119.23,Low
2024-03-28,1,P003,Aashirvaad Atta 5kg,Staples,South,220,54,72,52,248,0,Sunny,0,260.99,Low
2024-03-28,1,P004,Maggi 2-Minute Noodles,Snacks,South,226,52,55,56,48,5,Cloudy,0,51.72,Low
2024-03-28,1,P005,Tata Salt 1kg,Staples,South,235,16,31,18,22,15,Rainy,1,21.79,Low
2024-03-28,1,P006,Coca-Cola 600ml,Beverages,South,169,67,84,67,40,0,Sunny,0,39.24,Low
2024-03-28,1,P007,Parle-G 800g,Snacks,South,180,22,31,21,65,0,Sunny,1,60.51,Low
2024-03-28,1,P008,Surf Excel 1kg,Cleaning,South,286,59,78,57,220,5,Sunny,0,211.34,Low
2024-03-28,1,P009,Amul Butter 500g,Dairy,South,264,79,84,76,275,10,Sunny,0,297.53,Low
2024-03-28,1,P010,Red Label Tea 500g,Beverages,South,68,27,45,29,255,20,Cloudy,0,260.62,Low
2024-03-29,1,P001,Amul Taaza Toned Milk 1L,Dairy,South,122,87,103,83,58,20,Cloudy,1,60.88,Low
2024-03-29,1,P002,Britannia Good Day 600g,Snacks,South,259,20,26,15,120,20,Stormy,1,112.06,Low
2024-03-29,1,P003,Aashirvaad Atta 5kg,Staples,South,207,51,62,49,248,10,Sunny,1,250.17,Low
2024-03-29,1,P004,Maggi 2-Minute Noodles,Snacks,South,195,27,36,30,48,0,Stormy,0,46.76,Low
2024-03-29,1,P005,Tata Salt 1kg,Staples,South,148,43,59,38,22,20,Stormy,1,20.85,Low
2024-03-29,1,P006,Coca-Cola 600ml,Beverages,South,263,39,57,37,40,0,Sunny,0,42.0,Low
2024-03-29,1,P007,Parle-G 800g,Snacks,South,172,33,39,33,65,0,Stormy,0,59.53,Low
2024-03-29,1,P008,Surf Excel 1kg,Cleaning,South,216,54,70,50,220,5,Stormy,0,238.74,Low
2024-03-29,1,P009,Amul Butter 500g,Dairy,South,213,49,66,49,275,0,Rainy,0,295.19,Low
2024-03-29,1,P010,Red Label Tea 500g,Beverages,South,228,62,64,58,255,10,Cloudy,1,264.7,Low
2024-03-30,1,P001,Amul Taaza Toned Milk 1L,Dairy,South,241,84,95,80,58,0,Cloudy,0,55.29,Low
2024-03-30,1,P002,Britannia Good Day 600g,Snacks,South,174,96,101,97,120,5,Rainy,1,111.34,Low
2024-03-30,1,P003,Aashirvaad Atta 5kg,Staples,South,155,34,38,30,248,0,Cloudy,1,271.56,Low
2024-03-30,1,P004,Maggi 2-Minute Noodles,Snacks,South,123,39,53,43,48,0,Stormy,0,49.74,Low
2024-03-30,1,P005,Tata Salt 1kg,Staples,South,296,73,79,74,22,0,Cloudy,0,22.42,Low
2024-03-30,1,P006,Coca-Cola 600ml,Beverages,South,175,108,109,108,40,0,Sunny,0,38.48,Low
2024-03-30,1,P007,Parle-G 800g,Snacks,South,100,27,29,22,65,20,Sunny,1,69.91,Low
2024-03-30,1,P008,Surf Excel 1kg,Cleaning,South,137,33,49,31,220,15,Rainy,0,229.79,Low
2024-03-30,1,P009,Amul Butter 500g,Dairy,South,260,38,43,36,275,0,Rainy,0,271.94,Low
2024-03-30,1,P010,Red Label Tea 500g,Beverages,South,225,69,71,71,255,5,Sunny,1,234.17,Low
2024-03-31,1,P001,Amul Taaza Toned Milk 1L,Dairy,South,190,87,92,82,58,5,Stormy,0,52.91,Low
2024-03-31,1,P002,Britannia Good Day 600g,Snacks,South,298,69,81,67,120,0,Stormy,1,124.64,Low
2024-03-31,1,P003,Aashirvaad Atta 5kg,Staples,South,156,62,64,59,248,5,Cloudy,1,259.26,Low
2024-03-31,1,P004,Maggi 2-Minute Noodles,Snacks,South,88,46,58,49,48,0,Sunny,0,49.05,Low
2024-03-31,1,P005,Tata Salt 1kg,Staples,South,146,96,103,96,22,10,Rainy,0,20.95,Low
2024-03-31,1,P006,Coca-Cola 600ml,Beverages,South,175,58,64,57,40,0,Cloudy,1,40.15,Low
2024-03-31,1,P007,Parle-G 800g,Snacks,South,286,35,41,31,65,15,Sunny,0,65.05,Low
2024-03-31,1,P008,Surf Excel 1kg,Cleaning,South,227,89,104,92,220,5,Rainy,0,238.82,Low
2024-03-31,1,P009,Amul Butter 500g,Dairy,South,174,34,47,34,275,15,Cloudy,1,289.73,Low
2024-03-31,1,P010,Red Label Tea 500g,Beverages,South,162,61,68,60,255,0,Stormy,0,252.88,Low
2024-04-01,1,P001,Amul Taaza Toned Milk 1L,Dairy,South,280,60,77,60,58,15,Sunny,0,57.25,Low
2024-04-01,1,P002,Britannia Good Day 600g,Snacks,South,128,49,58,45,120,20,Sunny,1,110.5,Low
2024-04-01,1,P003,Aashirvaad Atta 5kg,Staples,South,205,45,46,48,248,0,Sunny,0,244.81,Low
2024-04-01,1,P004,Maggi 2-Minute Noodles,Snacks,South,197,60,72,64,48,20,Cloudy,0,45.7,Low
2024-04-01,1,P005,Tata Salt 1kg,Staples,South,264,51,52,50,22,20,Stormy,0,22.03,Low
2024-04-01,1,P006,Coca-Cola 600ml,Beverages,South,113,36,54,37,40,5,Cloudy,0,42.31,Low
2024-04-01,1,P007,Parle-G 800g,Snacks,South,60,57,57,57,65,0,Rainy,0,61.4,Low
2024-04-01,1,P008,Surf Excel 1kg,Cleaning,South,95,53,54,51,220,0,Rainy,0,236.69,Low
2024-04-01,1,P009,Amul Butter 500g,Dairy,South,208,46,52,41,275,0,Rainy,0,279.86,Low
2024-04-01,1,P010,Red Label Tea 500g,Beverages,South,259,61,72,65,255,10,Sunny,0,253.14,Low
2024-04-02,1,P001,Amul Taaza Toned Milk 1L,Dairy,South,163,56,67,54,58,15,Sunny,0,56.12,Low
2024-04-02,1,P002,Britannia Good Day 600g,Snacks,South,180,73,82,72,120,15,Cloudy,0,125.99,Low
2024-04-02,1,P003,Aashirvaad Atta 5kg,Staples,South,285,40,47,39,248,15,Rainy,0,228.29,Low
2024-04-02,1,P004,Maggi 2-Minute Noodles,Snacks,South,52,29,48,31,48,20,Rainy,0,51.55,Low
2024-04-02,1,P005,Tata Salt 1kg,Staples,South,139,41,46,44,22,0,Stormy,1,21.76,Low
2024-04-02,1,P006,Coca-Cola 600ml,Beverages,South,70,21,28,18,40,15,Rainy,0,42.08,Low
2024-04-02,1,P007,Parle-G 800g,Snacks,South,107,36,49,32,65,0,Sunny,1,66.07,Low
2024-04-02,1,P008,Surf Excel 1kg,Cleaning,South,78,48,63,46,220,5,Sunny,0,215.65,Low
2024-04-02,1,P009,Amul Butter 500g,Dairy,South,281,24,39,24,275,5,Stormy,0,258.66,Low
2024-04-02,1,P010,Red Label Tea 500g,Beverages,South,298,62,70,65,255,20,Rainy,1,278.79,Low
2024-04-03,1,P001,Amul Taaza Toned Milk 1L,Dairy,South,98,56,66,58,58,20,Sunny,0,62.56,Low
2024-04-03,1,P002,Britannia Good Day 600g,Snacks,South,154,54,67,50,120,0,Sunny,0,122.87,Low
2024-04-03,1,P003,Aashirvaad Atta 5kg,Staples,South,219,41,60,44,248,15,Sunny,0,253.07,Low
2024-04-03,1,P004,Maggi 2-Minute Noodles,Snacks,South,102,72,73,76,48,0,Cloudy,0,50.97,Low
2024-04-03,1,P005,Tata Salt 1kg,Staples,South,197,35,41,37,22,5,Sunny,0,21.18,Low
2024-04-03,1,P006,Coca-Cola 600ml,Beverages,South,286,29,37,26,40,15,Rainy,0,37.74,Low
2024-04-03,1,P007,Parle-G 800g,Snacks,South,203,65,77,60,65,20,Cloudy,0,71.19,Low
2024-04-03,1,P008,Surf Excel 1kg,Cleaning,South,281,60,75,55,220,0,Cloudy,0,204.9,Low
2024-04-03,1,P009,Amul Butter 500g,Dairy,South,60,67,67,71,275,0,Stormy,0,298.54,Low
2024-04-03,1,P010,Red Label Tea 500g,Beverages,South,124,31,48,27,255,20,Sunny,0,232.33,Low
2024-04-04,1,P001,Amul Taaza Toned Milk 1L,Dairy,South,52,22,33,23,58,0,Cloudy,0,53.4,Low
2024-04-04,1,P002,Britannia Good Day 600g,Snacks,South,282,25,31,23,120,5,Cloudy,0,130.7,Low
2024-04-04,1,P003,Aashirvaad Atta 5kg,Staples,South,50,49,51,49,248,5,Sunny,0,228.39,Low
2024-04-04,1,P004,Maggi 2-Minute Noodles,Snacks,South,114,85,89,82,48,15,Stormy,0,50.24,Low
2024-04-04,1,P005,Tata Salt 1kg,Staples,South,213,49,52,47,22,5,Sunny,0,21.36,Low
2024-04-04,1,P006,Coca-Cola 600ml,Beverages,South,71,67,68,66,40,5,Stormy,1,41.03,Low
2024-04-04,1,P007,Parle-G 800g,Snacks,South,129,64,82,67,65,20,Cloudy,0,60.63,Low
2024-04-04,1,P008,Surf Excel 1kg,Cleaning,South,287,76,89,71,220,0,Cloudy,0,203.8,Low
2024-04-04,1,P009,Amul Butter 500g,Dairy,South,51,79,97,82,275,0,Rainy,0,292.44,Low
2024-04-04,1,P010,Red Label Tea 500g,Beverages,South,78,24,30,25,255,5,Rainy,0,268.37,Low
2024-04-05,1,P001,Amul Taaza Toned Milk 1L,Dairy,South,220,60,76,59,58,10,Cloudy,0,59.44,Low
2024-04-05,1,P002,Britannia Good Day 600g,Snacks,South,195,48,56,51,120,10,Sunny,0,125.31,Low
2024-04-05,1,P003,Aashirvaad Atta 5kg,Staples,South,169,29,38,27,248,0,Cloudy,0,227.94,Low
2024-04-05,1,P004,Maggi 2-Minute Noodles,Snacks,South,124,63,76,60,48,0,Cloudy,0,44.87,Low
2024-04-05,1,P005,Tata Salt 1kg,Staples,South,155,59,76,63,22,20,Stormy,0,19.83,Low
2024-04-05,1,P006,Coca-Cola 600ml,Beverages,South,254,71,74,72,40,15,Sunny,1,37.89,Low
2024-04-05,1,P007,Parle-G 800g,Snacks,South,147,28,39,27,65,15,Sunny,0,62.98,Low
2024-04-05,1,P008,Surf Excel 1kg,Cleaning,South,175,51,53,47,220,5,Sunny,0,206.97,Low
2024-04-05,1,P009,Amul Butter 500g,Dairy,South,203,47,48,44,275,15,Stormy,0,286.49,Low
2024-04-05,1,P010,Red Label Tea 500g,Beverages,South,212,59,67,55,255,10,Cloudy,0,263.06,Low
2024-04-06,1,P001,Amul Taaza Toned Milk 1L,Dairy,South,96,66,67,62,58,10,Cloudy,0,57.37,Low
2024-04-06,1,P002,Britannia Good Day 600g,Snacks,South,105,80,90,83,120,0,Sunny,0,109.7,Low
2024-04-06,1,P003,Aashirvaad Atta 5kg,Staples,South,190,24,26,28,248,0,Cloudy,1,244.63,Low
2024-04-06,1,P004,Maggi 2-Minute Noodles,Snacks,South,91,86,97,81,48,5,Cloudy,0,49.25,Low
2024-04-06,1,P005,Tata Salt 1kg,Staples,South,134,65,68,67,22,5,Cloudy,1,23.64,Low
2024-04-06,1,P006,Coca-Cola 600ml,Beverages,South,284,108,115,104,40,0,Rainy,0,37.54,Low
2024-04-06,1,P007,Parle-G 800g,Snacks,South,54,84,94,86,65,0,Rainy,0,58.76,Low
2024-04-06,1,P008,Surf Excel 1kg,Cleaning,South,177,66,83,70,220,10,Rainy,1,229.59,Low
2024-04-06,1,P009,Amul Butter 500g,Dairy,South,260,43,43,44,275,20,Cloudy,1,259.09,Low
2024-04-06,1,P010,Red Label Tea 500g,Beverages,South,269,30,34,25,255,0,Sunny,0,267.19,Low
2024-04-07,1,P001,Amul Taaza Toned Milk 1L,Dairy,South,156,51,51,47,58,0,Sunny,0,62.78,Low
2024-04-07,1,P002,Britannia Good Day 600g,Snacks,South,210,37,52,32,120,0,Cloudy,0,130.0,Low
2024-04-07,1,P003,Aashirvaad Atta 5kg,Staples,South,215,91,100,93,248,0,Rainy,0,247.62,Low
2024-04-07,1,P004,Maggi 2-Minute Noodles,Snacks,South,296,43,48,43,48,15,Cloudy,0,48.32,Low
2024-04-07,1,P005,Tata Salt 1kg,Staples,South,71,73,91,74,22,20,Stormy,0,23.89,Low
2024-04-07,1,P006,Coca-Cola 600ml,Beverages,South,187,50,58,48,40,0,Sunny,0,43.47,Low
2024-04-07,1,P007,Parle-G 800g,Snacks,South,84,91,96,88,65,20,Cloudy,1,69.62,Low
2024-04-07,1,P008,Surf Excel 1kg,Cleaning,South,241,101,117,98,220,0,Cloudy,0,211.48,Low
2024-04-07,1,P009,Amul Butter 500g,Dairy,South,116,34,44,37,275,15,Stormy,0,301.01,Low
2024-04-07,1,P010,Red Label Tea 500g,Beverages,South,61,68,80,71,255,0,Sunny,0,250.25,Low
2024-04-08,1,P001,Amul Taaza Toned Milk 1L,Dairy,South,199,35,38,36,58,0,Cloudy,0,54.97,Low
2024-04-08,1,P002,Britannia Good Day 600g,Snacks,South,109,77,86,80,120,0,Stormy,0,110.49,Low
2024-04-08,1,P003,Aashirvaad Atta 5kg,Staples,South,51,59,60,59,248,20,Rainy,1,230.47,Low
2024-04-08,1,P004,Maggi 2-Minute Noodles,Snacks,South,74,25,40,20,48,10,Rainy,0,46.17,Low
2024-04-08,1,P005,Tata Salt 1kg,Staples,South,136,23,23,22,22,0,Cloudy,0,21.59,Low
2024-04-08,1,P006,Coca-Cola 600ml,Beverages,South,77,56,68,51,40,20,Rainy,1,38.73,Low
2024-04-08,1,P007,Parle-G 800g,Snacks,South,280,23,34,19,65,15,Cloudy,0,69.55,Low
2024-04-08,1,P008,Surf Excel 1kg,Cleaning,South,118,28,30,23,220,0,Stormy,0,223.33,Low
2024-04-08,1,P009,Amul Butter 500g,Dairy,South,214,52,70,53,275,0,Cloudy,1,278.68,Low
2024-04-08,1,P010,Red Label Tea 500g,Beverages,South,152,45,49,44,255,0,Sunny,1,257.14,Low
2024-04-09,1,P001,Amul Taaza Toned Milk 1L,Dairy,South,110,57,62,55,58,0,Sunny,0,61.08,Low
2024-04-09,1,P002,Britannia Good Day 600g,Snacks,South,218,40,42,35,120,0,Rainy,0,128.94,Low
2024-04-09,1,P003,Aashirvaad Atta 5kg,Staples,South,202,36,54,33,248,5,Cloudy,0,252.21,Low
2024-04-09,1,P004,Maggi 2-Minute Noodles,Snacks,South,234,60,74,60,48,0,Stormy,0,52.17,Low
2024-04-09,1,P005,Tata Salt 1kg,Staples,South,295,21,21,23,22,0,Stormy,1,23.39,Low
2024-04-09,1,P006,Coca-Cola 600ml,Beverages,South,254,72,84,76,40,20,Sunny,0,43.34,Low
2024-04-09,1,P007,Parle-G 800g,Snacks,South,96,48,59,51,65,0,Rainy,1,66.51,Low
2024-04-09,1,P008,Surf Excel 1kg,Cleaning,South,64,86,89,81,220,20,Sunny,0,212.08,Low
2024-04-09,1,P009,Amul Butter 500g,Dairy,South,98,36,53,37,275,5,Cloudy,0,254.49,Low
2024-04-09,1,P010,Red Label Tea 500g,Beverages,South,267,27,44,28,255,10,Cloudy,0,255.31,Low
2024-04-10,1,P001,Amul Taaza Toned Milk 1L,Dairy,South,72,50,60,45,58,0,Cloudy,0,56.77,Low
2024-04-10,1,P002,Britannia Good Day 600g,Snacks,South,233,34,46,30,120,20,Cloudy,0,109.33,Low
2024-04-10,1,P003,Aashirvaad Atta 5kg,Staples,South,122,66,66,66,248,0,Rainy,0,268.25,Low
2024-04-10,1,P004,Maggi 2-Minute Noodles,Snacks,South,83,69,88,72,48,5,Cloudy,0,50.62,Low
2024-04-10,1,P005,Tata Salt 1kg,Staples,South,267,35,51,36,22,0,Cloudy,1,22.23,Low
2024-04-10,1,P006,Coca-Cola 600ml,Beverages,South,290,23,40,21,40,0,Stormy,0,39.98,Low
2024-04-10,1,P007,Parle-G 800g,Snacks,South,202,55,56,58,65,5,Sunny,0,61.59,Low
2024-04-10,1,P008,Surf Excel 1kg,Cleaning,South,152,34,34,35,220,0,Sunny,0,238.35,Low
2024-04-10,1,P009,Amul Butter 500g,Dairy,South,286,70,83,74,275,15,Rainy,0,292.65,Low
2024-04-10,1,P010,Red Label Tea 500g,Beverages,South,273,49,65,51,255,5,Stormy,0,239.49,Low
2024-04-11,1,P001,Amul Taaza Toned Milk 1L,Dairy,South,131,73,86,69,58,10,Cloudy,0,59.84,Low
2024-04-11,1,P002,Britannia Good Day 600g,Snacks,South,231,36,45,36,120,0,Cloudy,0,110.64,Low
2024-04-11,1,P003,Aashirvaad Atta 5kg,Staples,South,80,62,78,63,248,5,Cloudy,0,228.91,Low
2024-04-11,1,P004,Maggi 2-Minute Noodles,Snacks,South,150,34,38,30,48,0,Cloudy,1,43.37,Low
2024-04-11,1,P005,Tata Salt 1kg,Staples,South,181,43,60,43,22,20,Rainy,0,22.14,Low
2024-04-11,1,P006,Coca-Cola 600ml,Beverages,South,172,38,45,37,40,0,Rainy,0,40.1,Low
2024-04-11,1,P007,Parle-G 800g,Snacks,South,276,72,80,69,65,0,Rainy,1,65.52,Low
2024-04-11,1,P008,Surf Excel 1kg,Cleaning,South,127,68,78,69,220,0,Sunny,0,229.83,Low
2024-04-11,1,P009,Amul Butter 500g,Dairy,South,135,43,62,39,275,20,Sunny,0,261.51,Low
2024-04-11,1,P010,Red Label Tea 500g,Beverages,South,58,30,48,27,255,10,Sunny,0,244.93,Low
2024-04-12,1,P001,Amul Taaza Toned Milk 1L,Dairy,South,290,35,51,31,58,15,Cloudy,0,58.71,Low
2024-04-12,1,P002,Britannia Good Day 600g,Snacks,South,286,56,57,52,120,20,Rainy,0,113.04,Low
2024-04-12,1,P003,Aashirvaad Atta 5kg,Staples,South,221,29,45,29,248,0,Stormy,0,235.94,Low
2024-04-12,1,P004,Maggi 2-Minute Noodles,Snacks,South,169,37,42,33,48,20,Rainy,0,49.33,Low
2024-04-12,1,P005,Tata Salt 1kg,Staples,South,67,33,44,36,22,0,Stormy,1,22.89,Low
2024-04-12,1,P006,Coca-Cola 600ml,Beverages,South,188,33,42,30,40,5,Sunny,0,38.07,Low
2024-04-12,1,P007,Parle-G 800g,Snacks,South,259,40,47,44,65,15,Sunny,0,63.71,Low
2024-04-12,1,P008,Surf Excel 1kg,Cleaning,South,54,39,39,34,220,0,Cloudy,1,214.13,Low
2024-04-12,1,P009,Amul Butter 500g,Dairy,South,275,60,66,62,275,5,Rainy,0,268.36,Low
2024-04-12,1,P010,Red Label Tea 500g,Beverages,South,279,40,43,44,255,0,Stormy,1,255.16,Low
2024-04-13,1,P001,Amul Taaza Toned Milk 1L,Dairy,South,116,68,79,72,58,0,Stormy,0,59.67,Low
2024-04-13,1,P002,Britannia Good Day 600g,Snacks,South,116,36,42,37,120,10,Rainy,0,113.31,Low
2024-04-13,1,P003,Aashirvaad Atta 5kg,Staples,South,97,47,65,43,248,0,Stormy,0,262.75,Low
2024-04-13,1,P004,Maggi 2-Minute Noodles,Snacks,South,157,95,113,96,48,20,Rainy,1,46.35,Low
2024-04-13,1,P005,Tata Salt 1kg,Staples,South,292,30,48,29,22,0,Rainy,0,20.75,Low
2024-04-13,1,P006,Coca-Cola 600ml,Beverages,South,79,45,47,44,40,0,Cloudy,0,43.22,Low
2024-04-13,1,P007,Parle-G 800g,Snacks,South,156,35,42,31,65,0,Rainy,0,64.39,Low
2024-04-13,1,P008,Surf Excel 1kg,Cleaning,South,285,28,35,27,220,15,Stormy,0,235.12,Low
2024-04-13,1,P009,Amul Butter 500g,Dairy,South,286,78,96,73,275,0,Stormy,0,271.94,Low
2024-04-13,1,P010,Red Label Tea 500g,Beverages,South,66,60,67,63,255,0,Cloudy,0,236.78,Low
2024-04-14,1,P001,Amul Taaza Toned Milk 1L,Dairy,South,248,77,91,76,58,15,Stormy,0,62.42,Low
2024-04-14,1,P002,Britannia Good Day 600g,Snacks,South,201,105,106,105,120,0,Stormy,1,108.52,Low
2024-04-14,1,P003,Aashirvaad Atta 5kg,Staples,South,95,76,81,78,248,15,Sunny,0,223.87,Low
2024-04-14,1,P004,Maggi 2-Minute Noodles,Snacks,South,285,72,88,67,48,20,Cloudy,1,50.19,Low
2024-04-14,1,P005,Tata Salt 1kg,Staples,South,82,60,76,59,22,0,Sunny,0,19.93,Low
2024-04-14,1,P006,Coca-Cola 600ml,Beverages,South,170,105,117,100,40,5,Sunny,0,36.65,Low
2024-04-14,1,P007,Parle-G 800g,Snacks,South,162,35,43,32,65,0,Stormy,0,59.19,Low
2024-04-14,1,P008,Surf Excel 1kg,Cleaning,South,239,88,91,89,220,10,Cloudy,0,230.77,Low
2024-04-14,1,P009,Amul Butter 500g,Dairy,South,105,66,69,68,275,0,Sunny,1,283.3,Low
2024-04-14,1,P010,Red Label Tea 500g,Beverages,South,101,73,88,74,255,15,Sunny,0,265.09,Low
2024-04-15,1,P001,Amul Taaza Toned Milk 1L,Dairy,South,189,73,79,74,58,20,Cloudy,0,63.43,Low
2024-04-15,1,P002,Britannia Good Day 600g,Snacks,South,282,57,58,58,120,20,Stormy,0,119.18,Low
2024-04-15,1,P003,Aashirvaad Atta 5kg,Staples,South,190,27,44,29,248,20,Sunny,1,268.63,Low
2024-04-15,1,P004,Maggi 2-Minute Noodles,Snacks,South,72,54,61,57,48,10,Rainy,0,48.78,Low
2024-04-15,1,P005,Tata Salt 1kg,Staples,South,171,61,71,61,22,10,Sunny,1,22.84,Low
2024-04-15,1,P006,Coca-Cola 600ml,Beverages,South,96,62,68,63,40,15,Stormy,0,43.93,Low
2024-04-15,1,P007,Parle-G 800g,Snacks,South,168,52,69,52,65,15,Stormy,0,67.95,Low
2024-04-15,1,P008,Surf Excel 1kg,Cleaning,South,130,55,64,57,220,20,Stormy,0,217.38,Low
2024-04-15,1,P009,Amul Butter 500g,Dairy,South,69,85,100,80,275,0,Stormy,1,248.8,Low
2024-04-15,1,P010,Red Label Tea 500g,Beverages,South,149,55,66,56,255,0,Rainy,0,245.36,Low
2024-04-16,1,P001,Amul Taaza Toned Milk 1L,Dairy,South,145,68,74,64,58,20,Stormy,0,63.67,Low
2024-04-16,1,P002,Britannia Good Day 600g,Snacks,South,212,71,72,71,120,15,Sunny,0,125.52,Low
2024-04-16,1,P003,Aashirvaad Atta 5kg,Staples,South,138,32,51,32,248,20,Rainy,0,266.93,Low
2024-04-16,1,P004,Maggi 2-Minute Noodles,Snacks,South,197,26,30,27,48,0,Cloudy,0,51.59,Low
2024-04-16,1,P005,Tata Salt 1kg,Staples,South,71,76,83,74,22,0,Cloudy,0,20.43,Low
2024-04-16,1,P006,Coca-Cola 600ml,Beverages,South,167,53,60,48,40,20,Rainy,0,40.83,Low
2024-04-16,1,P007,Parle-G 800g,Snacks,South,171,65,81,65,65,15,Rainy,0,66.31,Low
2024-04-16,1,P008,Surf Excel 1kg,Cleaning,South,215,65,84,61,220,0,Stormy,1,228.19,Low
2024-04-16,1,P009,Amul Butter 500g,Dairy,South,148,35,54,31,275,10,Stormy,0,251.38,Low
2024-04-16,1,P010,Red Label Tea 500g,Beverages,South,277,84,93,84,255,15,Rainy,0,265.91,Low
2024-04-17,1,P001,Amul Taaza Toned Milk 1L,Dairy,South,150,46,62,48,58,15,Stormy,0,60.64,Low
2024-04-17,1,P002,Britannia Good Day 600g,Snacks,South,230,29,47,26,120,20,Cloudy,1,119.79,Low
2024-04-17,1,P003,Aashirvaad Atta 5kg,Staples,South,225,46,56,47,248,0,Sunny,1,226.46,Low
2024-04-17,1,P004,Maggi 2-Minute Noodles,Snacks,South,104,29,29,24,48,5,Sunny,0,51.76,Low
2024-04-17,1,P005,Tata Salt 1kg,Staples,South,176,70,79,65,22,10,Cloudy,0,20.15,Low
2024-04-17,1,P006,Coca-Cola 600ml,Beverages,South,122,77,88,74,40,20,Stormy,1,40.48,Low
2024-04-17,1,P007,Parle-G 800g,Snacks,South,283,40,44,41,65,0,Stormy,0,68.89,Low
2024-04-17,1,P008,Surf Excel 1kg,Cleaning,South,80,52,53,53,220,20,Sunny,0,230.44,Low
2024-04-17,1,P009,Amul Butter 500g,Dairy,South,78,23,24,24,275,10,Sunny,0,287.64,Low
2024-04-17,1,P010,Red Label Tea 500g,Beverages,South,248,87,92,89,255,10,Sunny,0,241.36,Low
2024-04-18,1,P001,Amul Taaza Toned Milk 1L,Dairy,South,110,25,31,28,58,20,Rainy,0,58.0,Low
2024-04-18,1,P002,Britannia Good Day 600g,Snacks,South,243,58,76,56,120,0,Cloudy,0,121.41,Low
2024-04-18,1,P003,Aashirvaad Atta 5kg,Staples,South,250,43,43,38,248,0,Cloudy,0,260.08,Low
2024-04-18,1,P004,Maggi 2-Minute Noodles,Snacks,South,242,20,32,19,48,5,Sunny,1,45.68,Low
2024-04-18,1,P005,Tata Salt 1kg,Staples,South,80,63,79,64,22,15,Sunny,1,24.0,Low
2024-04-18,1,P006,Coca-Cola 600ml,Beverages,South,135,78,79,79,40,15,Sunny,1,38.85,Low
2024-04-18,1,P007,Parle-G 800g,Snacks,South,167,73,77,74,65,0,Cloudy,0,65.65,Low
2024-04-18,1,P008,Surf Excel 1kg,Cleaning,South,105,55,58,50,220,10,Cloudy,1,234.33,Low
2024-04-18,1,P009,Amul Butter 500g,Dairy,South,206,84,91,86,275,0,Sunny,0,299.3,Low
2024-04-18,1,P010,Red Label Tea 500g,Beverages,South,259,33,46,28,255,0,Sunny,0,244.14,Low
2024-04-19,1,P001,Amul Taaza Toned Milk 1L,Dairy,South,201,35,37,32,58,20,Sunny,0,56.73,Low
2024-04-19,1,P002,Britannia Good Day 600g,Snacks,South,205,34,45,29,120,0,Sunny,0,130.67,Low
2024-04-19,1,P003,Aashirvaad Atta 5kg,Staples,South,251,21,30,21,248,5,Stormy,1,238.49,Low
2024-04-19,1,P004,Maggi 2-Minute Noodles,Snacks,South,86,44,49,39,48,15,Cloudy,0,49.56,Low
2024-04-19,1,P005,Tata Salt 1kg,Staples,South,139,48,55,45,22,15,Sunny,0,21.93,Low
2024-04-19,1,P006,Coca-Cola 600ml,Beverages,South,109,51,64,49,40,0,Stormy,0,41.54,Low
2024-04-19,1,P007,Parle-G 800g,Snacks,South,88,68,74,66,65,5,Rainy,0,70.59,Low
2024-04-19,1,P008,Surf Excel 1kg,Cleaning,South,177,58,66,62,220,5,Cloudy,0,207.98,Low
2024-04-19,1,P009,Amul Butter 500g,Dairy,South,116,57,67,55,275,5,Cloudy,0,285.21,Low
2024-04-19,1,P010,Red Label Tea 500g,Beverages,South,120,76,90,72,255,0,Stormy,0,238.59,Low
2024-04-20,1,P001,Amul Taaza Toned Milk 1L,Dairy,South,275,85,95,89,58,20,Cloudy,0,53.77,Low
2024-04-20,1,P002,Britannia Good Day 600g,Snacks,South,83,29,29,26,120,0,Sunny,1,127.1,Low
2024-04-20,1,P003,Aashirvaad Atta 5kg,Staples,South,176,45,56,45,248,5,Cloudy,0,229.66,Low
2024-04-20,1,P004,Maggi 2-Minute Noodles,Snacks,South,85,70,74,72,48,5,Rainy,0,51.44,Low
2024-04-20,1,P005,Tata Salt 1kg,Staples,South,201,57,58,57,22,15,Sunny,0,23.11,Low
2024-04-20,1,P006,Coca-Cola 600ml,Beverages,South,78,70,74,65,40,0,Cloudy,0,38.38,Low
2024-04-20,1,P007,Parle-G 800g,Snacks,South,180,62,81,66,65,0,Cloudy,0,63.9,Low
2024-04-20,1,P008,Surf Excel 1kg,Cleaning,South,209,78,96,73,220,10,Cloudy,0,210.97,Low
2024-04-20,1,P009,Amul Butter 500g,Dairy,South,248,59,78,62,275,15,Cloudy,0,292.49,Low
2024-04-20,1,P010,Red Label Tea 500g,Beverages,South,102,45,63,43,255,5,Stormy,0,234.53,Low
2024-04-21,1,P001,Amul Taaza Toned Milk 1L,Dairy,South,253,85,94,86,58,0,Cloudy,0,60.38,Low
2024-04-21,1,P002,Britannia Good Day 600g,Snacks,South,257,81,85,76,120,0,Sunny,0,127.86,Low
2024-04-21,1,P003,Aashirvaad Atta 5kg,Staples,South,241,78,85,73,248,0,Cloudy,0,246.0,Low
2024-04-21,1,P004,Maggi 2-Minute Noodles,Snacks,South,298,48,57,50,48,5,Sunny,1,50.0,Low
2024-04-21,1,P005,Tata Salt 1kg,Staples,South,137,48,49,43,22,0,Rainy,0,22.31,Low
2024-04-21,1,P006,Coca-Cola 600ml,Beverages,South,174,94,103,89,40,0,Sunny,0,36.59,Low
2024-04-21,1,P007,Parle-G 800g,Snacks,South,234,36,40,39,65,0,Cloudy,1,62.46,Low
2024-04-21,1,P008,Surf Excel 1kg,Cleaning,South,74,34,42,34,220,20,Cloudy,0,218.47,Low
2024-04-21,1,P009,Amul Butter 500g,Dairy,South,100,78,83,77,275,20,Cloudy,0,277.42,Low
2024-04-21,1,P010,Red Label Tea 500g,Beverages,South,213,103,106,102,255,20,Stormy,0,244.15,Low
2024-04-22,1,P001,Amul Taaza Toned Milk 1L,Dairy,South,239,33,48,33,58,5,Stormy,0,55.53,Low
2024-04-22,1,P002,Britannia Good Day 600g,Snacks,South,78,55,72,59,120,0,Rainy,0,118.23,Low
2024-04-22,1,P003,Aashirvaad Atta 5kg,Staples,South,64,30,33,28,248,0,Rainy,0,269.88,Low
2024-04-22,1,P004,Maggi 2-Minute Noodles,Snacks,South,82,70,71,71,48,10,Cloudy,0,44.4,Low
2024-04-22,1,P005,Tata Salt 1kg,Staples,South,182,22,37,17,22,5,Rainy,0,21.18,Low
2024-04-22,1,P006,Coca-Cola 600ml,Beverages,South,162,68,69,72,40,0,Sunny,0,42.31,Low
2024-04-22,1,P007,Parle-G 800g,Snacks,South,250,40,49,42,65,10,Sunny,0,60.84,Low
2024-04-22,1,P008,Surf Excel 1kg,Cleaning,South,252,31,50,34,220,0,Sunny,0,208.36,Low
2024-04-22,1,P009,Amul Butter 500g,Dairy,South,58,65,76,69,275,0,Rainy,0,300.62,Low
2024-04-22,1,P010,Red Label Tea 500g,Beverages,South,179,32,33,36,255,5,Sunny,0,244.29,Low
2024-04-23,1,P001,Amul Taaza Toned Milk 1L,Dairy,South,64,71,82,73,58,0,Cloudy,0,54.02,Low
2024-04-23,1,P002,Britannia Good Day 600g,Snacks,South,172,61,71,60,120,0,Stormy,1,129.95,Low
2024-04-23,1,P003,Aashirvaad Atta 5kg,Staples,South,123,83,84,87,248,15,Sunny,0,232.8,Low
2024-04-23,1,P004,Maggi 2-Minute Noodles,Snacks,South,238,54,59,52,48,0,Rainy,1,46.91,Low
2024-04-23,1,P005,Tata Salt 1kg,Staples,South,290,46,51,49,22,0,Stormy,0,20.12,Low
2024-04-23,1,P006,Coca-Cola 600ml,Beverages,South,208,49,58,52,40,5,Rainy,0,39.14,Low
2024-04-23,1,P007,Parle-G 800g,Snacks,South,193,12,20,9,65,0,Sunny,0,66.56,Low
2024-04-23,1,P008,Surf Excel 1kg,Cleaning,South,249,64,72,60,220,15,Stormy,0,231.83,Low
2024-04-23,1,P009,Amul Butter 500g,Dairy,South,154,41,41,44,275,0,Rainy,1,273.1,Low
2024-04-23,1,P010,Red Label Tea 500g,Beverages,South,124,33,46,33,255,5,Sunny,0,237.12,Low
2024-04-24,1,P001,Amul Taaza Toned Milk 1L,Dairy,South,218,21,23,17,58,5,Rainy,0,57.9,Low
2024-04-24,1,P002,Britannia Good Day 600g,Snacks,South,219,70,87,73,120,20,Sunny,0,128.61,Low
2024-04-24,1,P003,Aashirvaad Atta 5kg,Staples,South,244,19,30,19,248,0,Stormy,0,262.94,Low
2024-04-24,1,P004,Maggi 2-Minute Noodles,Snacks,South,214,29,39,27,48,0,Sunny,0,46.84,Low
2024-04-24,1,P005,Tata Salt 1kg,Staples,South,53,68,79,70,22,15,Rainy,0,23.91,Low
2024-04-24,1,P006,Coca-Cola 600ml,Beverages,South,133,76,79,79,40,5,Stormy,0,41.58,Low
2024-04-24,1,P007,Parle-G 800g,Snacks,South,155,40,52,41,65,5,Cloudy,0,59.19,Low
2024-04-24,1,P008,Surf Excel 1kg,Cleaning,South,126,70,71,74,220,15,Cloudy,0,233.73,Low
2024-04-24,1,P009,Amul Butter 500g,Dairy,South,174,55,70,53,275,20,Stormy,0,289.48,Low
2024-04-24,1,P010,Red Label Tea 500g,Beverages,South,239,51,65,47,255,0,Stormy,0,252.29,Low
2024-04-25,1,P001,Amul Taaza Toned Milk 1L,Dairy,South,133,23,38,22,58,0,Rainy,0,63.29,Low
2024-04-25,1,P002,Britannia Good Day 600g,Snacks,South,79,60,71,56,120,20,Stormy,0,124.59,Low
2024-04-25,1,P003,Aashirvaad Atta 5kg,Staples,South,94,39,53,40,248,20,Stormy,0,253.04,Low
2024-04-25,1,P004,Maggi 2-Minute Noodles,Snacks,South,233,60,71,63,48,5,Cloudy,1,43.57,Low
2024-04-25,1,P005,Tata Salt 1kg,Staples,South,82,30,37,33,22,15,Sunny,0,21.88,Low
2024-04-25,1,P006,Coca-Cola 600ml,Beverages,South,65,21,36,19,40,10,Rainy,0,37.92,Low
2024-04-25,1,P007,Parle-G 800g,Snacks,South,85,60,77,63,65,0,Rainy,0,62.99,Low
2024-04-25,1,P008,Surf Excel 1kg,Cleaning,South,268,56,66,51,220,10,Rainy,0,213.43,Low
2024-04-25,1,P009,Amul Butter 500g,Dairy,South,276,52,66,51,275,20,Stormy,0,258.95,Low
2024-04-25,1,P010,Red Label Tea 500g,Beverages,South,171,20,28,21,255,0,Cloudy,0,255.22,Low
2024-04-26,1,P001,Amul Taaza Toned Milk 1L,Dairy,South,58,45,57,42,58,5,Sunny,0,60.78,Low
2024-04-26,1,P002,Britannia Good Day 600g,Snacks,South,186,45,57,47,120,20,Sunny,0,108.96,Low
2024-04-26,1,P003,Aashirvaad Atta 5kg,Staples,South,210,58,61,55,248,0,Cloudy,1,252.25,Low
2024-04-26,1,P004,Maggi 2-Minute Noodles,Snacks,South,157,62,72,58,48,15,Stormy,1,48.36,Low
2024-04-26,1,P005,Tata Salt 1kg,Staples,South,198,40,50,43,22,15,Cloudy,0,20.14,Low
2024-04-26,1,P006,Coca-Cola 600ml,Beverages,South,145,63,79,58,40,0,Sunny,0,43.03,Low
2024-04-26,1,P007,Parle-G 800g,Snacks,South,276,22,40,23,65,0,Cloudy,0,60.06,Low
2024-04-26,1,P008,Surf Excel 1kg,Cleaning,South,63,43,56,38,220,0,Cloudy,0,239.51,Low
2024-04-26,1,P009,Amul Butter 500g,Dairy,South,221,49,64,51,275,20,Rainy,0,249.39,Low
2024-04-26,1,P010,Red Label Tea 500g,Beverages,South,76,44,53,41,255,20,Sunny,1,251.55,Low
2024-04-27,1,P001,Amul Taaza Toned Milk 1L,Dairy,South,240,32,41,27,58,5,Stormy,0,59.59,Low
2024-04-27,1,P002,Britannia Good Day 600g,Snacks,South,152,94,113,90,120,5,Rainy,1,122.16,Low
2024-04-27,1,P003,Aashirvaad Atta 5kg,Staples,South,59,43,51,46,248,5,Stormy,1,245.63,Low
2024-04-27,1,P004,Maggi 2-Minute Noodles,Snacks,South,187,66,70,62,48,20,Cloudy,0,51.74,Low
2024-04-27,1,P005,Tata Salt 1kg,Staples,South,102,77,90,78,22,0,Cloudy,1,21.18,Low
2024-04-27,1,P006,Coca-Cola 600ml,Beverages,South,59,31,40,32,40,5,Cloudy,0,43.35,Low
2024-04-27,1,P007,Parle-G 800g,Snacks,South,256,89,108,88,65,5,Stormy,0,59.36,Low
2024-04-27,1,P008,Surf Excel 1kg,Cleaning,South,110,81,88,81,220,0,Cloudy,0,219.21,Low
2024-04-27,1,P009,Amul Butter 500g,Dairy,South,106,51,68,47,275,20,Cloudy,0,277.98,Low
2024-04-27,1,P010,Red Label Tea 500g,Beverages,South,200,59,68,62,255,10,Sunny,0,263.62,Low
2024-04-28,1,P001,Amul Taaza Toned Milk 1L,Dairy,South,84,33,33,32,58,20,Stormy,0,63.03,Low
2024-04-28,1,P002,Britannia Good Day 600g,Snacks,South,169,74,79,73,120,0,Stormy,1,123.74,Low
2024-04-28,1,P003,Aashirvaad Atta 5kg,Staples,South,241,52,66,49,248,0,Cloudy,0,259.45,Low
2024-04-28,1,P004,Maggi 2-Minute Noodles,Snacks,South,261,30,31,30,48,0,Cloudy,1,48.0,Low
2024-04-28,1,P005,Tata Salt 1kg,Staples,South,273,89,94,93,22,10,Sunny,0,23.7,Low
2024-04-28,1,P006,Coca-Cola 600ml,Beverages,South,73,57,69,59,40,0,Stormy,1,40.01,Low
2024-04-28,1,P007,Parle-G 800g,Snacks,South,93,39,51,37,65,0,Sunny,0,64.63,Low
2024-04-28,1,P008,Surf Excel 1kg,Cleaning,South,247,33,40,30,220,0,Sunny,0,220.22,Low
2024-04-28,1,P009,Amul Butter 500g,Dairy,South,180,83,86,86,275,10,Rainy,0,298.78,Low
2024-04-28,1,P010,Red Label Tea 500g,Beverages,South,105,97,111,101,255,20,Cloudy,0,235.24,Low
2024-04-29,1,P001,Amul Taaza Toned Milk 1L,Dairy,South,79,68,72,69,58,20,Rainy,0,56.64,Low
2024-04-29,1,P002,Britannia Good Day 600g,Snacks,South,265,73,74,76,120,20,Stormy,0,120.22,Low
2024-04-29,1,P003,Aashirvaad Atta 5kg,Staples,South,149,55,65,54,248,0,Sunny,1,223.76,Low
2024-04-29,1,P004,Maggi 2-Minute Noodles,Snacks,South,159,70,82,74,48,15,Stormy,1,51.44,Low
2024-04-29,1,P005,Tata Salt 1kg,Staples,South,162,54,67,56,22,0,Rainy,1,20.12,Low
2024-04-29,1,P006,Coca-Cola 600ml,Beverages,South,122,57,59,57,40,20,Cloudy,0,42.03,Low
2024-04-29,1,P007,Parle-G 800g,Snacks,South,113,24,39,25,65,5,Cloudy,1,62.2,Low
2024-04-29,1,P008,Surf Excel 1kg,Cleaning,South,240,53,67,57,220,0,Stormy,1,235.55,Low
2024-04-29,1,P009,Amul Butter 500g,Dairy,South,99,20,33,20,275,0,Cloudy,0,277.88,Low
2024-04-29,1,P010,Red Label Tea 500g,Beverages,South,267,59,74,58,255,10,Sunny,0,246.11,Low
2024-04-30,1,P001,Amul Taaza Toned Milk 1L,Dairy,South,254,15,19,11,58,5,Cloudy,1,56.32,Low
2024-04-30,1,P002,Britannia Good Day 600g,Snacks,South,81,17,18,18,120,0,Stormy,0,129.0,Low
2024-04-30,1,P003,Aashirvaad Atta 5kg,Staples,South,50,51,51,46,248,15,Sunny,0,228.39,Low
2024-04-30,1,P004,Maggi 2-Minute Noodles,Snacks,South,150,37,45,40,48,0,Stormy,1,52.32,Low
2024-04-30,1,P005,Tata Salt 1kg,Staples,South,61,65,69,67,22,15,Sunny,0,21.97,Low
2024-04-30,1,P006,Coca-Cola 600ml,Beverages,South,283,50,52,45,40,0,Stormy,0,38.91,Low
2024-04-30,1,P007,Parle-G 800g,Snacks,South,233,19,35,17,65,10,Sunny,0,59.03,Low
2024-04-30,1,P008,Surf Excel 1kg,Cleaning,South,180,46,56,49,220,0,Stormy,0,199.37,Low
2024-04-30,1,P009,Amul Butter 500g,Dairy,South,64,64,64,65,275,5,Cloudy,1,301.91,Low
2024-04-30,1,P010,Red Label Tea 500g,Beverages,South,143,78,79,73,255,0,Cloudy,1,256.64,Low
2024-05-01,1,P001,Amul Taaza Toned Milk 1L,Dairy,South,143,48,66,48,58,0,Sunny,0,54.94,Low
2024-05-01,1,P002,Britannia Good Day 600g,Snacks,South,208,34,42,31,120,10,Sunny,0,131.83,Low
2024-05-01,1,P003,Aashirvaad Atta 5kg,Staples,South,53,31,50,32,248,0,Rainy,0,270.02,Low
2024-05-01,1,P004,Maggi 2-Minute Noodles,Snacks,South,286,61,71,58,48,0,Cloudy,0,49.69,Low
2024-05-01,1,P005,Tata Salt 1kg,Staples,South,76,75,79,70,22,0,Stormy,1,22.2,Low
2024-05-01,1,P006,Coca-Cola 600ml,Beverages,South,196,38,54,42,40,15,Rainy,0,37.87,Low
2024-05-01,1,P007,Parle-G 800g,Snacks,South,221,37,40,36,65,0,Sunny,1,63.35,Low
2024-05-01,1,P008,Surf Excel 1kg,Cleaning,South,252,30,45,26,220,0,Stormy,1,202.38,Low
2024-05-01,1,P009,Amul Butter 500g,Dairy,South,106,63,79,64,275,0,Cloudy,1,261.3,Low
2024-05-01,1,P010,Red Label Tea 500g,Beverages,South,260,24,36,24,255,15,Cloudy,0,258.12,Low
2024-05-02,1,P001,Amul Taaza Toned Milk 1L,Dairy,South,252,76,76,71,58,15,Stormy,0,59.74,Low
2024-05-02,1,P002,Britannia Good Day 600g,Snacks,South,96,70,83,69,120,0,Stormy,0,111.09,Low
2024-05-02,1,P003,Aashirvaad Atta 5kg,Staples,South,156,40,56,43,248,0,Sunny,0,230.67,Low
2024-05-02,1,P004,Maggi 2-Minute Noodles,Snacks,South,284,67,70,65,48,0,Cloudy,1,44.89,Low
2024-05-02,1,P005,Tata Salt 1kg,Staples,South,139,32,35,33,22,10,Stormy,0,23.43,Low
2024-05-02,1,P006,Coca-Cola 600ml,Beverages,South,131,49,59,47,40,0,Sunny,0,36.69,Low
2024-05-02,1,P007,Parle-G 800g,Snacks,South,256,26,30,24,65,0,Stormy,0,60.43,Low
2024-05-02,1,P008,Surf Excel 1kg,Cleaning,South,128,65,81,62,220,0,Rainy,0,227.29,Low
2024-05-02,1,P009,Amul Butter 500g,Dairy,South,84,27,38,22,275,0,Rainy,0,294.84,Low
2024-05-02,1,P010,Red Label Tea 500g,Beverages,South,149,34,37,29,255,15,Cloudy,0,278.24,Low
2024-05-03,1,P001,Amul Taaza Toned Milk 1L,Dairy,South,264,59,67,60,58,5,Sunny,0,53.55,Low
2024-05-03,1,P002,Britannia Good Day 600g,Snacks,South,171,38,40,38,120,0,Sunny,0,131.97,Low
2024-05-03,1,P003,Aashirvaad Atta 5kg,Staples,South,242,71,90,71,248,0,Cloudy,0,265.14,Low
2024-05-03,1,P004,Maggi 2-Minute Noodles,Snacks,South,93,71,86,66,48,10,Cloudy,0,51.21,Low
2024-05-03,1,P005,Tata Salt 1kg,Staples,South,216,65,65,60,22,10,Sunny,0,21.16,Low
2024-05-03,1,P006,Coca-Cola 600ml,Beverages,South,95,55,55,53,40,0,Stormy,0,40.35,Low
2024-05-03,1,P007,Parle-G 800g,Snacks,South,236,24,41,22,65,0,Sunny,1,59.55,Low
2024-05-03,1,P008,Surf Excel 1kg,Cleaning,South,274,66,67,61,220,10,Stormy,0,236.89,Low
2024-05-03,1,P009,Amul Butter 500g,Dairy,South,238,28,45,30,275,10,Rainy,0,294.27,Low
2024-05-03,1,P010,Red Label Tea 500g,Beverages,South,256,44,63,42,255,0,Sunny,0,243.59,Low
2024-05-04,1,P001,Amul Taaza Toned Milk 1L,Dairy,South,171,65,65,63,58,20,Cloudy,1,59.24,Low
2024-05-04,1,P002,Britannia Good Day 600g,Snacks,South,69,64,79,63,120,10,Rainy,1,110.71,Low
2024-05-04,1,P003,Aashirvaad Atta 5kg,Staples,South,111,61,80,65,248,5,Sunny,0,262.08,Low
2024-05-04,1,P004,Maggi 2-Minute Noodles,Snacks,South,267,110,118,114,48,0,Stormy,1,52.14,Low
2024-05-04,1,P005,Tata Salt 1kg,Staples,South,274,19,36,21,22,0,Sunny,0,20.94,Low
2024-05-04,1,P006,Coca-Cola 600ml,Beverages,South,138,60,74,60,40,0,Sunny,1,39.94,Low
2024-05-04,1,P007,Parle-G 800g,Snacks,South,177,48,67,50,65,0,Sunny,0,62.3,Low
2024-05-04,1,P008,Surf Excel 1kg,Cleaning,South,68,58,71,56,220,0,Sunny,0,240.3,Low
2024-05-04,1,P009,Amul Butter 500g,Dairy,South,245,41,60,38,275,20,Rainy,0,269.99,Low
2024-05-04,1,P010,Red Label Tea 500g,Beverages,South,258,68,72,71,255,0,Rainy,0,241.39,Low
2024-05-05,1,P001,Amul Taaza Toned Milk 1L,Dairy,South,148,61,65,62,58,0,Rainy,0,56.75,Low
2024-05-05,1,P002,Britannia Good Day 600g,Snacks,South,81,36,41,36,120,0,Rainy,1,121.02,Low
2024-05-05,1,P003,Aashirvaad Atta 5kg,Staples,South,59,32,47,30,248,0,Stormy,0,247.41,Low
2024-05-05,1,P004,Maggi 2-Minute Noodles,Snacks,South,146,110,125,107,48,10,Cloudy,0,49.69,Low
2024-05-05,1,P005,Tata Salt 1kg,Staples,South,221,65,77,67,22,0,Sunny,0,22.48,Low
2024-05-05,1,P006,Coca-Cola 600ml,Beverages,South,90,35,39,31,40,0,Cloudy,0,43.92,Low
2024-05-05,1,P007,Parle-G 800g,Snacks,South,299,27,31,28,65,0,Cloudy,0,66.04,Low
2024-05-05,1,P008,Surf Excel 1kg,Cleaning,South,195,71,77,71,220,0,Rainy,0,211.78,Low
2024-05-05,1,P009,Amul Butter 500g,Dairy,South,199,82,97,80,275,10,Stormy,1,288.44,Low
2024-05-05,1,P010,Red Label Tea 500g,Beverages,South,121,61,65,64,255,0,Rainy,0,255.69,Low
2024-05-06,1,P001,Amul Taaza Toned Milk 1L,Dairy,South,186,70,78,66,58,0,Sunny,0,58.89,Low
2024-05-06,1,P002,Britannia Good Day 600g,Snacks,South,105,70,71,67,120,10,Cloudy,0,109.05,Low
2024-05-06,1,P003,Aashirvaad Atta 5kg,Staples,South,286,56,65,59,248,10,Stormy,0,244.94,Low
2024-05-06,1,P004,Maggi 2-Minute Noodles,Snacks,South,264,62,65,57,48,0,Stormy,0,50.68,Low
2024-05-06,1,P005,Tata Salt 1kg,Staples,South,126,69,76,64,22,0,Stormy,1,20.28,Low
2024-05-06,1,P006,Coca-Cola 600ml,Beverages,South,172,48,54,49,40,20,Sunny,0,40.0,Low
2024-05-06,1,P007,Parle-G 800g,Snacks,South,138,23,41,22,65,0,Cloudy,1,63.9,Low
2024-05-06,1,P008,Surf Excel 1kg,Cleaning,South,81,34,46,36,220,0,Cloudy,1,220.55,Low
2024-05-06,1,P009,Amul Butter 500g,Dairy,South,206,19,23,14,275,20,Stormy,0,256.98,Low
2024-05-06,1,P010,Red Label Tea 500g,Beverages,South,64,47,54,44,255,10,Cloudy,0,243.39,Low
2024-05-07,1,P001,Amul Taaza Toned Milk 1L,Dairy,South,109,68,73,70,58,0,Sunny,0,60.76,Low
2024-05-07,1,P002,Britannia Good Day 600g,Snacks,South,52,58,61,53,120,0,Rainy,0,128.28,Low
2024-05-07,1,P003,Aashirvaad Atta 5kg,Staples,South,274,28,47,23,248,10,Sunny,0,255.18,Low
2024-05-07,1,P004,Maggi 2-Minute Noodles,Snacks,South,245,30,36,28,48,0,Rainy,0,50.52,Low
2024-05-07,1,P005,Tata Salt 1kg,Staples,South,102,36,48,37,22,5,Cloudy,0,22.36,Low
2024-05-07,1,P006,Coca-Cola 600ml,Beverages,South,72,44,49,48,40,0,Sunny,0,43.88,Low
2024-05-07,1,P007,Parle-G 800g,Snacks,South,50,77,84,77,65,10,Cloudy,1,59.21,Low
2024-05-07,1,P008,Surf Excel 1kg,Cleaning,South,258,74,92,76,220,15,Stormy,0,198.03,Low
2024-05-07,1,P009,Amul Butter 500g,Dairy,South,129,36,41,35,275,10,Cloudy,0,287.48,Low
2024-05-07,1,P010,Red Label Tea 500g,Beverages,South,73,30,45,29,255,0,Rainy,1,279.98,Low
2024-05-08,1,P001,Amul Taaza Toned Milk 1L,Dairy,South,243,67,86,63,58,0,Sunny,1,54.04,Low
2024-05-08,1,P002,Britannia Good Day 600g,Snacks,South,282,21,26,16,120,0,Sunny,0,114.29,Low
2024-05-08,1,P003,Aashirvaad Atta 5kg,Staples,South,131,32,51,34,248,10,Rainy,0,258.58,Low
2024-05-08,1,P004,Maggi 2-Minute Noodles,Snacks,South,66,72,89,72,48,20,Rainy,0,49.42,Low
2024-05-08,1,P005,Tata Salt 1kg,Staples,South,78,32,47,31,22,0,Rainy,0,23.1,Low
2024-05-08,1,P006,Coca-Cola 600ml,Beverages,South,223,52,54,56,40,0,Cloudy,1,38.31,Low
2024-05-08,1,P007,Parle-G 800g,Snacks,South,89,67,73,68,65,0,Cloudy,0,65.0,Low
2024-05-08,1,P008,Surf Excel 1kg,Cleaning,South,172,30,48,25,220,5,Cloudy,0,239.09,Low
2024-05-08,1,P009,Amul Butter 500g,Dairy,South,77,52,57,52,275,20,Sunny,1,257.76,Low
2024-05-08,1,P010,Red Label Tea 500g,Beverages,South,73,57,61,60,255,0,Sunny,0,235.38,Low
2024-05-09,1,P001,Amul Taaza Toned Milk 1L,Dairy,South,93,63,65,67,58,0,Rainy,0,59.34,Low
2024-05-09,1,P002,Britannia Good Day 600g,Snacks,South,266,27,31,23,120,0,Rainy,0,109.69,Low
2024-05-09,1,P003,Aashirvaad Atta 5kg,Staples,South,194,58,59,59,248,20,Cloudy,0,245.6,Low
2024-05-09,1,P004,Maggi 2-Minute Noodles,Snacks,South,84,50,60,53,48,5,Sunny,1,45.12,Low
2024-05-09,1,P005,Tata Salt 1kg,Staples,South,295,62,67,61,22,20,Rainy,0,20.71,Low
2024-05-09,1,P006,Coca-Cola 600ml,Beverages,South,175,47,60,50,40,15,Rainy,0,41.84,Low
2024-05-09,1,P007,Parle-G 800g,Snacks,South,233,53,67,50,65,15,Stormy,0,60.04,Low
2024-05-09,1,P008,Surf Excel 1kg,Cleaning,South,271,53,62,56,220,20,Rainy,1,211.01,Low
2024-05-09,1,P009,Amul Butter 500g,Dairy,South,243,56,65,57,275,10,Stormy,0,296.0,Low
2024-05-09,1,P010,Red Label Tea 500g,Beverages,South,283,79,90,82,255,15,Stormy,1,238.83,Low
2024-05-10,1,P001,Amul Taaza Toned Milk 1L,Dairy,South,117,76,84,77,58,0,Stormy,1,52.57,Low
2024-05-10,1,P002,Britannia Good Day 600g,Snacks,South,52,57,73,53,120,20,Cloudy,0,123.69,Low
2024-05-10,1,P003,Aashirvaad Atta 5kg,Staples,South,298,64,83,64,248,15,Cloudy,0,227.85,Low
2024-05-10,1,P004,Maggi 2-Minute Noodles,Snacks,South,80,35,47,35,48,0,Stormy,0,46.98,Low
2024-05-10,1,P005,Tata Salt 1kg,Staples,South,161,60,75,55,22,0,Rainy,0,20.13,Low
2024-05-10,1,P006,Coca-Cola 600ml,Beverages,South,77,56,62,56,40,0,Stormy,0,39.32,Low
2024-05-10,1,P007,Parle-G 800g,Snacks,South,146,53,71,50,65,20,Rainy,0,64.72,Low
2024-05-10,1,P008,Surf Excel 1kg,Cleaning,South,142,28,43,31,220,20,Rainy,1,219.66,Low
2024-05-10,1,P009,Amul Butter 500g,Dairy,South,188,57,59,52,275,20,Sunny,0,260.96,Low
2024-05-10,1,P010,Red Label Tea 500g,Beverages,South,284,50,69,50,255,0,Rainy,1,279.07,Low
2024-05-11,1,P001,Amul Taaza Toned Milk 1L,Dairy,South,168,103,121,98,58,5,Rainy,0,53.43,Low
2024-05-11,1,P002,Britannia Good Day 600g,Snacks,South,217,97,97,95,120,15,Stormy,0,115.78,Low
2024-05-11,1,P003,Aashirvaad Atta 5kg,Staples,South,183,106,106,107,248,0,Rainy,0,252.23,Low
2024-05-11,1,P004,Maggi 2-Minute Noodles,Snacks,South,257,36,51,40,48,15,Sunny,0,44.77,Low
2024-05-11,1,P005,Tata Salt 1kg,Staples,South,222,89,100,93,22,20,Rainy,0,21.32,Low
2024-05-11,1,P006,Coca-Cola 600ml,Beverages,South,203,45,59,47,40,15,Rainy,0,40.24,Low
2024-05-11,1,P007,Parle-G 800g,Snacks,South,271,23,33,27,65,15,Rainy,1,62.59,Low
2024-05-11,1,P008,Surf Excel 1kg,Cleaning,South,117,88,99,87,220,20,Sunny,0,199.44,Low
2024-05-11,1,P009,Amul Butter 500g,Dairy,South,203,66,70,63,275,10,Cloudy,0,297.32,Low
2024-05-11,1,P010,Red Label Tea 500g,Beverages,South,174,76,92,79,255,0,Sunny,0,266.82,Low
2024-05-12,1,P001,Amul Taaza Toned Milk 1L,Dairy,South,270,38,40,40,58,5,Stormy,0,55.95,Low
2024-05-12,1,P002,Britannia Good Day 600g,Snacks,South,110,54,61,57,120,15,Cloudy,0,114.58,Low
2024-05-12,1,P003,Aashirvaad Atta 5kg,Staples,South,218,34,35,30,248,0,Stormy,0,245.78,Low
2024-05-12,1,P004,Maggi 2-Minute Noodles,Snacks,South,261,105,122,109,48,0,Sunny,0,52.06,Low
2024-05-12,1,P005,Tata Salt 1kg,Staples,South,97,107,126,103,22,20,Rainy,0,23.49,Low
2024-05-12,1,P006,Coca-Cola 600ml,Beverages,South,190,35,38,32,40,5,Cloudy,1,42.18,Low
2024-05-12,1,P007,Parle-G 800g,Snacks,South,80,22,31,21,65,0,Cloudy,0,69.44,Low
2024-05-12,1,P008,Surf Excel 1kg,Cleaning,South,78,49,57,47,220,0,Cloudy,0,234.35,Low
2024-05-12,1,P009,Amul Butter 500g,Dairy,South,119,31,41,27,275,0,Cloudy,0,253.51,Low
2024-05-12,1,P010,Red Label Tea 500g,Beverages,South,180,55,72,57,255,20,Cloudy,0,256.71,Low
2024-05-13,1,P001,Amul Taaza Toned Milk 1L,Dairy,South,242,32,49,36,58,20,Rainy,1,60.83,Low
2024-05-13,1,P002,Britannia Good Day 600g,Snacks,South,144,60,62,55,120,5,Rainy,0,111.06,Low
2024-05-13,1,P003,Aashirvaad Atta 5kg,Staples,South,112,45,57,40,248,0,Cloudy,1,234.83,Low
2024-05-13,1,P004,Maggi 2-Minute Noodles,Snacks,South,72,40,43,38,48,5,Cloudy,0,44.83,Low
2024-05-13,1,P005,Tata Salt 1kg,Staples,South,115,54,60,49,22,0,Stormy,0,20.86,Low
2024-05-13,1,P006,Coca-Cola 600ml,Beverages,South,210,21,22,22,40,0,Cloudy,0,40.88,Low
2024-05-13,1,P007,Parle-G 800g,Snacks,South,64,33,42,36,65,20,Rainy,0,68.61,Low
2024-05-13,1,P008,Surf Excel 1kg,Cleaning,South,250,62,77,60,220,0,Sunny,0,230.11,Low
2024-05-13,1,P009,Amul Butter 500g,Dairy,South,117,34,46,32,275,15,Sunny,0,254.9,Low
2024-05-13,1,P010,Red Label Tea 500g,Beverages,South,101,35,44,30,255,5,Rainy,0,279.9,Low
2024-05-14,1,P001,Amul Taaza Toned Milk 1L,Dairy,South,284,30,33,31,58,0,Rainy,0,57.94,Low
2024-05-14,1,P002,Britannia Good Day 600g,Snacks,South,63,28,43,28,120,0,Cloudy,0,119.59,Low
2024-05-14,1,P003,Aashirvaad Atta 5kg,Staples,South,115,31,37,34,248,5,Rainy,1,252.71,Low
2024-05-14,1,P004,Maggi 2-Minute Noodles,Snacks,South,200,74,84,75,48,0,Stormy,0,46.45,Low
2024-05-14,1,P005,Tata Salt 1kg,Staples,South,172,51,54,48,22,0,Sunny,1,22.48,Low
2024-05-14,1,P006,Coca-Cola 600ml,Beverages,South,229,18,22,16,40,10,Sunny,0,40.31,Low
2024-05-14,1,P007,Parle-G 800g,Snacks,South,283,34,43,31,65,0,Cloudy,0,70.86,Low
2024-05-14,1,P008,Surf Excel 1kg,Cleaning,South,240,72,86,75,220,0,Rainy,0,234.25,Low
2024-05-14,1,P009,Amul Butter 500g,Dairy,South,81,64,82,62,275,0,Cloudy,0,268.67,Low
2024-05-14,1,P010,Red Label Tea 500g,Beverages,South,65,65,83,61,255,0,Rainy,0,254.03,Low
2024-05-15,1,P001,Amul Taaza Toned Milk 1L,Dairy,South,103,62,80,59,58,10,Rainy,0,61.67,Low
2024-05-15,1,P002,Britannia Good Day 600g,Snacks,South,196,34,39,29,120,0,Rainy,0,108.97,Low
2024-05-15,1,P003,Aashirvaad Atta 5kg,Staples,South,232,48,58,45,248,10,Sunny,0,237.52,Low
2024-05-15,1,P004,Maggi 2-Minute Noodles,Snacks,South,66,48,57,48,48,0,Cloudy,0,44.35,Low
2024-05-15,1,P005,Tata Salt 1kg,Staples,South,167,51,66,53,22,10,Sunny,1,22.34,Low
2024-05-15,1,P006,Coca-Cola 600ml,Beverages,South,172,25,27,20,40,0,Sunny,0,39.25,Low
2024-05-15,1,P007,Parle-G 800g,Snacks,South,258,48,48,51,65,0,Rainy,0,69.04,Low
2024-05-15,1,P008,Surf Excel 1kg,Cleaning,South,214,31,42,26,220,5,Cloudy,1,228.3,Low
2024-05-15,1,P009,Amul Butter 500g,Dairy,South,198,67,76,71,275,10,Cloudy,0,252.87,Low
2024-05-15,1,P010,Red Label Tea 500g,Beverages,South,242,58,60,61,255,0,Rainy,0,268.33,Low
2024-05-16,1,P001,Amul Taaza Toned Milk 1L,Dairy,South,229,73,87,75,58,10,Rainy,0,55.96,Low
2024-05-16,1,P002,Britannia Good Day 600g,Snacks,South,239,45,48,45,120,0,Rainy,0,115.87,Low
2024-05-16,1,P003,Aashirvaad Atta 5kg,Staples,South,190,66,80,65,248,0,Sunny,0,252.51,Low
2024-05-16,1,P004,Maggi 2-Minute Noodles,Snacks,South,264,63,80,67,48,5,Stormy,0,52.76,Low
2024-05-16,1,P005,Tata Salt 1kg,Staples,South,66,64,71,65,22,0,Stormy,1,20.72,Low
2024-05-16,1,P006,Coca-Cola 600ml,Beverages,South,225,51,62,48,40,20,Cloudy,0,40.84,Low
2024-05-16,1,P007,Parle-G 800g,Snacks,South,282,61,67,59,65,15,Cloudy,0,64.93,Low
2024-05-16,1,P008,Surf Excel 1kg,Cleaning,South,142,47,55,45,220,0,Rainy,1,216.59,Low
2024-05-16,1,P009,Amul Butter 500g,Dairy,South,146,30,31,32,275,0,Rainy,1,287.26,Low
2024-05-16,1,P010,Red Label Tea 500g,Beverages,South,292,32,42,36,255,0,Sunny,1,255.53,Low
2024-05-17,1,P001,Amul Taaza Toned Milk 1L,Dairy,South,99,38,41,40,58,10,Sunny,0,61.9,Low
2024-05-17,1,P002,Britannia Good Day 600g,Snacks,South,174,69,76,69,120,0,Cloudy,0,108.49,Low
2024-05-17,1,P003,Aashirvaad Atta 5kg,Staples,South,239,59,73,58,248,5,Sunny,1,261.11,Low
2024-05-17,1,P004,Maggi 2-Minute Noodles,Snacks,South,257,78,96,75,48,20,Cloudy,0,45.8,Low
2024-05-17,1,P005,Tata Salt 1kg,Staples,South,116,39,41,40,22,0,Rainy,0,23.57,Low
2024-05-17,1,P006,Coca-Cola 600ml,Beverages,South,280,55,62,58,40,15,Sunny,0,37.69,Low
2024-05-17,1,P007,Parle-G 800g,Snacks,South,201,77,88,76,65,5,Stormy,0,59.94,Low
2024-05-17,1,P008,Surf Excel 1kg,Cleaning,South,191,19,31,23,220,0,Sunny,0,210.52,Low
2024-05-17,1,P009,Amul Butter 500g,Dairy,South,66,43,60,42,275,0,Cloudy,0,256.5,Low
2024-05-17,1,P010,Red Label Tea 500g,Beverages,South,296,69,69,69,255,5,Stormy,0,234.5,Low
2024-05-18,1,P001,Amul Taaza Toned Milk 1L,Dairy,South,65,96,106,94,58,0,Cloudy,1,61.05,Low
2024-05-18,1,P002,Britannia Good Day 600g,Snacks,South,284,40,48,39,120,10,Cloudy,0,111.8,Low
2024-05-18,1,P003,Aashirvaad Atta 5kg,Staples,South,229,60,75,60,248,10,Sunny,1,261.08,Low
2024-05-18,1,P004,Maggi 2-Minute Noodles,Snacks,South,141,72,88,73,48,15,Rainy,0,47.77,Low
2024-05-18,1,P005,Tata Salt 1kg,Staples,South,259,69,71,65,22,15,Cloudy,0,21.02,Low
2024-05-18,1,P006,Coca-Cola 600ml,Beverages,South,216,47,54,44,40,0,Sunny,0,40.7,Low
2024-05-18,1,P007,Parle-G 800g,Snacks,South,226,55,66,58,65,5,Rainy,0,66.38,Low
2024-05-18,1,P008,Surf Excel 1kg,Cleaning,South,132,40,43,37,220,0,Stormy,0,223.42,Low
2024-05-18,1,P009,Amul Butter 500g,Dairy,South,240,81,85,80,275,15,Cloudy,0,279.58,Low
2024-05-18,1,P010,Red Label Tea 500g,Beverages,South,280,61,80,61,255,20,Sunny,0,232.89,Low
2024-05-19,1,P001,Amul Taaza Toned Milk 1L,Dairy,South,236,76,76,74,58,0,Stormy,0,61.16,Low
2024-05-19,1,P002,Britannia Good Day 600g,Snacks,South,57,68,78,71,120,0,Stormy,0,119.36,Low
2024-05-19,1,P003,Aashirvaad Atta 5kg,Staples,South,247,106,109,108,248,0,Rainy,0,223.28,Low
2024-05-19,1,P004,Maggi 2-Minute Noodles,Snacks,South,254,35,45,34,48,0,Stormy,1,52.43,Low
2024-05-19,1,P005,Tata Salt 1kg,Staples,South,180,44,47,42,22,20,Rainy,0,23.09,Low
2024-05-19,1,P006,Coca-Cola 600ml,Beverages,South,141,81,90,76,40,15,Cloudy,1,38.48,Low
2024-05-19,1,P007,Parle-G 800g,Snacks,South,131,31,37,33,65,0,Rainy,0,64.24,Low
2024-05-19,1,P008,Surf Excel 1kg,Cleaning,South,234,40,42,42,220,0,Stormy,1,230.69,Low
2024-05-19,1,P009,Amul Butter 500g,Dairy,South,290,80,93,79,275,15,Sunny,0,264.49,Low
2024-05-19,1,P010,Red Label Tea 500g,Beverages,South,164,90,95,91,255,0,Stormy,0,232.34,Low
2024-05-20,1,P001,Amul Taaza Toned Milk 1L,Dairy,South,241,41,48,45,58,15,Sunny,0,59.78,Low
2024-05-20,1,P002,Britannia Good Day 600g,Snacks,South,126,68,76,70,120,20,Stormy,0,108.85,Low
2024-05-20,1,P003,Aashirvaad Atta 5kg,Staples,South,249,52,56,55,248,15,Cloudy,1,227.49,Low
2024-05-20,1,P004,Maggi 2-Minute Noodles,Snacks,South,217,65,65,63,48,0,Stormy,1,48.53,Low
2024-05-20,1,P005,Tata Salt 1kg,Staples,South,282,16,18,13,22,20,Rainy,0,23.88,Low
2024-05-20,1,P006,Coca-Cola 600ml,Beverages,South,206,68,84,67,40,5,Cloudy,1,38.3,Low
2024-05-20,1,P007,Parle-G 800g,Snacks,South,227,48,58,50,65,20,Cloudy,0,62.65,Low
2024-05-20,1,P008,Surf Excel 1kg,Cleaning,South,148,74,93,73,220,10,Rainy,1,216.67,Low
2024-05-20,1,P009,Amul Butter 500g,Dairy,South,183,34,40,38,275,0,Stormy,1,271.93,Low
2024-05-20,1,P010,Red Label Tea 500g,Beverages,South,74,20,26,19,255,0,Sunny,0,269.65,Low
2024-05-21,1,P001,Amul Taaza Toned Milk 1L,Dairy,South,224,75,88,73,58,10,Stormy,0,62.39,Low
2024-05-21,1,P002,Britannia Good Day 600g,Snacks,South,246,52,57,54,120,0,Stormy,0,116.05,Low
2024-05-21,1,P003,Aashirvaad Atta 5kg,Staples,South,192,44,57,45,248,5,Sunny,1,271.28,Low
2024-05-21,1,P004,Maggi 2-Minute Noodles,Snacks,South,156,50,66,49,48,20,Cloudy,0,49.72,Low
2024-05-21,1,P005,Tata Salt 1kg,Staples,South,112,33,36,34,22,10,Sunny,0,21.65,Low
2024-05-21,1,P006,Coca-Cola 600ml,Beverages,South,156,37,47,38,40,10,Cloudy,1,43.2,Low
2024-05-21,1,P007,Parle-G 800g,Snacks,South,269,28,43,31,65,15,Cloudy,1,61.08,Low
2024-05-21,1,P008,Surf Excel 1kg,Cleaning,South,291,57,62,56,220,0,Stormy,0,210.93,Low
2024-05-21,1,P009,Amul Butter 500g,Dairy,South,132,54,56,57,275,5,Stormy,0,273.0,Low
2024-05-21,1,P010,Red Label Tea 500g,Beverages,South,154,65,73,64,255,20,Rainy,0,272.72,Low
2024-05-22,1,P001,Amul Taaza Toned Milk 1L,Dairy,South,53,17,29,16,58,0,Sunny,0,58.24,Low
2024-05-22,1,P002,Britannia Good Day 600g,Snacks,South,75,26,35,28,120,5,Sunny,1,123.14,Low
2024-05-22,1,P003,Aashirvaad Atta 5kg,Staples,South,233,76,85,74,248,0,Rainy,0,268.39,Low
2024-05-22,1,P004,Maggi 2-Minute Noodles,Snacks,South,107,11,29,13,48,15,Stormy,0,44.14,Low
2024-05-22,1,P005,Tata Salt 1kg,Staples,South,294,37,37,40,22,0,Rainy,0,19.89,Low
2024-05-22,1,P006,Coca-Cola 600ml,Beverages,South,249,49,67,49,40,20,Cloudy,0,43.16,Low
2024-05-22,1,P007,Parle-G 800g,Snacks,South,287,59,61,56,65,0,Cloudy,0,66.38,Low
2024-05-22,1,P008,Surf Excel 1kg,Cleaning,South,273,68,72,66,220,10,Sunny,0,219.84,Low
2024-05-22,1,P009,Amul Butter 500g,Dairy,South,97,69,75,64,275,5,Cloudy,1,283.31,Low
2024-05-22,1,P010,Red Label Tea 500g,Beverages,South,235,71,82,67,255,0,Sunny,0,253.93,Low
2024-05-23,1,P001,Amul Taaza Toned Milk 1L,Dairy,South,59,76,88,72,58,0,Rainy,0,52.3,Low
2024-05-23,1,P002,Britannia Good Day 600g,Snacks,South,292,81,88,85,120,0,Cloudy,0,112.26,Low
2024-05-23,1,P003,Aashirvaad Atta 5kg,Staples,South,95,49,67,53,248,0,Rainy,1,250.28,Low
2024-05-23,1,P004,Maggi 2-Minute Noodles,Snacks,South,104,18,33,22,48,0,Stormy,0,48.32,Low
2024-05-23,1,P005,Tata Salt 1kg,Staples,South,62,65,77,60,22,15,Cloudy,1,21.63,Low
2024-05-23,1,P006,Coca-Cola 600ml,Beverages,South,88,35,36,30,40,5,Cloudy,1,42.33,Low
2024-05-23,1,P007,Parle-G 800g,Snacks,South,135,20,36,24,65,0,Rainy,1,70.38,Low
2024-05-23,1,P008,Surf Excel 1kg,Cleaning,South,258,23,31,27,220,15,Stormy,0,208.44,Low
2024-05-23,1,P009,Amul Butter 500g,Dairy,South,214,42,54,42,275,15,Rainy,1,282.57,Low
2024-05-23,1,P010,Red Label Tea 500g,Beverages,South,299,54,69,53,255,0,Cloudy,0,272.61,Low
2024-05-24,1,P001,Amul Taaza Toned Milk 1L,Dairy,South,269,53,57,56,58,5,Sunny,1,60.94,Low
2024-05-24,1,P002,Britannia Good Day 600g,Snacks,South,274,51,62,48,120,0,Sunny,1,113.13,Low
2024-05-24,1,P003,Aashirvaad Atta 5kg,Staples,South,62,77,84,81,248,5,Stormy,0,271.91,Low
2024-05-24,1,P004,Maggi 2-Minute Noodles,Snacks,South,170,38,48,40,48,10,Sunny,0,48.95,Low
2024-05-24,1,P005,Tata Salt 1kg,Staples,South,64,45,46,42,22,5,Stormy,0,20.46,Low
2024-05-24,1,P006,Coca-Cola 600ml,Beverages,South,116,16,30,13,40,0,Stormy,0,37.58,Low
2024-05-24,1,P007,Parle-G 800g,Snacks,South,77,39,48,36,65,5,Cloudy,1,68.11,Low
2024-05-24,1,P008,Surf Excel 1kg,Cleaning,South,216,46,60,45,220,15,Stormy,0,237.54,Low
2024-05-24,1,P009,Amul Butter 500g,Dairy,South,199,45,45,44,275,10,Sunny,0,277.09,Low
2024-05-24,1,P010,Red Label Tea 500g,Beverages,South,108,62,73,63,255,15,Sunny,1,279.16,Low
2024-05-25,1,P001,Amul Taaza Toned Milk 1L,Dairy,South,281,39,52,43,58,15,Stormy,1,55.78,Low
2024-05-25,1,P002,Britannia Good Day 600g,Snacks,South,96,91,98,92,120,10,Cloudy,0,112.44,Low
2024-05-25,1,P003,Aashirvaad Atta 5kg,Staples,South,65,64,80,64,248,0,Stormy,1,244.89,Low
2024-05-25,1,P004,Maggi 2-Minute Noodles,Snacks,South,261,78,92,74,48,0,Cloudy,0,50.54,Low
2024-05-25,1,P005,Tata Salt 1kg,Staples,South,55,78,89,79,22,0,Cloudy,0,23.11,Low
2024-05-25,1,P006,Coca-Cola 600ml,Beverages,South,182,53,61,55,40,0,Stormy,1,37.62,Low
2024-05-25,1,P007,Parle-G 800g,Snacks,South,204,41,54,36,65,0,Stormy,1,66.12,Low
2024-05-25,1,P008,Surf Excel 1kg,Cleaning,South,209,67,82,64,220,20,Sunny,1,241.68,Low
2024-05-25,1,P009,Amul Butter 500g,Dairy,South,264,84,89,88,275,0,Stormy,0,276.88,Low
2024-05-25,1,P010,Red Label Tea 500g,Beverages,South,102,45,63,47,255,0,Cloudy,0,269.28,Low
2024-05-26,1,P001,Amul Taaza Toned Milk 1L,Dairy,South,241,79,91,78,58,15,Sunny,0,56.29,Low
2024-05-26,1,P002,Britannia Good Day 600g,Snacks,South,149,32,33,30,120,0,Sunny,0,120.29,Low
2024-05-26,1,P003,Aashirvaad Atta 5kg,Staples,South,86,97,113,97,248,10,Rainy,0,257.42,Low
2024-05-26,1,P004,Maggi 2-Minute Noodles,Snacks,South,95,84,91,85,48,10,Rainy,0,48.71,Low
2024-05-26,1,P005,Tata Salt 1kg,Staples,South,299,74,81,74,22,5,Cloudy,0,22.86,Low
2024-05-26,1,P006,Coca-Cola 600ml,Beverages,South,77,27,44,24,40,20,Sunny,1,41.37,Low
2024-05-26,1,P007,Parle-G 800g,Snacks,South,124,27,37,31,65,20,Rainy,0,61.29,Low
2024-05-26,1,P008,Surf Excel 1kg,Cleaning,South,155,90,90,85,220,15,Rainy,1,213.67,Low
2024-05-26,1,P009,Amul Butter 500g,Dairy,South,183,92,103,95,275,20,Stormy,1,257.66,Low
2024-05-26,1,P010,Red Label Tea 500g,Beverages,South,268,54,65,55,255,5,Sunny,0,245.93,Low
2024-05-27,1,P001,Amul Taaza Toned Milk 1L,Dairy,South,136,23,34,26,58,0,Sunny,0,61.25,Low
2024-05-27,1,P002,Britannia Good Day 600g,Snacks,South,164,46,61,48,120,5,Sunny,0,131.67,Low
2024-05-27,1,P003,Aashirvaad Atta 5kg,Staples,South,233,18,31,18,248,0,Stormy,1,264.4,Low
2024-05-27,1,P004,Maggi 2-Minute Noodles,Snacks,South,290,37,49,34,48,5,Stormy,0,43.57,Low
2024-05-27,1,P005,Tata Salt 1kg,Staples,South,298,61,66,56,22,0,Rainy,0,20.52,Low
2024-05-27,1,P006,Coca-Cola 600ml,Beverages,South,189,42,54,40,40,20,Cloudy,0,41.34,Low
2024-05-27,1,P007,Parle-G 800g,Snacks,South,89,78,85,80,65,0,Cloudy,1,64.51,Low
2024-05-27,1,P008,Surf Excel 1kg,Cleaning,South,223,71,78,72,220,0,Cloudy,0,238.96,Low
2024-05-27,1,P009,Amul Butter 500g,Dairy,South,274,56,71,57,275,0,Rainy,0,266.16,Low
2024-05-27,1,P010,Red Label Tea 500g,Beverages,South,219,14,18,10,255,0,Rainy,0,242.99,Low
2024-05-28,1,P001,Amul Taaza Toned Milk 1L,Dairy,South,156,48,64,47,58,0,Rainy,1,58.83,Low
2024-05-28,1,P002,Britannia Good Day 600g,Snacks,South,117,68,82,63,120,15,Cloudy,0,118.31,Low
2024-05-28,1,P003,Aashirvaad Atta 5kg,Staples,South,149,61,73,62,248,5,Sunny,0,260.88,Low
2024-05-28,1,P004,Maggi 2-Minute Noodles,Snacks,South,123,80,90,77,48,5,Stormy,0,48.12,Low
2024-05-28,1,P005,Tata Salt 1kg,Staples,South,206,44,62,42,22,20,Stormy,1,20.22,Low
2024-05-28,1,P006,Coca-Cola 600ml,Beverages,South,66,74,81,72,40,0,Stormy,0,36.33,Low
2024-05-28,1,P007,Parle-G 800g,Snacks,South,170,37,51,33,65,15,Sunny,1,62.42,Low
2024-05-28,1,P008,Surf Excel 1kg,Cleaning,South,108,37,41,38,220,0,Cloudy,1,214.15,Low
2024-05-28,1,P009,Amul Butter 500g,Dairy,South,274,84,84,84,275,0,Cloudy,0,280.43,Low
2024-05-28,1,P010,Red Label Tea 500g,Beverages,South,100,53,71,50,255,5,Rainy,1,245.08,Low
2024-05-29,1,P001,Amul Taaza Toned Milk 1L,Dairy,South,245,52,57,53,58,10,Rainy,0,55.47,Low
2024-05-29,1,P002,Britannia Good Day 600g,Snacks,South,58,53,72,57,120,10,Cloudy,1,121.85,Low
2024-05-29,1,P003,Aashirvaad Atta 5kg,Staples,South,189,43,52,38,248,15,Stormy,0,271.61,Low
2024-05-29,1,P004,Maggi 2-Minute Noodles,Snacks,South,221,26,34,23,48,15,Cloudy,0,48.68,Low
2024-05-29,1,P005,Tata Salt 1kg,Staples,South,57,46,55,47,22,0,Cloudy,0,21.19,Low
2024-05-29,1,P006,Coca-Cola 600ml,Beverages,South,130,78,95,78,40,20,Cloudy,0,37.61,Low
2024-05-29,1,P007,Parle-G 800g,Snacks,South,102,62,77,64,65,20,Cloudy,0,62.09,Low
2024-05-29,1,P008,Surf Excel 1kg,Cleaning,South,58,67,68,62,220,0,Sunny,0,202.7,Low
2024-05-29,1,P009,Amul Butter 500g,Dairy,South,83,66,81,67,275,20,Rainy,0,258.75,Low
2024-05-29,1,P010,Red Label Tea 500g,Beverages,South,145,37,49,33,255,0,Sunny,0,246.3,Low
2024-05-30,1,P001,Amul Taaza Toned Milk 1L,Dairy,South,167,26,30,23,58,10,Stormy,1,52.6,Low
2024-05-30,1,P002,Britannia Good Day 600g,Snacks,South,201,39,46,38,120,0,Stormy,1,129.86,Low
2024-05-30,1,P003,Aashirvaad Atta 5kg,Staples,South,211,35,40,32,248,20,Cloudy,0,229.92,Low
2024-05-30,1,P004,Maggi 2-Minute Noodles,Snacks,South,158,27,27,27,48,10,Sunny,0,45.75,Low
2024-05-30,1,P005,Tata Salt 1kg,Staples,South,152,70,84,67,22,0,Rainy,1,22.28,Low
2024-05-30,1,P006,Coca-Cola 600ml,Beverages,South,236,71,78,72,40,5,Rainy,0,39.18,Low
2024-05-30,1,P007,Parle-G 800g,Snacks,South,216,55,67,50,65,15,Sunny,0,63.91,Low
2024-05-30,1,P008,Surf Excel 1kg,Cleaning,South,258,87,103,85,220,10,Stormy,0,227.89,Low
2024-05-30,1,P009,Amul Butter 500g,Dairy,South,205,32,32,36,275,20,Cloudy,1,273.97,Low
2024-05-30,1,P010,Red Label Tea 500g,Beverages,South,109,34,43,38,255,0,Sunny,0,255.58,Low
2024-05-31,1,P001,Amul Taaza Toned Milk 1L,Dairy,South,180,38,45,41,58,10,Sunny,0,58.51,Low
2024-05-31,1,P002,Britannia Good Day 600g,Snacks,South,285,67,68,71,120,5,Sunny,1,112.06,Low
2024-05-31,1,P003,Aashirvaad Atta 5kg,Staples,South,96,29,33,32,248,0,Stormy,0,250.82,Low
2024-05-31,1,P004,Maggi 2-Minute Noodles,Snacks,South,255,32,50,34,48,0,Stormy,0,51.08,Low
2024-05-31,1,P005,Tata Salt 1kg,Staples,South,121,36,36,35,22,5,Rainy,0,23.56,Low
2024-05-31,1,P006,Coca-Cola 600ml,Beverages,South,66,47,51,45,40,0,Sunny,0,40.72,Low
2024-05-31,1,P007,Parle-G 800g,Snacks,South,190,64,79,61,65,0,Sunny,0,60.67,Low
2024-05-31,1,P008,Surf Excel 1kg,Cleaning,South,233,51,52,54,220,15,Stormy,0,207.98,Low
2024-05-31,1,P009,Amul Butter 500g,Dairy,South,50,62,76,60,275,5,Rainy,1,293.87,Low
2024-05-31,1,P010,Red Label Tea 500g,Beverages,South,204,71,82,69,255,0,Cloudy,0,250.57,Low
2024-06-01,1,P001,Amul Taaza Toned Milk 1L,Dairy,South,85,46,59,48,58,15,Rainy,0,53.08,Medium
2024-06-01,1,P002,Britannia Good Day 600g,Snacks,South,175,94,112,91,120,5,Cloudy,0,121.32,Medium
2024-06-01,1,P003,Aashirvaad Atta 5kg,Staples,South,177,79,81,76,248,0,Stormy,0,249.83,Medium
2024-06-01,1,P004,Maggi 2-Minute Noodles,Snacks,South,217,51,63,55,48,0,Stormy,0,46.0,Medium
2024-06-01,1,P005,Tata Salt 1kg,Staples,South,196,81,91,81,22,5,Rainy,0,20.33,Medium
2024-06-01,1,P006,Coca-Cola 600ml,Beverages,South,133,24,39,21,40,0,Stormy,0,37.23,Medium
2024-06-01,1,P007,Parle-G 800g,Snacks,South,145,57,68,53,65,10,Cloudy,0,65.18,Medium
2024-06-01,1,P008,Surf Excel 1kg,Cleaning,South,195,73,86,72,220,10,Cloudy,0,234.63,Medium
2024-06-01,1,P009,Amul Butter 500g,Dairy,South,173,121,135,118,275,0,Stormy,0,256.8,Medium
2024-06-01,1,P010,Red Label Tea 500g,Beverages,South,279,62,81,63,255,10,Rainy,0,264.56,Medium
2024-06-02,1,P001,Amul Taaza Toned Milk 1L,Dairy,South,194,55,73,54,58,10,Stormy,0,55.55,Medium
2024-06-02,1,P002,Britannia Good Day 600g,Snacks,South,118,63,69,64,120,15,Sunny,1,116.07,Medium
2024-06-02,1,P003,Aashirvaad Atta 5kg,Staples,South,297,86,102,84,248,15,Stormy,0,248.66,Medium
2024-06-02,1,P004,Maggi 2-Minute Noodles,Snacks,South,111,87,102,91,48,0,Stormy,0,49.07,Medium
2024-06-02,1,P005,Tata Salt 1kg,Staples,South,277,92,109,88,22,0,Sunny,1,23.97,Medium
2024-06-02,1,P006,Coca-Cola 600ml,Beverages,South,119,106,111,103,40,5,Stormy,0,38.12,Medium
2024-06-02,1,P007,Parle-G 800g,Snacks,South,297,71,75,75,65,0,Stormy,0,60.64,Medium
2024-06-02,1,P008,Surf Excel 1kg,Cleaning,South,177,85,89,85,220,0,Sunny,0,237.78,Medium
2024-06-02,1,P009,Amul Butter 500g,Dairy,South,233,63,79,65,275,0,Sunny,0,261.24,Medium
2024-06-02,1,P010,Red Label Tea 500g,Beverages,South,115,72,76,68,255,0,Rainy,0,277.56,Medium
2024-06-03,1,P001,Amul Taaza Toned Milk 1L,Dairy,South,56,36,53,36,58,20,Rainy,0,61.08,Medium
2024-06-03,1,P002,Britannia Good Day 600g,Snacks,South,182,65,70,61,120,15,Cloudy,0,124.18,Medium
2024-06-03,1,P003,Aashirvaad Atta 5kg,Staples,South,297,53,55,57,248,0,Rainy,1,266.84,Medium
2024-06-03,1,P004,Maggi 2-Minute Noodles,Snacks,South,100,92,107,96,48,20,Rainy,0,46.04,Medium
2024-06-03,1,P005,Tata Salt 1kg,Staples,South,237,80,91,80,22,0,Sunny,0,22.09,Medium
2024-06-03,1,P006,Coca-Cola 600ml,Beverages,South,134,38,56,34,40,20,Cloudy,0,37.96,Medium
2024-06-03,1,P007,Parle-G 800g,Snacks,South,88,75,82,79,65,20,Stormy,0,68.61,Medium
2024-06-03,1,P008,Surf Excel 1kg,Cleaning,South,92,40,58,36,220,10,Stormy,0,198.52,Medium
2024-06-03,1,P009,Amul Butter 500g,Dairy,South,296,50,56,45,275,20,Cloudy,0,295.71,Medium
2024-06-03,1,P010,Red Label Tea 500g,Beverages,South,116,36,48,40,255,0,Rainy,0,277.9,Medium
2024-06-04,1,P001,Amul Taaza Toned Milk 1L,Dairy,South,298,60,76,58,58,20,Stormy,0,60.17,Medium
2024-06-04,1,P002,Britannia Good Day 600g,Snacks,South,205,44,60,48,120,0,Cloudy,0,113.57,Medium
2024-06-04,1,P003,Aashirvaad Atta 5kg,Staples,South,102,39,44,42,248,15,Sunny,1,260.6,Medium
2024-06-04,1,P004,Maggi 2-Minute Noodles,Snacks,South,78,66,81,63,48,0,Stormy,0,48.27,Medium
2024-06-04,1,P005,Tata Salt 1kg,Staples,South,182,69,75,65,22,20,Stormy,0,24.13,Medium
2024-06-04,1,P006,Coca-Cola 600ml,Beverages,South,107,55,74,51,40,10,Cloudy,1,37.51,Medium
2024-06-04,1,P007,Parle-G 800g,Snacks,South,103,87,103,87,65,10,Stormy,1,60.64,Medium
2024-06-04,1,P008,Surf Excel 1kg,Cleaning,South,161,88,101,88,220,0,Rainy,0,201.06,Medium
2024-06-04,1,P009,Amul Butter 500g,Dairy,South,96,46,57,49,275,0,Cloudy,0,255.8,Medium
2024-06-04,1,P010,Red Label Tea 500g,Beverages,South,57,80,87,80,255,15,Stormy,0,247.6,Medium
2024-06-05,1,P001,Amul Taaza Toned Milk 1L,Dairy,South,202,89,105,84,58,20,Cloudy,0,59.88,Medium
2024-06-05,1,P002,Britannia Good Day 600g,Snacks,South,181,53,56,57,120,5,Sunny,0,125.17,Medium
2024-06-05,1,P003,Aashirvaad Atta 5kg,Staples,South,118,66,78,67,248,15,Sunny,1,229.2,Medium
2024-06-05,1,P004,Maggi 2-Minute Noodles,Snacks,South,156,54,69,53,48,20,Rainy,0,45.89,Medium
2024-06-05,1,P005,Tata Salt 1kg,Staples,South,244,77,86,80,22,10,Stormy,0,20.27,Medium
2024-06-05,1,P006,Coca-Cola 600ml,Beverages,South,287,81,87,79,40,10,Stormy,1,40.01,Medium
2024-06-05,1,P007,Parle-G 800g,Snacks,South,118,53,65,53,65,5,Rainy,0,64.54,Medium
2024-06-05,1,P008,Surf Excel 1kg,Cleaning,South,179,61,71,62,220,15,Sunny,1,220.73,Medium
2024-06-05,1,P009,Amul Butter 500g,Dairy,South,159,47,58,42,275,10,Cloudy,0,257.37,Medium
2024-06-05,1,P010,Red Label Tea 500g,Beverages,South,114,44,49,41,255,10,Stormy,0,278.39,Medium
2024-06-06,1,P001,Amul Taaza Toned Milk 1L,Dairy,South,176,84,100,79,58,10,Rainy,1,57.65,Medium
2024-06-06,1,P002,Britannia Good Day 600g,Snacks,South,258,68,87,72,120,10,Stormy,0,130.54,Medium
2024-06-06,1,P003,Aashirvaad Atta 5kg,Staples,South,253,54,65,50,248,10,Sunny,0,259.38,Medium
2024-06-06,1,P004,Maggi 2-Minute Noodles,Snacks,South,286,97,99,92,48,0,Rainy,0,49.64,Medium
2024-06-06,1,P005,Tata Salt 1kg,Staples,South,97,28,30,25,22,5,Stormy,0,21.33,Medium
2024-06-06,1,P006,Coca-Cola 600ml,Beverages,South,237,79,83,80,40,20,Cloudy,0,39.76,Medium
2024-06-06,1,P007,Parle-G 800g,Snacks,South,96,75,75,72,65,0,Cloudy,0,66.79,Medium
2024-06-06,1,P008,Surf Excel 1kg,Cleaning,South,142,18,18,22,220,5,Cloudy,0,228.67,Medium
2024-06-06,1,P009,Amul Butter 500g,Dairy,South,261,50,57,45,275,20,Stormy,0,283.87,Medium
2024-06-06,1,P010,Red Label Tea 500g,Beverages,South,267,53,53,57,255,0,Stormy,1,254.47,Medium
2024-06-07,1,P001,Amul Taaza Toned Milk 1L,Dairy,South,178,46,56,47,58,0,Sunny,0,60.17,Medium
2024-06-07,1,P002,Britannia Good Day 600g,Snacks,South,195,82,96,77,120,15,Cloudy,0,113.31,Medium
2024-06-07,1,P003,Aashirvaad Atta 5kg,Staples,South,183,51,53,54,248,0,Sunny,0,270.01,Medium
2024-06-07,1,P004,Maggi 2-Minute Noodles,Snacks,South,71,76,83,80,48,0,Stormy,0,50.29,Medium
2024-06-07,1,P005,Tata Salt 1kg,Staples,South,286,36,49,40,22,10,Cloudy,0,20.86,Medium
2024-06-07,1,P006,Coca-Cola 600ml,Beverages,South,58,37,40,38,40,10,Cloudy,0,39.92,Medium
2024-06-07,1,P007,Parle-G 800g,Snacks,South,128,63,80,61,65,0,Stormy,0,60.48,Medium
2024-06-07,1,P008,Surf Excel 1kg,Cleaning,South,94,37,47,32,220,0,Sunny,0,228.27,Medium
2024-06-07,1,P009,Amul Butter 500g,Dairy,South,173,61,75,58,275,0,Sunny,0,268.75,Medium
2024-06-07,1,P010,Red Label Tea 500g,Beverages,South,191,70,85,70,255,0,Rainy,1,249.16,Medium
2024-06-08,1,P001,Amul Taaza Toned Milk 1L,Dairy,South,115,50,64,46,58,0,Sunny,0,55.4,Medium
2024-06-08,1,P002,Britannia Good Day 600g,Snacks,South,215,27,39,31,120,0,Stormy,0,127.0,Medium
2024-06-08,1,P003,Aashirvaad Atta 5kg,Staples,South,89,69,78,65,248,5,Rainy,0,231.25,Medium
2024-06-08,1,P004,Maggi 2-Minute Noodles,Snacks,South,162,102,108,101,48,10,Rainy,0,44.75,Medium
2024-06-08,1,P005,Tata Salt 1kg,Staples,South,59,101,115,100,22,0,Rainy,0,23.77,Medium
2024-06-08,1,P006,Coca-Cola 600ml,Beverages,South,115,78,83,77,40,0,Cloudy,1,38.1,Medium
2024-06-08,1,P007,Parle-G 800g,Snacks,South,255,95,104,90,65,5,Cloudy,0,66.01,Medium
2024-06-08,1,P008,Surf Excel 1kg,Cleaning,South,132,38,50,42,220,15,Sunny,1,223.52,Medium
2024-06-08,1,P009,Amul Butter 500g,Dairy,South,207,98,104,96,275,0,Rainy,0,287.19,Medium
2024-06-08,1,P010,Red Label Tea 500g,Beverages,South,69,36,48,33,255,0,Cloudy,0,250.55,Medium
2024-06-09,1,P001,Amul Taaza Toned Milk 1L,Dairy,South,178,89,105,86,58,15,Rainy,0,55.9,Medium
2024-06-09,1,P002,Britannia Good Day 600g,Snacks,South,228,40,47,38,120,5,Rainy,0,117.62,Medium
2024-06-09,1,P003,Aashirvaad Atta 5kg,Staples,South,184,87,106,85,248,0,Rainy,0,248.11,Medium
2024-06-09,1,P004,Maggi 2-Minute Noodles,Snacks,South,125,54,70,58,48,10,Cloudy,0,45.29,Medium
2024-06-09,1,P005,Tata Salt 1kg,Staples,South,177,47,54,51,22,10,Cloudy,0,19.88,Medium
2024-06-09,1,P006,Coca-Cola 600ml,Beverages,South,120,97,100,100,40,0,Stormy,0,37.06,Medium
2024-06-09,1,P007,Parle-G 800g,Snacks,South,289,49,53,51,65,15,Sunny,0,62.88,Medium
2024-06-09,1,P008,Surf Excel 1kg,Cleaning,South,193,82,85,79,220,20,Stormy,1,232.45,Medium
2024-06-09,1,P009,Amul Butter 500g,Dairy,South,67,44,59,45,275,0,Sunny,0,264.65,Medium
2024-06-09,1,P010,Red Label Tea 500g,Beverages,South,117,35,46,38,255,10,Stormy,0,264.59,Medium
2024-06-10,1,P001,Amul Taaza Toned Milk 1L,Dairy,South,176,86,98,89,58,20,Stormy,0,59.71,Medium
2024-06-10,1,P002,Britannia Good Day 600g,Snacks,South,171,16,27,13,120,5,Cloudy,1,113.94,Medium
2024-06-10,1,P003,Aashirvaad Atta 5kg,Staples,South,65,29,37,32,248,10,Sunny,0,230.49,Medium
2024-06-10,1,P004,Maggi 2-Minute Noodles,Snacks,South,192,33,34,35,48,20,Stormy,0,50.45,Medium
2024-06-10,1,P005,Tata Salt 1kg,Staples,South,121,58,75,53,22,0,Cloudy,0,20.61,Medium
2024-06-10,1,P006,Coca-Cola 600ml,Beverages,South,120,94,111,96,40,15,Rainy,1,39.19,Medium
2024-06-10,1,P007,Parle-G 800g,Snacks,South,258,82,86,85,65,0,Stormy,0,59.18,Medium
2024-06-10,1,P008,Surf Excel 1kg,Cleaning,South,154,88,91,87,220,0,Stormy,1,198.05,Medium
2024-06-10,1,P009,Amul Butter 500g,Dairy,South,133,85,97,81,275,10,Sunny,0,286.66,Medium
2024-06-10,1,P010,Red Label Tea 500g,Beverages,South,298,80,84,77,255,5,Sunny,0,269.08,Medium
2024-06-11,1,P001,Amul Taaza Toned Milk 1L,Dairy,South,163,42,55,45,58,5,Sunny,0,55.74,Medium
2024-06-11,1,P002,Britannia Good Day 600g,Snacks,South,190,28,31,24,120,0,Sunny,1,123.87,Medium
2024-06-11,1,P003,Aashirvaad Atta 5kg,Staples,South,273,39,48,38,248,20,Rainy,1,224.3,Medium
2024-06-11,1,P004,Maggi 2-Minute Noodles,Snacks,South,155,44,47,48,48,10,Cloudy,0,45.1,Medium
2024-06-11,1,P005,Tata Salt 1kg,Staples,South,228,52,69,56,22,5,Sunny,1,21.4,Medium
2024-06-11,1,P006,Coca-Cola 600ml,Beverages,South,152,28,28,27,40,0,Cloudy,0,36.4,Medium
2024-06-11,1,P007,Parle-G 800g,Snacks,South,193,26,34,26,65,0,Rainy,0,63.81,Medium
2024-06-11,1,P008,Surf Excel 1kg,Cleaning,South,109,71,71,70,220,0,Sunny,1,225.41,Medium
2024-06-11,1,P009,Amul Butter 500g,Dairy,South,269,94,100,97,275,15,Cloudy,0,287.97,Medium
2024-06-11,1,P010,Red Label Tea 500g,Beverages,South,128,78,83,77,255,15,Cloudy,1,246.63,Medium
2024-06-12,1,P001,Amul Taaza Toned Milk 1L,Dairy,South,278,80,84,83,58,0,Stormy,0,59.92,Medium
2024-06-12,1,P002,Britannia Good Day 600g,Snacks,South,282,47,51,46,120,20,Sunny,0,112.19,Medium
2024-06-12,1,P003,Aashirvaad Atta 5kg,Staples,South,106,61,79,61,248,15,Cloudy,1,227.61,Medium
2024-06-12,1,P004,Maggi 2-Minute Noodles,Snacks,South,82,50,51,45,48,0,Cloudy,0,52.46,Medium
2024-06-12,1,P005,Tata Salt 1kg,Staples,South,228,74,89,78,22,20,Stormy,0,20.61,Medium
2024-06-12,1,P006,Coca-Cola 600ml,Beverages,South,110,53,64,55,40,0,Rainy,1,41.99,Medium
2024-06-12,1,P007,Parle-G 800g,Snacks,South,126,86,94,90,65,5,Sunny,0,68.16,Medium
2024-06-12,1,P008,Surf Excel 1kg,Cleaning,South,255,36,54,35,220,0,Sunny,1,215.23,Medium
2024-06-12,1,P009,Amul Butter 500g,Dairy,South,193,97,116,99,275,20,Sunny,1,252.83,Medium
2024-06-12,1,P010,Red Label Tea 500g,Beverages,South,127,34,45,29,255,5,Rainy,0,251.63,Medium
2024-06-13,1,P001,Amul Taaza Toned Milk 1L,Dairy,South,262,60,76,62,58,0,Sunny,0,58.37,Medium
2024-06-13,1,P002,Britannia Good Day 600g,Snacks,South,205,67,68,62,120,0,Stormy,0,115.47,Medium
2024-06-13,1,P003,Aashirvaad Atta 5kg,Staples,South,152,49,66,50,248,5,Rainy,0,228.59,Medium
2024-06-13,1,P004,Maggi 2-Minute Noodles,Snacks,South,129,58,64,53,48,5,Sunny,1,43.32,Medium
2024-06-13,1,P005,Tata Salt 1kg,Staples,South,297,83,102,85,22,10,Stormy,0,23.82,Medium
2024-06-13,1,P006,Coca-Cola 600ml,Beverages,South,298,70,84,74,40,0,Rainy,0,38.01,Medium
2024-06-13,1,P007,Parle-G 800g,Snacks,South,124,63,72,64,65,10,Sunny,1,71.21,Medium
2024-06-13,1,P008,Surf Excel 1kg,Cleaning,South,204,48,53,52,220,0,Stormy,0,213.95,Medium
2024-06-13,1,P009,Amul Butter 500g,Dairy,South,163,84,90,80,275,10,Cloudy,0,266.02,Medium
2024-06-13,1,P010,Red Label Tea 500g,Beverages,South,108,33,34,34,255,0,Sunny,0,239.0,Medium
2024-06-14,1,P001,Amul Taaza Toned Milk 1L,Dairy,South,294,53,71,51,58,5,Rainy,1,57.29,Medium
2024-06-14,1,P002,Britannia Good Day 600g,Snacks,South,167,49,64,46,120,20,Cloudy,0,108.8,Medium
2024-06-14,1,P003,Aashirvaad Atta 5kg,Staples,South,170,70,72,65,248,0,Rainy,0,268.14,Medium
2024-06-14,1,P004,Maggi 2-Minute Noodles,Snacks,South,63,47,64,50,48,10,Sunny,1,49.79,Medium
2024-06-14,1,P005,Tata Salt 1kg,Staples,South,163,51,55,48,22,20,Cloudy,0,23.93,Medium
2024-06-14,1,P006,Coca-Cola 600ml,Beverages,South,117,44,59,47,40,0,Cloudy,1,40.78,Medium
2024-06-14,1,P007,Parle-G 800g,Snacks,South,60,65,75,67,65,15,Stormy,0,64.08,Medium
2024-06-14,1,P008,Surf Excel 1kg,Cleaning,South,203,73,80,74,220,5,Stormy,0,230.39,Medium
2024-06-14,1,P009,Amul Butter 500g,Dairy,South,190,38,49,38,275,0,Sunny,0,301.16,Medium
2024-06-14,1,P010,Red Label Tea 500g,Beverages,South,274,26,44,25,255,0,Stormy,0,273.7,Medium
2024-06-15,1,P001,Amul Taaza Toned Milk 1L,Dairy,South,157,91,91,88,58,15,Cloudy,0,61.06,Medium
2024-06-15,1,P002,Britannia Good Day 600g,Snacks,South,249,119,121,120,120,5,Rainy,1,129.43,Medium
2024-06-15,1,P003,Aashirvaad Atta 5kg,Staples,South,228,56,60,57,248,10,Stormy,1,229.99,Medium
2024-06-15,1,P004,Maggi 2-Minute Noodles,Snacks,South,175,116,131,116,48,0,Rainy,0,48.35,Medium
2024-06-15,1,P005,Tata Salt 1kg,Staples,South,121,62,76,62,22,5,Sunny,1,22.02,Medium
2024-06-15,1,P006,Coca-Cola 600ml,Beverages,South,222,105,109,109,40,15,Cloudy,0,38.7,Medium
2024-06-15,1,P007,Parle-G 800g,Snacks,South,277,100,101,101,65,0,Rainy,0,70.31,Medium
2024-06-15,1,P008,Surf Excel 1kg,Cleaning,South,73,55,69,55,220,15,Cloudy,0,225.19,Medium
2024-06-15,1,P009,Amul Butter 500g,Dairy,South,239,65,81,67,275,20,Stormy,1,267.96,Medium
2024-06-15,1,P010,Red Label Tea 500g,Beverages,South,229,44,44,48,255,20,Sunny,0,241.8,Medium
2024-06-16,1,P001,Amul Taaza Toned Milk 1L,Dairy,South,165,59,60,61,58,10,Rainy,0,54.65,Medium
2024-06-16,1,P002,Britannia Good Day 600g,Snacks,South,229,61,69,58,120,0,Cloudy,0,119.1,Medium
2024-06-16,1,P003,Aashirvaad Atta 5kg,Staples,South,271,103,117,106,248,15,Cloudy,0,256.38,Medium
2024-06-16,1,P004,Maggi 2-Minute Noodles,Snacks,South,269,33,34,28,48,20,Cloudy,1,43.35,Medium
2024-06-16,1,P005,Tata Salt 1kg,Staples,South,175,99,100,101,22,15,Sunny,1,21.71,Medium
2024-06-16,1,P006,Coca-Cola 600ml,Beverages,South,168,53,56,56,40,5,Stormy,1,41.0,Medium
2024-06-16,1,P007,Parle-G 800g,Snacks,South,95,72,78,76,65,10,Cloudy,1,70.52,Medium
2024-06-16,1,P008,Surf Excel 1kg,Cleaning,South,142,95,114,91,220,0,Stormy,0,235.18,Medium
2024-06-16,1,P009,Amul Butter 500g,Dairy,South,88,66,80,65,275,15,Stormy,1,274.45,Medium
2024-06-16,1,P010,Red Label Tea 500g,Beverages,South,167,75,90,72,255,0,Sunny,0,252.72,Medium
2024-06-17,1,P001,Amul Taaza Toned Milk 1L,Dairy,South,259,51,62,48,58,15,Rainy,1,53.66,Medium
2024-06-17,1,P002,Britannia Good Day 600g,Snacks,South,178,85,86,87,120,15,Sunny,0,108.51,Medium
2024-06-17,1,P003,Aashirvaad Atta 5kg,Staples,South,254,30,35,27,248,10,Rainy,0,257.41,Medium
2024-06-17,1,P004,Maggi 2-Minute Noodles,Snacks,South,87,31,38,27,48,0,Stormy,0,48.37,Medium
2024-06-17,1,P005,Tata Salt 1kg,Staples,South,167,37,44,38,22,5,Rainy,0,20.22,Medium
2024-06-17,1,P006,Coca-Cola 600ml,Beverages,South,62,55,72,54,40,0,Stormy,0,43.11,Medium
2024-06-17,1,P007,Parle-G 800g,Snacks,South,293,77,95,78,65,0,Cloudy,0,66.27,Medium
2024-06-17,1,P008,Surf Excel 1kg,Cleaning,South,100,76,85,75,220,5,Sunny,1,232.7,Medium
2024-06-17,1,P009,Amul Butter 500g,Dairy,South,265,70,89,71,275,0,Cloudy,0,254.03,Medium
2024-06-17,1,P010,Red Label Tea 500g,Beverages,South,111,26,31,25,255,5,Sunny,0,234.15,Medium
2024-06-18,1,P001,Amul Taaza Toned Milk 1L,Dairy,South,180,47,51,49,58,10,Sunny,1,52.41,Medium
2024-06-18,1,P002,Britannia Good Day 600g,Snacks,South,282,46,62,42,120,10,Sunny,1,117.11,Medium
2024-06-18,1,P003,Aashirvaad Atta 5kg,Staples,South,121,40,54,37,248,15,Stormy,0,227.36,Medium
2024-06-18,1,P004,Maggi 2-Minute Noodles,Snacks,South,74,32,38,36,48,10,Rainy,1,46.43,Medium
2024-06-18,1,P005,Tata Salt 1kg,Staples,South,202,38,46,36,22,0,Sunny,0,24.13,Medium
2024-06-18,1,P006,Coca-Cola 600ml,Beverages,South,134,31,31,33,40,10,Stormy,0,43.38,Medium
2024-06-18,1,P007,Parle-G 800g,Snacks,South,296,23,36,24,65,0,Sunny,1,62.46,Medium
2024-06-18,1,P008,Surf Excel 1kg,Cleaning,South,94,30,30,30,220,5,Rainy,1,218.73,Medium
2024-06-18,1,P009,Amul Butter 500g,Dairy,South,239,70,79,67,275,10,Cloudy,0,274.82,Medium
2024-06-18,1,P010,Red Label Tea 500g,Beverages,South,98,63,72,62,255,0,Cloudy,1,259.33,Medium
2024-06-19,1,P001,Amul Taaza Toned Milk 1L,Dairy,South,232,92,108,96,58,5,Sunny,0,63.7,Medium
2024-06-19,1,P002,Britannia Good Day 600g,Snacks,South,55,25,44,25,120,20,Rainy,0,108.17,Medium
2024-06-19,1,P003,Aashirvaad Atta 5kg,Staples,South,295,37,38,36,248,0,Rainy,1,250.19,Medium
2024-06-19,1,P004,Maggi 2-Minute Noodles,Snacks,South,56,49,63,51,48,20,Rainy,0,52.78,Medium
2024-06-19,1,P005,Tata Salt 1kg,Staples,South,90,27,44,24,22,5,Rainy,0,22.64,Medium
2024-06-19,1,P006,Coca-Cola 600ml,Beverages,South,131,73,81,68,40,10,Stormy,0,39.11,Medium
2024-06-19,1,P007,Parle-G 800g,Snacks,South,73,67,68,69,65,5,Sunny,0,68.77,Medium
2024-06-19,1,P008,Surf Excel 1kg,Cleaning,South,255,42,55,37,220,15,Cloudy,1,208.66,Medium
2024-06-19,1,P009,Amul Butter 500g,Dairy,South,209,41,55,39,275,10,Cloudy,0,281.24,Medium
2024-06-19,1,P010,Red Label Tea 500g,Beverages,South,132,27,41,30,255,0,Cloudy,0,269.31,Medium
2024-06-20,1,P001,Amul Taaza Toned Milk 1L,Dairy,South,107,43,51,46,58,0,Stormy,1,63.51,Medium
2024-06-20,1,P002,Britannia Good Day 600g,Snacks,South,139,43,50,39,120,5,Sunny,0,114.83,Medium
2024-06-20,1,P003,Aashirvaad Atta 5kg,Staples,South,202,34,36,33,248,15,Cloudy,0,261.36,Medium
2024-06-20,1,P004,Maggi 2-Minute Noodles,Snacks,South,56,58,76,59,48,0,Stormy,0,43.22,Medium
2024-06-20,1,P005,Tata Salt 1kg,Staples,South,234,64,77,62,22,15,Stormy,1,20.35,Medium
2024-06-20,1,P006,Coca-Cola 600ml,Beverages,South,218,54,68,51,40,0,Rainy,0,37.43,Medium
2024-06-20,1,P007,Parle-G 800g,Snacks,South,203,48,66,44,65,0,Rainy,1,67.06,Medium
2024-06-20,1,P008,Surf Excel 1kg,Cleaning,South,220,45,59,42,220,15,Sunny,0,211.62,Medium
2024-06-20,1,P009,Amul Butter 500g,Dairy,South,280,66,74,65,275,0,Sunny,1,299.69,Medium
2024-06-20,1,P010,Red Label Tea 500g,Beverages,South,100,59,67,62,255,0,Cloudy,1,260.54,Medium
2024-06-21,1,P001,Amul Taaza Toned Milk 1L,Dairy,South,211,86,96,82,58,20,Stormy,0,52.69,Medium
2024-06-21,1,P002,Britannia Good Day 600g,Snacks,South,218,71,85,72,120,5,Sunny,0,109.74,Medium
2024-06-21,1,P003,Aashirvaad Atta 5kg,Staples,South,85,19,31,15,248,5,Cloudy,0,243.95,Medium
2024-06-21,1,P004,Maggi 2-Minute Noodles,Snacks,South,212,47,53,47,48,0,Stormy,0,46.34,Medium
2024-06-21,1,P005,Tata Salt 1kg,Staples,South,270,64,83,65,22,0,Stormy,0,21.11,Medium
2024-06-21,1,P006,Coca-Cola 600ml,Beverages,South,129,91,104,87,40,15,Cloudy,1,38.3,Medium
2024-06-21,1,P007,Parle-G 800g,Snacks,South,85,66,72,70,65,15,Rainy,1,62.97,Medium
2024-06-21,1,P008,Surf Excel 1kg,Cleaning,South,143,83,89,86,220,15,Sunny,0,241.73,Medium
2024-06-21,1,P009,Amul Butter 500g,Dairy,South,136,43,61,44,275,0,Cloudy,0,263.44,Medium
2024-06-21,1,P010,Red Label Tea 500g,Beverages,South,103,76,81,79,255,10,Sunny,0,255.26,Medium
2024-06-22,1,P001,Amul Taaza Toned Milk 1L,Dairy,South,122,42,49,43,58,15,Rainy,0,63.13,Medium
2024-06-22,1,P002,Britannia Good Day 600g,Snacks,South,145,77,83,74,120,0,Cloudy,0,122.96,Medium
2024-06-22,1,P003,Aashirvaad Atta 5kg,Staples,South,100,104,120,104,248,5,Rainy,0,270.74,Medium
2024-06-22,1,P004,Maggi 2-Minute Noodles,Snacks,South,274,120,138,121,48,10,Rainy,0,43.99,Medium
2024-06-22,1,P005,Tata Salt 1kg,Staples,South,169,101,108,105,22,5,Cloudy,0,21.22,Medium
2024-06-22,1,P006,Coca-Cola 600ml,Beverages,South,293,98,114,96,40,10,Rainy,0,38.43,Medium
2024-06-22,1,P007,Parle-G 800g,Snacks,South,222,105,112,106,65,0,Cloudy,0,61.3,Medium
2024-06-22,1,P008,Surf Excel 1kg,Cleaning,South,200,106,120,109,220,10,Sunny,0,220.57,Medium
2024-06-22,1,P009,Amul Butter 500g,Dairy,South,112,57,69,60,275,20,Rainy,0,274.68,Medium
2024-06-22,1,P010,Red Label Tea 500g,Beverages,South,285,109,114,113,255,5,Stormy,0,264.12,Medium
2024-06-23,1,P001,Amul Taaza Toned Milk 1L,Dairy,South,252,78,95,75,58,0,Cloudy,1,60.48,Medium
2024-06-23,1,P002,Britannia Good Day 600g,Snacks,South,134,67,72,69,120,20,Cloudy,1,115.26,Medium
2024-06-23,1,P003,Aashirvaad Atta 5kg,Staples,South,282,91,109,87,248,0,Rainy,0,263.85,Medium
2024-06-23,1,P004,Maggi 2-Minute Noodles,Snacks,South,289,46,65,41,48,5,Sunny,0,46.28,Medium
2024-06-23,1,P005,Tata Salt 1kg,Staples,South,295,57,75,58,22,20,Cloudy,1,21.86,Medium
2024-06-23,1,P006,Coca-Cola 600ml,Beverages,South,149,58,69,59,40,0,Cloudy,0,36.16,Medium
2024-06-23,1,P007,Parle-G 800g,Snacks,South,197,81,88,78,65,20,Cloudy,0,61.5,Medium
2024-06-23,1,P008,Surf Excel 1kg,Cleaning,South,186,93,112,96,220,20,Rainy,0,238.85,Medium
2024-06-23,1,P009,Amul Butter 500g,Dairy,South,267,42,55,42,275,0,Stormy,1,297.33,Medium
2024-06-23,1,P010,Red Label Tea 500g,Beverages,South,169,96,109,96,255,5,Rainy,0,248.82,Medium
2024-06-24,1,P001,Amul Taaza Toned Milk 1L,Dairy,South,179,29,45,27,58,10,Sunny,0,54.07,Medium
2024-06-24,1,P002,Britannia Good Day 600g,Snacks,South,148,77,91,78,120,15,Cloudy,1,123.02,Medium
2024-06-24,1,P003,Aashirvaad Atta 5kg,Staples,South,183,60,72,60,248,5,Cloudy,1,256.94,Medium
2024-06-24,1,P004,Maggi 2-Minute Noodles,Snacks,South,121,81,93,85,48,0,Sunny,0,46.42,Medium
2024-06-24,1,P005,Tata Salt 1kg,Staples,South,81,83,84,83,22,20,Cloudy,1,22.73,Medium
2024-06-24,1,P006,Coca-Cola 600ml,Beverages,South,140,83,91,82,40,10,Rainy,1,40.09,Medium
2024-06-24,1,P007,Parle-G 800g,Snacks,South,165,42,59,45,65,0,Stormy,0,62.28,Medium
2024-06-24,1,P008,Surf Excel 1kg,Cleaning,South,261,36,50,37,220,0,Sunny,1,229.43,Medium
2024-06-24,1,P009,Amul Butter 500g,Dairy,South,259,84,97,83,275,10,Cloudy,1,294.12,Medium
2024-06-24,1,P010,Red Label Tea 500g,Beverages,South,231,85,93,83,255,20,Rainy,0,250.9,Medium
2024-06-25,1,P001,Amul Taaza Toned Milk 1L,Dairy,South,234,20,35,24,58,5,Cloudy,0,60.18,Medium
2024-06-25,1,P002,Britannia Good Day 600g,Snacks,South,138,43,60,42,120,0,Cloudy,0,127.85,Medium
2024-06-25,1,P003,Aashirvaad Atta 5kg,Staples,South,150,71,85,69,248,5,Stormy,0,249.93,Medium
2024-06-25,1,P004,Maggi 2-Minute Noodles,Snacks,South,139,54,63,49,48,10,Cloudy,0,50.04,Medium
2024-06-25,1,P005,Tata Salt 1kg,Staples,South,120,50,65,54,22,15,Sunny,0,20.24,Medium
2024-06-25,1,P006,Coca-Cola 600ml,Beverages,South,76,75,91,73,40,20,Rainy,1,42.17,Medium
2024-06-25,1,P007,Parle-G 800g,Snacks,South,93,52,58,54,65,20,Cloudy,0,58.69,Medium
2024-06-25,1,P008,Surf Excel 1kg,Cleaning,South,281,32,48,27,220,15,Cloudy,0,207.95,Medium
2024-06-25,1,P009,Amul Butter 500g,Dairy,South,265,80,89,76,275,0,Rainy,0,292.11,Medium
2024-06-25,1,P010,Red Label Tea 500g,Beverages,South,273,83,96,86,255,5,Cloudy,1,252.1,Medium
2024-06-26,1,P001,Amul Taaza Toned Milk 1L,Dairy,South,248,29,44,28,58,0,Rainy,0,58.44,Medium
2024-06-26,1,P002,Britannia Good Day 600g,Snacks,South,281,83,100,84,120,0,Sunny,0,111.27,Medium
2024-06-26,1,P003,Aashirvaad Atta 5kg,Staples,South,63,53,66,56,248,5,Stormy,0,241.34,Medium
2024-06-26,1,P004,Maggi 2-Minute Noodles,Snacks,South,299,45,45,49,48,10,Stormy,0,45.77,Medium
2024-06-26,1,P005,Tata Salt 1kg,Staples,South,238,40,47,35,22,20,Sunny,1,22.23,Medium
2024-06-26,1,P006,Coca-Cola 600ml,Beverages,South,147,34,44,30,40,0,Sunny,0,39.86,Medium
2024-06-26,1,P007,Parle-G 800g,Snacks,South,101,49,67,44,65,10,Sunny,0,66.45,Medium
2024-06-26,1,P008,Surf Excel 1kg,Cleaning,South,145,58,65,60,220,10,Stormy,0,198.81,Medium
2024-06-26,1,P009,Amul Butter 500g,Dairy,South,161,86,94,85,275,0,Stormy,0,287.25,Medium
2024-06-26,1,P010,Red Label Tea 500g,Beverages,South,293,32,47,27,255,0,Cloudy,0,238.82,Medium
2024-06-27,1,P001,Amul Taaza Toned Milk 1L,Dairy,South,102,82,98,84,58,10,Sunny,0,60.38,Medium
2024-06-27,1,P002,Britannia Good Day 600g,Snacks,South,196,79,85,74,120,0,Sunny,0,130.76,Medium
2024-06-27,1,P003,Aashirvaad Atta 5kg,Staples,South,167,29,33,28,248,20,Stormy,0,233.81,Medium
2024-06-27,1,P004,Maggi 2-Minute Noodles,Snacks,South,192,32,47,30,48,10,Stormy,0,47.94,Medium
2024-06-27,1,P005,Tata Salt 1kg,Staples,South,58,52,62,55,22,15,Cloudy,0,20.77,Medium
2024-06-27,1,P006,Coca-Cola 600ml,Beverages,South,199,43,51,42,40,0,Sunny,0,37.57,Medium
2024-06-27,1,P007,Parle-G 800g,Snacks,South,109,84,97,83,65,0,Cloudy,0,63.84,Medium
2024-06-27,1,P008,Surf Excel 1kg,Cleaning,South,60,63,72,64,220,20,Cloudy,0,210.82,Medium
2024-06-27,1,P009,Amul Butter 500g,Dairy,South,215,77,79,73,275,5,Sunny,0,289.16,Medium
2024-06-27,1,P010,Red Label Tea 500g,Beverages,South,71,54,58,54,255,20,Rainy,1,274.88,Medium
2024-06-28,1,P001,Amul Taaza Toned Milk 1L,Dairy,South,241,70,89,74,58,0,Stormy,0,56.93,Medium
2024-06-28,1,P002,Britannia Good Day 600g,Snacks,South,129,42,47,45,120,5,Sunny,0,112.42,Medium
2024-06-28,1,P003,Aashirvaad Atta 5kg,Staples,South,63,73,87,70,248,10,Sunny,0,248.33,Medium
2024-06-28,1,P004,Maggi 2-Minute Noodles,Snacks,South,288,35,41,35,48,10,Rainy,1,43.57,Medium
2024-06-28,1,P005,Tata Salt 1kg,Staples,South,145,57,73,54,22,10,Cloudy,0,23.56,Medium
2024-06-28,1,P006,Coca-Cola 600ml,Beverages,South,99,25,42,21,40,20,Cloudy,0,40.01,Medium
2024-06-28,1,P007,Parle-G 800g,Snacks,South,182,72,82,74,65,10,Stormy,0,65.74,Medium
2024-06-28,1,P008,Surf Excel 1kg,Cleaning,South,128,71,89,71,220,0,Stormy,0,203.1,Medium
2024-06-28,1,P009,Amul Butter 500g,Dairy,South,251,92,109,89,275,0,Sunny,1,276.38,Medium
2024-06-28,1,P010,Red Label Tea 500g,Beverages,South,107,47,64,42,255,20,Stormy,0,275.92,Medium
2024-06-29,1,P001,Amul Taaza Toned Milk 1L,Dairy,South,132,51,63,48,58,15,Cloudy,1,53.14,Medium
2024-06-29,1,P002,Britannia Good Day 600g,Snacks,South,229,47,52,45,120,0,Stormy,0,109.33,Medium
2024-06-29,1,P003,Aashirvaad Atta 5kg,Staples,South,115,23,35,27,248,10,Sunny,0,257.46,Medium
2024-06-29,1,P004,Maggi 2-Minute Noodles,Snacks,South,285,109,109,112,48,0,Cloudy,1,44.47,Medium
2024-06-29,1,P005,Tata Salt 1kg,Staples,South,265,45,59,48,22,0,Rainy,1,22.69,Medium
2024-06-29,1,P006,Coca-Cola 600ml,Beverages,South,54,78,86,79,40,10,Sunny,0,37.84,Medium
2024-06-29,1,P007,Parle-G 800g,Snacks,South,191,46,53,49,65,20,Cloudy,0,66.56,Medium
2024-06-29,1,P008,Surf Excel 1kg,Cleaning,South,59,100,106,96,220,5,Cloudy,0,229.54,Medium
2024-06-29,1,P009,Amul Butter 500g,Dairy,South,80,79,90,77,275,0,Cloudy,0,298.28,Medium
2024-06-29,1,P010,Red Label Tea 500g,Beverages,South,276,72,90,70,255,10,Stormy,0,244.63,Medium
2024-06-30,1,P001,Amul Taaza Toned Milk 1L,Dairy,South,51,83,88,87,58,5,Stormy,0,59.42,Medium
2024-06-30,1,P002,Britannia Good Day 600g,Snacks,South,252,94,111,89,120,0,Rainy,0,109.4,Medium
2024-06-30,1,P003,Aashirvaad Atta 5kg,Staples,South,284,84,94,87,248,5,Stormy,0,266.6,Medium
2024-06-30,1,P004,Maggi 2-Minute Noodles,Snacks,South,236,60,64,64,48,0,Cloudy,0,51.39,Medium
2024-06-30,1,P005,Tata Salt 1kg,Staples,South,292,57,61,55,22,0,Rainy,0,23.72,Medium
2024-06-30,1,P006,Coca-Cola 600ml,Beverages,South,215,82,91,82,40,20,Sunny,0,39.29,Medium
2024-06-30,1,P007,Parle-G 800g,Snacks,South,145,45,58,43,65,5,Stormy,0,65.9,Medium
2024-06-30,1,P008,Surf Excel 1kg,Cleaning,South,70,34,45,38,220,15,Rainy,1,237.87,Medium
2024-06-30,1,P009,Amul Butter 500g,Dairy,South,119,68,72,65,275,0,Stormy,0,257.12,Medium
2024-06-30,1,P010,Red Label Tea 500g,Beverages,South,56,110,117,107,255,20,Sunny,0,274.93,Medium
2024-07-01,1,P001,Amul Taaza Toned Milk 1L,Dairy,South,106,97,113,101,58,0,Rainy,0,52.81,Medium
2024-07-01,1,P002,Britannia Good Day 600g,Snacks,South,156,38,40,35,120,0,Sunny,0,120.3,Medium
2024-07-01,1,P003,Aashirvaad Atta 5kg,Staples,South,170,62,76,63,248,0,Sunny,0,249.08,Medium
2024-07-01,1,P004,Maggi 2-Minute Noodles,Snacks,South,62,54,68,55,48,0,Rainy,0,49.59,Medium
2024-07-01,1,P005,Tata Salt 1kg,Staples,South,134,70,71,68,22,0,Rainy,0,20.21,Medium
2024-07-01,1,P006,Coca-Cola 600ml,Beverages,South,221,37,37,38,40,0,Sunny,0,41.83,Medium
2024-07-01,1,P007,Parle-G 800g,Snacks,South,269,49,62,49,65,15,Stormy,1,70.51,Medium
2024-07-01,1,P008,Surf Excel 1kg,Cleaning,South,236,47,56,45,220,20,Sunny,1,239.47,Medium
2024-07-01,1,P009,Amul Butter 500g,Dairy,South,170,64,75,63,275,0,Cloudy,0,256.76,Medium
2024-07-01,1,P010,Red Label Tea 500g,Beverages,South,222,66,66,65,255,0,Stormy,0,259.87,Medium
2024-07-02,1,P001,Amul Taaza Toned Milk 1L,Dairy,South,200,53,60,52,58,0,Stormy,0,60.96,Medium
2024-07-02,1,P002,Britannia Good Day 600g,Snacks,South,174,36,50,35,120,20,Cloudy,0,109.18,Medium
2024-07-02,1,P003,Aashirvaad Atta 5kg,Staples,South,243,41,57,40,248,5,Stormy,0,270.99,Medium
2024-07-02,1,P004,Maggi 2-Minute Noodles,Snacks,South,64,63,82,59,48,5,Rainy,0,50.34,Medium
2024-07-02,1,P005,Tata Salt 1kg,Staples,South,212,37,49,39,22,0,Sunny,0,21.74,Medium
2024-07-02,1,P006,Coca-Cola 600ml,Beverages,South,52,79,80,76,40,5,Rainy,1,41.51,Medium
2024-07-02,1,P007,Parle-G 800g,Snacks,South,253,27,40,24,65,20,Rainy,1,67.6,Medium
2024-07-02,1,P008,Surf Excel 1kg,Cleaning,South,239,25,43,23,220,15,Stormy,1,200.03,Medium
2024-07-02,1,P009,Amul Butter 500g,Dairy,South,276,80,94,77,275,0,Rainy,1,263.58,Medium
2024-07-02,1,P010,Red Label Tea 500g,Beverages,South,129,64,73,59,255,5,Rainy,0,251.09,Medium
2024-07-03,1,P001,Amul Taaza Toned Milk 1L,Dairy,South,201,74,85,77,58,10,Sunny,1,60.85,Medium
2024-07-03,1,P002,Britannia Good Day 600g,Snacks,South,100,76,94,75,120,0,Cloudy,0,128.05,Medium
2024-07-03,1,P003,Aashirvaad Atta 5kg,Staples,South,235,24,37,24,248,0,Cloudy,0,237.49,Medium
2024-07-03,1,P004,Maggi 2-Minute Noodles,Snacks,South,239,24,29,24,48,20,Stormy,0,46.18,Medium
2024-07-03,1,P005,Tata Salt 1kg,Staples,South,136,56,61,57,22,5,Sunny,0,23.19,Medium
2024-07-03,1,P006,Coca-Cola 600ml,Beverages,South,83,70,78,67,40,15,Rainy,0,42.5,Medium
2024-07-03,1,P007,Parle-G 800g,Snacks,South,92,49,60,45,65,0,Stormy,1,62.53,Medium
2024-07-03,1,P008,Surf Excel 1kg,Cleaning,South,206,38,55,36,220,0,Stormy,1,223.5,Medium
2024-07-03,1,P009,Amul Butter 500g,Dairy,South,244,75,84,77,275,15,Cloudy,0,250.89,Medium
2024-07-03,1,P010,Red Label Tea 500g,Beverages,South,161,54,68,58,255,20,Sunny,1,240.24,Medium
2024-07-04,1,P001,Amul Taaza Toned Milk 1L,Dairy,South,287,34,43,38,58,5,Sunny,0,55.45,Medium
2024-07-04,1,P002,Britannia Good Day 600g,Snacks,South,288,38,51,35,120,20,Sunny,1,127.09,Medium
2024-07-04,1,P003,Aashirvaad Atta 5kg,Staples,South,201,80,87,77,248,20,Stormy,0,268.78,Medium
2024-07-04,1,P004,Maggi 2-Minute Noodles,Snacks,South,171,83,94,81,48,10,Stormy,0,45.01,Medium
2024-07-04,1,P005,Tata Salt 1kg,Staples,South,294,68,78,67,22,0,Stormy,0,22.05,Medium
2024-07-04,1,P006,Coca-Cola 600ml,Beverages,South,54,56,56,56,40,0,Cloudy,0,43.32,Medium
2024-07-04,1,P007,Parle-G 800g,Snacks,South,103,57,68,55,65,0,Cloudy,0,59.07,Medium
2024-07-04,1,P008,Surf Excel 1kg,Cleaning,South,204,50,66,45,220,10,Cloudy,1,239.0,Medium
2024-07-04,1,P009,Amul Butter 500g,Dairy,South,238,31,48,35,275,0,Rainy,0,285.81,Medium
2024-07-04,1,P010,Red Label Tea 500g,Beverages,South,249,87,105,87,255,10,Rainy,0,249.59,Medium
2024-07-05,1,P001,Amul Taaza Toned Milk 1L,Dairy,South,242,58,64,55,58,0,Rainy,0,58.34,Medium
2024-07-05,1,P002,Britannia Good Day 600g,Snacks,South,177,41,43,41,120,0,Cloudy,0,122.12,Medium
2024-07-05,1,P003,Aashirvaad Atta 5kg,Staples,South,87,45,55,44,248,10,Rainy,0,240.39,Medium
2024-07-05,1,P004,Maggi 2-Minute Noodles,Snacks,South,252,71,85,74,48,10,Sunny,1,43.21,Medium
2024-07-05,1,P005,Tata Salt 1kg,Staples,South,266,46,53,45,22,15,Rainy,1,21.13,Medium
2024-07-05,1,P006,Coca-Cola 600ml,Beverages,South,85,76,87,75,40,15,Stormy,0,40.26,Medium
2024-07-05,1,P007,Parle-G 800g,Snacks,South,221,41,47,42,65,20,Rainy,0,64.17,Medium
2024-07-05,1,P008,Surf Excel 1kg,Cleaning,South,205,66,68,67,220,15,Cloudy,0,204.48,Medium
2024-07-05,1,P009,Amul Butter 500g,Dairy,South,145,83,88,85,275,0,Cloudy,0,281.33,Medium
2024-07-05,1,P010,Red Label Tea 500g,Beverages,South,101,83,101,83,255,10,Sunny,0,257.75,Medium
2024-07-06,1,P001,Amul Taaza Toned Milk 1L,Dairy,South,200,99,111,102,58,0,Sunny,0,59.91,Medium
2024-07-06,1,P002,Britannia Good Day 600g,Snacks,South,181,20,33,18,120,0,Stormy,0,123.48,Medium
2024-07-06,1,P003,Aashirvaad Atta 5kg,Staples,South,138,57,66,52,248,5,Rainy,0,226.57,Medium
2024-07-06,1,P004,Maggi 2-Minute Noodles,Snacks,South,272,72,76,74,48,0,Rainy,1,51.25,Medium
2024-07-06,1,P005,Tata Salt 1kg,Staples,South,101,86,100,85,22,0,Sunny,1,22.45,Medium
2024-07-06,1,P006,Coca-Cola 600ml,Beverages,South,154,96,104,92,40,0,Rainy,0,37.19,Medium
2024-07-06,1,P007,Parle-G 800g,Snacks,South,255,55,68,55,65,0,Sunny,0,67.46,Medium
2024-07-06,1,P008,Surf Excel 1kg,Cleaning,South,194,23,40,27,220,0,Rainy,0,235.8,Medium
2024-07-06,1,P009,Amul Butter 500g,Dairy,South,299,72,81,74,275,5,Cloudy,1,295.44,Medium
2024-07-06,1,P010,Red Label Tea 500g,Beverages,South,178,65,67,68,255,10,Sunny,0,266.45,Medium
2024-07-07,1,P001,Amul Taaza Toned Milk 1L,Dairy,South,53,96,110,93,58,0,Stormy,1,53.75,Medium
2024-07-07,1,P002,Britannia Good Day 600g,Snacks,South,160,46,53,50,120,20,Cloudy,0,108.42,Medium
2024-07-07,1,P003,Aashirvaad Atta 5kg,Staples,South,128,84,86,84,248,0,Cloudy,1,235.79,Medium
2024-07-07,1,P004,Maggi 2-Minute Noodles,Snacks,South,99,98,113,98,48,0,Cloudy,0,47.36,Medium
2024-07-07,1,P005,Tata Salt 1kg,Staples,South,98,55,68,52,22,10,Stormy,1,23.62,Medium
2024-07-07,1,P006,Coca-Cola 600ml,Beverages,South,236,22,38,26,40,0,Cloudy,0,41.8,Medium
2024-07-07,1,P007,Parle-G 800g,Snacks,South,266,22,25,18,65,0,Sunny,1,62.55,Medium
2024-07-07,1,P008,Surf Excel 1kg,Cleaning,South,264,104,118,108,220,0,Rainy,1,217.74,Medium
2024-07-07,1,P009,Amul Butter 500g,Dairy,South,169,83,90,79,275,0,Cloudy,0,293.68,Medium
2024-07-07,1,P010,Red Label Tea 500g,Beverages,South,280,76,84,77,255,0,Stormy,0,235.6,Medium
2024-07-08,1,P001,Amul Taaza Toned Milk 1L,Dairy,South,73,21,34,24,58,0,Sunny,0,55.74,Medium
2024-07-08,1,P002,Britannia Good Day 600g,Snacks,South,156,27,29,31,120,5,Sunny,0,124.9,Medium
2024-07-08,1,P003,Aashirvaad Atta 5kg,Staples,South,95,23,42,23,248,0,Sunny,0,252.69,Medium
2024-07-08,1,P004,Maggi 2-Minute Noodles,Snacks,South,206,19,23,17,48,0,Rainy,0,47.66,Medium
2024-07-08,1,P005,Tata Salt 1kg,Staples,South,295,40,54,36,22,5,Cloudy,0,20.24,Medium
2024-07-08,1,P006,Coca-Cola 600ml,Beverages,South,182,55,56,56,40,0,Sunny,0,40.43,Medium
2024-07-08,1,P007,Parle-G 800g,Snacks,South,248,27,29,23,65,10,Cloudy,1,62.11,Medium
2024-07-08,1,P008,Surf Excel 1kg,Cleaning,South,293,26,33,24,220,5,Stormy,0,218.67,Medium
2024-07-08,1,P009,Amul Butter 500g,Dairy,South,165,26,32,29,275,0,Stormy,0,298.73,Medium
2024-07-08,1,P010,Red Label Tea 500g,Beverages,South,104,84,93,84,255,0,Cloudy,1,240.49,Medium
2024-07-09,1,P001,Amul Taaza Toned Milk 1L,Dairy,South,109,73,85,77,58,5,Stormy,0,63.66,Medium
2024-07-09,1,P002,Britannia Good Day 600g,Snacks,South,62,49,65,47,120,5,Rainy,0,109.7,Medium
2024-07-09,1,P003,Aashirvaad Atta 5kg,Staples,South,276,79,80,77,248,0,Cloudy,0,260.95,Medium
2024-07-09,1,P004,Maggi 2-Minute Noodles,Snacks,South,70,62,77,66,48,0,Stormy,0,43.71,Medium
2024-07-09,1,P005,Tata Salt 1kg,Staples,South,127,66,66,61,22,0,Stormy,1,22.06,Medium
2024-07-09,1,P006,Coca-Cola 600ml,Beverages,South,103,78,78,82,40,0,Rainy,0,40.97,Medium
2024-07-09,1,P007,Parle-G 800g,Snacks,South,243,76,81,77,65,0,Sunny,1,60.76,Medium
2024-07-09,1,P008,Surf Excel 1kg,Cleaning,South,120,21,24,22,220,10,Sunny,0,228.18,Medium
2024-07-09,1,P009,Amul Butter 500g,Dairy,South,289,78,79,74,275,0,Cloudy,0,266.02,Medium
2024-07-09,1,P010,Red Label Tea 500g,Beverages,South,225,75,91,70,255,5,Cloudy,1,235.59,Medium
2024-07-10,1,P001,Amul Taaza Toned Milk 1L,Dairy,South,273,64,82,64,58,0,Stormy,1,58.07,Medium
2024-07-10,1,P002,Britannia Good Day 600g,Snacks,South,120,37,46,41,120,20,Stormy,0,115.24,Medium
2024-07-10,1,P003,Aashirvaad Atta 5kg,Staples,South,182,55,73,53,248,15,Cloudy,0,251.29,Medium
2024-07-10,1,P004,Maggi 2-Minute Noodles,Snacks,South,58,81,93,79,48,15,Stormy,0,48.24,Medium
2024-07-10,1,P005,Tata Salt 1kg,Staples,South,176,71,90,73,22,20,Sunny,0,21.28,Medium
2024-07-10,1,P006,Coca-Cola 600ml,Beverages,South,53,50,60,54,40,0,Sunny,1,37.51,Medium
2024-07-10,1,P007,Parle-G 800g,Snacks,South,107,78,84,73,65,0,Rainy,1,68.66,Medium
2024-07-10,1,P008,Surf Excel 1kg,Cleaning,South,239,69,88,69,220,15,Rainy,1,220.07,Medium
2024-07-10,1,P009,Amul Butter 500g,Dairy,South,216,47,51,44,275,0,Rainy,0,270.28,Medium
2024-07-10,1,P010,Red Label Tea 500g,Beverages,South,206,60,72,60,255,20,Sunny,0,274.01,Medium
2024-07-11,1,P001,Amul Taaza Toned Milk 1L,Dairy,South,195,26,35,21,58,15,Rainy,0,59.81,Medium
2024-07-11,1,P002,Britannia Good Day 600g,Snacks,South,153,44,52,40,120,0,Sunny,1,126.93,Medium
2024-07-11,1,P003,Aashirvaad Atta 5kg,Staples,South,135,35,37,34,248,0,Cloudy,1,235.05,Medium
2024-07-11,1,P004,Maggi 2-Minute Noodles,Snacks,South,135,56,62,56,48,15,Rainy,0,49.92,Medium
2024-07-11,1,P005,Tata Salt 1kg,Staples,South,210,45,48,47,22,20,Cloudy,0,22.32,Medium
2024-07-11,1,P006,Coca-Cola 600ml,Beverages,South,81,40,40,38,40,5,Stormy,1,43.43,Medium
2024-07-11,1,P007,Parle-G 800g,Snacks,South,296,75,85,75,65,0,Cloudy,0,69.63,Medium
2024-07-11,1,P008,Surf Excel 1kg,Cleaning,South,269,82,94,86,220,0,Sunny,1,234.19,Medium
2024-07-11,1,P009,Amul Butter 500g,Dairy,South,287,67,76,68,275,20,Cloudy,1,284.81,Medium
2024-07-11,1,P010,Red Label Tea 500g,Beverages,South,132,78,91,74,255,10,Stormy,0,260.54,Medium
2024-07-12,1,P001,Amul Taaza Toned Milk 1L,Dairy,South,59,63,71,62,58,5,Rainy,0,61.42,Medium
2024-07-12,1,P002,Britannia Good Day 600g,Snacks,South,100,68,71,66,120,0,Rainy,0,108.51,Medium
2024-07-12,1,P003,Aashirvaad Atta 5kg,Staples,South,282,80,80,83,248,0,Stormy,0,243.84,Medium
2024-07-12,1,P004,Maggi 2-Minute Noodles,Snacks,South,52,89,90,91,48,0,Sunny,0,51.72,Medium
2024-07-12,1,P005,Tata Salt 1kg,Staples,South,143,55,74,54,22,10,Rainy,0,20.32,Medium
2024-07-12,1,P006,Coca-Cola 600ml,Beverages,South,152,70,81,74,40,0,Sunny,1,38.29,Medium
2024-07-12,1,P007,Parle-G 800g,Snacks,South,186,58,64,55,65,5,Rainy,0,71.11,Medium
2024-07-12,1,P008,Surf Excel 1kg,Cleaning,South,212,47,63,48,220,15,Cloudy,0,227.09,Medium
2024-07-12,1,P009,Amul Butter 500g,Dairy,South,190,47,50,43,275,20,Sunny,0,258.32,Medium
2024-07-12,1,P010,Red Label Tea 500g,Beverages,South,205,68,81,64,255,0,Sunny,0,250.04,Medium
2024-07-13,1,P001,Amul Taaza Toned Milk 1L,Dairy,South,275,101,105,99,58,5,Cloudy,0,62.23,Medium
2024-07-13,1,P002,Britannia Good Day 600g,Snacks,South,251,41,60,37,120,10,Rainy,0,112.62,Medium
2024-07-13,1,P003,Aashirvaad Atta 5kg,Staples,South,178,73,78,69,248,20,Stormy,0,238.42,Medium
2024-07-13,1,P004,Maggi 2-Minute Noodles,Snacks,South,70,66,84,64,48,10,Cloudy,1,49.39,Medium
2024-07-13,1,P005,Tata Salt 1kg,Staples,South,240,113,131,108,22,0,Cloudy,0,24.18,Medium
2024-07-13,1,P006,Coca-Cola 600ml,Beverages,South,70,93,107,89,40,20,Stormy,0,36.91,Medium
2024-07-13,1,P007,Parle-G 800g,Snacks,South,94,34,37,33,65,0,Sunny,0,70.67,Medium
2024-07-13,1,P008,Surf Excel 1kg,Cleaning,South,103,58,72,58,220,0,Sunny,1,228.55,Medium
2024-07-13,1,P009,Amul Butter 500g,Dairy,South,286,108,118,105,275,20,Sunny,1,283.92,Medium
2024-07-13,1,P010,Red Label Tea 500g,Beverages,South,130,59,69,58,255,20,Cloudy,0,237.21,Medium
2024-07-14,1,P001,Amul Taaza Toned Milk 1L,Dairy,South,288,53,62,52,58,5,Stormy,0,62.15,Medium
2024-07-14,1,P002,Britannia Good Day 600g,Snacks,South,186,95,111,93,120,5,Stormy,0,110.27,Medium
2024-07-14,1,P003,Aashirvaad Atta 5kg,Staples,South,197,83,98,86,248,10,Sunny,0,256.44,Medium
2024-07-14,1,P004,Maggi 2-Minute Noodles,Snacks,South,108,52,54,47,48,5,Stormy,0,43.85,Medium
2024-07-14,1,P005,Tata Salt 1kg,Staples,South,194,24,40,26,22,20,Cloudy,1,23.74,Medium
2024-07-14,1,P006,Coca-Cola 600ml,Beverages,South,140,93,96,90,40,5,Cloudy,0,38.4,Medium
2024-07-14,1,P007,Parle-G 800g,Snacks,South,225,97,116,99,65,20,Cloudy,0,65.91,Medium
2024-07-14,1,P008,Surf Excel 1kg,Cleaning,South,225,68,71,66,220,15,Rainy,1,238.02,Medium
2024-07-14,1,P009,Amul Butter 500g,Dairy,South,214,112,126,116,275,20,Cloudy,0,295.76,Medium
2024-07-14,1,P010,Red Label Tea 500g,Beverages,South,155,69,86,73,255,20,Cloudy,0,273.91,Medium
2024-07-15,1,P001,Amul Taaza Toned Milk 1L,Dairy,South,95,17,34,20,58,0,Stormy,0,62.49,Medium
2024-07-15,1,P002,Britannia Good Day 600g,Snacks,South,112,44,51,41,120,5,Rainy,0,131.28,Medium
2024-07-15,1,P003,Aashirvaad Atta 5kg,Staples,South,272,84,99,88,248,5,Rainy,0,229.15,Medium
2024-07-15,1,P004,Maggi 2-Minute Noodles,Snacks,South,269,70,80,70,48,15,Stormy,0,51.94,Medium
2024-07-15,1,P005,Tata Salt 1kg,Staples,South,175,41,53,36,22,0,Stormy,1,19.89,Medium
2024-07-15,1,P006,Coca-Cola 600ml,Beverages,South,193,69,71,64,40,10,Cloudy,1,36.27,Medium
2024-07-15,1,P007,Parle-G 800g,Snacks,South,236,49,49,44,65,20,Stormy,0,60.3,Medium
2024-07-15,1,P008,Surf Excel 1kg,Cleaning,South,221,79,82,77,220,20,Cloudy,0,235.39,Medium
2024-07-15,1,P009,Amul Butter 500g,Dairy,South,133,49,52,44,275,15,Cloudy,0,280.48,Medium
2024-07-15,1,P010,Red Label Tea 500g,Beverages,South,276,53,61,48,255,10,Stormy,0,232.92,Medium
2024-07-16,1,P001,Amul Taaza Toned Milk 1L,Dairy,South,269,26,32,30,58,0,Stormy,0,63.51,Medium
2024-07-16,1,P002,Britannia Good Day 600g,Snacks,South,283,37,43,34,120,0,Rainy,1,125.53,Medium
2024-07-16,1,P003,Aashirvaad Atta 5kg,Staples,South,169,69,82,68,248,0,Stormy,0,268.81,Medium
2024-07-16,1,P004,Maggi 2-Minute Noodles,Snacks,South,157,95,99,96,48,0,Cloudy,0,49.79,Medium
2024-07-16,1,P005,Tata Salt 1kg,Staples,South,271,75,87,79,22,20,Sunny,0,19.89,Medium
2024-07-16,1,P006,Coca-Cola 600ml,Beverages,South,84,38,54,40,40,20,Sunny,0,39.03,Medium
2024-07-16,1,P007,Parle-G 800g,Snacks,South,139,20,29,24,65,15,Cloudy,0,62.11,Medium
2024-07-16,1,P008,Surf Excel 1kg,Cleaning,South,174,42,61,40,220,20,Sunny,1,202.33,Medium
2024-07-16,1,P009,Amul Butter 500g,Dairy,South,153,38,55,35,275,10,Cloudy,0,294.05,Medium
2024-07-16,1,P010,Red Label Tea 500g,Beverages,South,101,26,27,25,255,10,Rainy,0,259.54,Medium
2024-07-17,1,P001,Amul Taaza Toned Milk 1L,Dairy,South,144,90,101,92,58,0,Sunny,0,55.05,Medium
2024-07-17,1,P002,Britannia Good Day 600g,Snacks,South,144,70,73,67,120,0,Sunny,1,117.63,Medium
2024-07-17,1,P003,Aashirvaad Atta 5kg,Staples,South,133,26,34,27,248,20,Stormy,0,228.51,Medium
2024-07-17,1,P004,Maggi 2-Minute Noodles,Snacks,South,52,41,45,44,48,20,Stormy,1,43.53,Medium
2024-07-17,1,P005,Tata Salt 1kg,Staples,South,241,38,39,38,22,20,Stormy,0,23.64,Medium
2024-07-17,1,P006,Coca-Cola 600ml,Beverages,South,79,73,92,74,40,0,Sunny,0,42.19,Medium
2024-07-17,1,P007,Parle-G 800g,Snacks,South,170,22,30,26,65,0,Stormy,0,68.79,Medium
2024-07-17,1,P008,Surf Excel 1kg,Cleaning,South,50,36,50,40,220,0,Stormy,0,209.59,Medium
2024-07-17,1,P009,Amul Butter 500g,Dairy,South,222,32,33,32,275,20,Cloudy,1,294.52,Medium
2024-07-17,1,P010,Red Label Tea 500g,Beverages,South,252,56,61,53,255,15,Stormy,0,258.32,Medium
2024-07-18,1,P001,Amul Taaza Toned Milk 1L,Dairy,South,163,26,26,28,58,0,Stormy,0,54.71,Medium
2024-07-18,1,P002,Britannia Good Day 600g,Snacks,South,76,70,81,67,120,15,Stormy,0,112.96,Medium
2024-07-18,1,P003,Aashirvaad Atta 5kg,Staples,South,145,56,66,53,248,15,Stormy,0,242.84,Medium
2024-07-18,1,P004,Maggi 2-Minute Noodles,Snacks,South,298,69,78,68,48,20,Rainy,1,46.37,Medium
2024-07-18,1,P005,Tata Salt 1kg,Staples,South,229,65,73,66,22,15,Rainy,1,21.72,Medium
2024-07-18,1,P006,Coca-Cola 600ml,Beverages,South,71,46,50,43,40,0,Rainy,0,37.52,Medium
2024-07-18,1,P007,Parle-G 800g,Snacks,South,220,85,96,82,65,0,Stormy,0,66.78,Medium
2024-07-18,1,P008,Surf Excel 1kg,Cleaning,South,94,35,53,36,220,0,Sunny,0,238.5,Medium
2024-07-18,1,P009,Amul Butter 500g,Dairy,South,153,88,96,90,275,15,Cloudy,0,281.91,Medium
2024-07-18,1,P010,Red Label Tea 500g,Beverages,South,73,92,93,89,255,10,Stormy,0,233.05,Medium
2024-07-19,1,P001,Amul Taaza Toned Milk 1L,Dairy,South,102,81,94,84,58,15,Cloudy,0,53.79,Medium
2024-07-19,1,P002,Britannia Good Day 600g,Snacks,South,131,77,95,76,120,0,Rainy,0,129.6,Medium
2024-07-19,1,P003,Aashirvaad Atta 5kg,Staples,South,237,58,75,53,248,15,Stormy,0,238.17,Medium
2024-07-19,1,P004,Maggi 2-Minute Noodles,Snacks,South,85,81,81,78,48,10,Cloudy,0,52.36,Medium
2024-07-19,1,P005,Tata Salt 1kg,Staples,South,149,87,93,88,22,15,Sunny,0,20.14,Medium
2024-07-19,1,P006,Coca-Cola 600ml,Beverages,South,268,83,92,81,40,15,Rainy,0,42.59,Medium
2024-07-19,1,P007,Parle-G 800g,Snacks,South,152,67,84,64,65,5,Cloudy,0,71.36,Medium
2024-07-19,1,P008,Surf Excel 1kg,Cleaning,South,71,73,76,76,220,0,Cloudy,1,236.67,Medium
2024-07-19,1,P009,Amul Butter 500g,Dairy,South,172,65,74,60,275,0,Rainy,0,280.58,Medium
2024-07-19,1,P010,Red Label Tea 500g,Beverages,South,131,34,34,31,255,10,Sunny,0,278.33,Medium
2024-07-20,1,P001,Amul Taaza Toned Milk 1L,Dairy,South,122,46,51,41,58,10,Rainy,0,53.05,Medium
2024-07-20,1,P002,Britannia Good Day 600g,Snacks,South,250,105,119,101,120,20,Rainy,0,128.12,Medium
2024-07-20,1,P003,Aashirvaad Atta 5kg,Staples,South,82,49,55,46,248,15,Stormy,0,240.25,Medium
2024-07-20,1,P004,Maggi 2-Minute Noodles,Snacks,South,257,52,56,50,48,0,Cloudy,0,44.2,Medium
2024-07-20,1,P005,Tata Salt 1kg,Staples,South,154,91,103,88,22,0,Rainy,0,21.93,Medium
2024-07-20,1,P006,Coca-Cola 600ml,Beverages,South,134,33,51,32,40,0,Sunny,0,42.58,Medium
2024-07-20,1,P007,Parle-G 800g,Snacks,South,168,19,38,22,65,20,Sunny,0,60.96,Medium
2024-07-20,1,P008,Surf Excel 1kg,Cleaning,South,71,42,58,40,220,15,Stormy,1,235.28,Medium
2024-07-20,1,P009,Amul Butter 500g,Dairy,South,267,84,94,86,275,0,Sunny,0,283.72,Medium
2024-07-20,1,P010,Red Label Tea 500g,Beverages,South,130,103,115,106,255,0,Rainy,1,269.09,Medium
2024-07-21,1,P001,Amul Taaza Toned Milk 1L,Dairy,South,207,97,99,94,58,0,Stormy,0,57.9,Medium
2024-07-21,1,P002,Britannia Good Day 600g,Snacks,South,171,103,117,107,120,0,Cloudy,0,115.94,Medium
2024-07-21,1,P003,Aashirvaad Atta 5kg,Staples,South,131,45,45,47,248,0,Sunny,0,246.29,Medium
2024-07-21,1,P004,Maggi 2-Minute Noodles,Snacks,South,89,123,139,126,48,15,Sunny,1,45.4,Medium
2024-07-21,1,P005,Tata Salt 1kg,Staples,South,166,97,107,95,22,15,Cloudy,0,22.13,Medium
2024-07-21,1,P006,Coca-Cola 600ml,Beverages,South,85,28,37,29,40,5,Stormy,0,41.39,Medium
2024-07-21,1,P007,Parle-G 800g,Snacks,South,206,82,87,77,65,20,Rainy,0,58.62,Medium
2024-07-21,1,P008,Surf Excel 1kg,Cleaning,South,114,104,104,105,220,10,Sunny,0,233.09,Medium
2024-07-21,1,P009,Amul Butter 500g,Dairy,South,53,103,114,106,275,5,Sunny,0,260.81,Medium
2024-07-21,1,P010,Red Label Tea 500g,Beverages,South,229,89,100,84,255,0,Cloudy,0,269.86,Medium
2024-07-22,1,P001,Amul Taaza Toned Milk 1L,Dairy,South,71,75,83,74,58,20,Stormy,0,56.02,Medium
2024-07-22,1,P002,Britannia Good Day 600g,Snacks,South,210,89,95,91,120,0,Rainy,1,117.34,Medium
2024-07-22,1,P003,Aashirvaad Atta 5kg,Staples,South,192,71,73,69,248,5,Cloudy,1,237.67,Medium
2024-07-22,1,P004,Maggi 2-Minute Noodles,Snacks,South,55,25,38,22,48,0,Rainy,0,47.14,Medium
2024-07-22,1,P005,Tata Salt 1kg,Staples,South,283,81,83,83,22,0,Rainy,0,21.98,Medium
2024-07-22,1,P006,Coca-Cola 600ml,Beverages,South,125,88,92,90,40,0,Stormy,0,38.76,Medium
2024-07-22,1,P007,Parle-G 800g,Snacks,South,176,84,95,80,65,0,Stormy,1,70.96,Medium
2024-07-22,1,P008,Surf Excel 1kg,Cleaning,South,102,20,27,20,220,0,Rainy,0,235.72,Medium
2024-07-22,1,P009,Amul Butter 500g,Dairy,South,128,69,73,66,275,20,Sunny,0,247.96,Medium
2024-07-22,1,P010,Red Label Tea 500g,Beverages,South,74,46,53,45,255,0,Cloudy,1,262.21,Medium
2024-07-23,1,P001,Amul Taaza Toned Milk 1L,Dairy,South,113,24,42,25,58,0,Cloudy,0,52.77,Medium
2024-07-23,1,P002,Britannia Good Day 600g,Snacks,South,224,68,85,68,120,5,Sunny,0,124.52,Medium
2024-07-23,1,P003,Aashirvaad Atta 5kg,Staples,South,275,19,25,16,248,20,Sunny,0,240.56,Medium
2024-07-23,1,P004,Maggi 2-Minute Noodles,Snacks,South,242,56,56,52,48,0,Stormy,0,50.78,Medium
2024-07-23,1,P005,Tata Salt 1kg,Staples,South,250,70,87,71,22,0,Sunny,0,20.91,Medium
2024-07-23,1,P006,Coca-Cola 600ml,Beverages,South,248,61,80,57,40,0,Cloudy,1,42.32,Medium
2024-07-23,1,P007,Parle-G 800g,Snacks,South,154,31,50,29,65,20,Sunny,1,64.97,Medium
2024-07-23,1,P008,Surf Excel 1kg,Cleaning,South,154,50,58,52,220,0,Sunny,0,215.45,Medium
2024-07-23,1,P009,Amul Butter 500g,Dairy,South,162,39,54,42,275,20,Cloudy,0,295.04,Medium
2024-07-23,1,P010,Red Label Tea 500g,Beverages,South,70,18,33,19,255,0,Cloudy,0,255.04,Medium
2024-07-24,1,P001,Amul Taaza Toned Milk 1L,Dairy,South,265,19,35,14,58,0,Stormy,1,63.32,Medium
2024-07-24,1,P002,Britannia Good Day 600g,Snacks,South,267,21,39,16,120,0,Cloudy,1,111.08,Medium
2024-07-24,1,P003,Aashirvaad Atta 5kg,Staples,South,153,39,55,38,248,20,Cloudy,0,249.89,Medium
2024-07-24,1,P004,Maggi 2-Minute Noodles,Snacks,South,168,33,33,29,48,0,Stormy,0,43.89,Medium
2024-07-24,1,P005,Tata Salt 1kg,Staples,South,118,79,97,80,22,10,Stormy,1,22.29,Medium
2024-07-24,1,P006,Coca-Cola 600ml,Beverages,South,175,28,39,24,40,0,Rainy,1,36.9,Medium
2024-07-24,1,P007,Parle-G 800g,Snacks,South,98,67,84,70,65,10,Sunny,0,60.46,Medium
2024-07-24,1,P008,Surf Excel 1kg,Cleaning,South,210,50,59,49,220,5,Sunny,0,209.76,Medium
2024-07-24,1,P009,Amul Butter 500g,Dairy,South,163,30,49,29,275,0,Sunny,0,265.01,Medium
2024-07-24,1,P010,Red Label Tea 500g,Beverages,South,221,79,86,81,255,0,Cloudy,0,243.03,Medium
2024-07-25,1,P001,Amul Taaza Toned Milk 1L,Dairy,South,72,28,40,23,58,20,Stormy,0,52.27,Medium
2024-07-25,1,P002,Britannia Good Day 600g,Snacks,South,61,27,31,28,120,0,Stormy,0,126.99,Medium
2024-07-25,1,P003,Aashirvaad Atta 5kg,Staples,South,238,66,83,64,248,5,Cloudy,0,246.44,Medium
2024-07-25,1,P004,Maggi 2-Minute Noodles,Snacks,South,180,82,96,81,48,0,Stormy,0,50.67,Medium
2024-07-25,1,P005,Tata Salt 1kg,Staples,South,247,79,79,76,22,20,Stormy,1,22.46,Medium
2024-07-25,1,P006,Coca-Cola 600ml,Beverages,South,90,57,75,57,40,5,Sunny,0,39.45,Medium
2024-07-25,1,P007,Parle-G 800g,Snacks,South,192,80,94,76,65,20,Cloudy,0,61.36,Medium
2024-07-25,1,P008,Surf Excel 1kg,Cleaning,South,193,72,74,74,220,15,Rainy,0,200.82,Medium
2024-07-25,1,P009,Amul Butter 500g,Dairy,South,179,81,99,83,275,5,Cloudy,0,252.67,Medium
2024-07-25,1,P010,Red Label Tea 500g,Beverages,South,99,95,114,98,255,10,Cloudy,1,255.6,Medium
2024-07-26,1,P001,Amul Taaza Toned Milk 1L,Dairy,South,239,71,77,70,58,20,Cloudy,0,63.07,Medium
2024-07-26,1,P002,Britannia Good Day 600g,Snacks,South,220,60,65,57,120,0,Stormy,0,131.75,Medium
2024-07-26,1,P003,Aashirvaad Atta 5kg,Staples,South,188,83,96,84,248,10,Stormy,0,266.47,Medium
2024-07-26,1,P004,Maggi 2-Minute Noodles,Snacks,South,274,78,92,75,48,0,Sunny,1,43.36,Medium
2024-07-26,1,P005,Tata Salt 1kg,Staples,South,80,43,57,44,22,0,Stormy,0,22.67,Medium
2024-07-26,1,P006,Coca-Cola 600ml,Beverages,South,207,38,50,36,40,10,Sunny,0,40.3,Medium
2024-07-26,1,P007,Parle-G 800g,Snacks,South,261,77,96,78,65,0,Sunny,0,70.8,Medium
2024-07-26,1,P008,Surf Excel 1kg,Cleaning,South,143,53,57,52,220,0,Sunny,1,198.86,Medium
2024-07-26,1,P009,Amul Butter 500g,Dairy,South,237,82,90,81,275,0,Rainy,0,302.04,Medium
2024-07-26,1,P010,Red Label Tea 500g,Beverages,South,188,50,54,53,255,10,Rainy,0,259.39,Medium
2024-07-27,1,P001,Amul Taaza Toned Milk 1L,Dairy,South,238,73,73,70,58,0,Stormy,0,61.24,Medium
2024-07-27,1,P002,Britannia Good Day 600g,Snacks,South,162,108,122,108,120,15,Cloudy,0,121.14,Medium
2024-07-27,1,P003,Aashirvaad Atta 5kg,Staples,South,196,37,45,39,248,0,Cloudy,0,231.15,Medium
2024-07-27,1,P004,Maggi 2-Minute Noodles,Snacks,South,269,98,117,98,48,0,Rainy,1,49.29,Medium
2024-07-27,1,P005,Tata Salt 1kg,Staples,South,201,40,52,42,22,0,Cloudy,0,21.51,Medium
2024-07-27,1,P006,Coca-Cola 600ml,Beverages,South,299,73,90,76,40,20,Stormy,0,39.51,Medium
2024-07-27,1,P007,Parle-G 800g,Snacks,South,297,100,118,97,65,15,Stormy,1,60.15,Medium
2024-07-27,1,P008,Surf Excel 1kg,Cleaning,South,100,38,54,33,220,0,Stormy,0,232.2,Medium
2024-07-27,1,P009,Amul Butter 500g,Dairy,South,180,67,74,67,275,0,Stormy,0,301.75,Medium
2024-07-27,1,P010,Red Label Tea 500g,Beverages,South,293,77,83,79,255,0,Stormy,1,262.29,Medium
2024-07-28,1,P001,Amul Taaza Toned Milk 1L,Dairy,South,233,50,52,48,58,0,Stormy,0,52.66,Medium
2024-07-28,1,P002,Britannia Good Day 600g,Snacks,South,118,50,58,49,120,15,Rainy,1,115.73,Medium
2024-07-28,1,P003,Aashirvaad Atta 5kg,Staples,South,133,77,80,76,248,15,Cloudy,0,265.0,Medium
2024-07-28,1,P004,Maggi 2-Minute Noodles,Snacks,South,198,59,67,62,48,0,Cloudy,0,45.82,Medium
2024-07-28,1,P005,Tata Salt 1kg,Staples,South,162,78,90,77,22,0,Cloudy,0,22.85,Medium
2024-07-28,1,P006,Coca-Cola 600ml,Beverages,South,106,88,88,86,40,20,Cloudy,0,42.76,Medium
2024-07-28,1,P007,Parle-G 800g,Snacks,South,272,67,76,65,65,0,Rainy,0,66.34,Medium
2024-07-28,1,P008,Surf Excel 1kg,Cleaning,South,206,40,59,40,220,10,Rainy,0,205.01,Medium
2024-07-28,1,P009,Amul Butter 500g,Dairy,South,80,117,118,117,275,0,Sunny,1,266.03,Medium
2024-07-28,1,P010,Red Label Tea 500g,Beverages,South,247,38,51,40,255,10,Sunny,0,240.86,Medium
2024-07-29,1,P001,Amul Taaza Toned Milk 1L,Dairy,South,192,67,73,67,58,20,Sunny,1,62.01,Medium
2024-07-29,1,P002,Britannia Good Day 600g,Snacks,South,64,92,103,89,120,15,Stormy,0,120.36,Medium
2024-07-29,1,P003,Aashirvaad Atta 5kg,Staples,South,83,85,88,88,248,20,Cloudy,0,264.66,Medium
2024-07-29,1,P004,Maggi 2-Minute Noodles,Snacks,South,68,96,111,100,48,0,Cloudy,0,44.55,Medium
2024-07-29,1,P005,Tata Salt 1kg,Staples,South,52,78,85,78,22,20,Cloudy,0,22.71,Medium
2024-07-29,1,P006,Coca-Cola 600ml,Beverages,South,295,56,72,53,40,10,Sunny,1,41.7,Medium
2024-07-29,1,P007,Parle-G 800g,Snacks,South,74,52,60,51,65,5,Stormy,1,58.91,Medium
2024-07-29,1,P008,Surf Excel 1kg,Cleaning,South,166,49,51,53,220,0,Sunny,1,212.4,Medium
2024-07-29,1,P009,Amul Butter 500g,Dairy,South,73,49,51,50,275,20,Cloudy,0,261.73,Medium
2024-07-29,1,P010,Red Label Tea 500g,Beverages,South,243,98,112,100,255,10,Rainy,0,267.65,Medium
2024-07-30,1,P001,Amul Taaza Toned Milk 1L,Dairy,South,55,45,58,40,58,0,Sunny,0,58.52,Medium
2024-07-30,1,P002,Britannia Good Day 600g,Snacks,South,217,53,66,54,120,15,Stormy,0,110.66,Medium
2024-07-30,1,P003,Aashirvaad Atta 5kg,Staples,South,146,54,73,51,248,20,Sunny,0,262.55,Medium
2024-07-30,1,P004,Maggi 2-Minute Noodles,Snacks,South,191,91,98,87,48,0,Sunny,1,49.16,Medium
2024-07-30,1,P005,Tata Salt 1kg,Staples,South,102,49,68,51,22,0,Stormy,1,23.92,Medium
2024-07-30,1,P006,Coca-Cola 600ml,Beverages,South,220,32,38,27,40,0,Rainy,0,42.56,Medium
2024-07-30,1,P007,Parle-G 800g,Snacks,South,270,83,100,79,65,15,Cloudy,0,66.48,Medium
2024-07-30,1,P008,Surf Excel 1kg,Cleaning,South,198,89,108,90,220,5,Sunny,0,215.14,Medium
2024-07-30,1,P009,Amul Butter 500g,Dairy,South,240,49,62,46,275,0,Stormy,0,263.6,Medium
2024-07-30,1,P010,Red Label Tea 500g,Beverages,South,166,73,77,74,255,0,Sunny,0,267.75,Medium
2024-07-31,1,P001,Amul Taaza Toned Milk 1L,Dairy,South,76,36,42,34,58,0,Cloudy,0,57.2,Medium
2024-07-31,1,P002,Britannia Good Day 600g,Snacks,South,255,43,47,47,120,15,Rainy,0,113.69,Medium
2024-07-31,1,P003,Aashirvaad Atta 5kg,Staples,South,166,60,67,56,248,20,Rainy,1,225.95,Medium
2024-07-31,1,P004,Maggi 2-Minute Noodles,Snacks,South,85,56,60,54,48,0,Cloudy,0,47.18,Medium
2024-07-31,1,P005,Tata Salt 1kg,Staples,South,194,63,76,61,22,5,Sunny,0,20.66,Medium
2024-07-31,1,P006,Coca-Cola 600ml,Beverages,South,101,95,100,93,40,20,Cloudy,0,43.57,Medium
2024-07-31,1,P007,Parle-G 800g,Snacks,South,144,45,56,43,65,0,Stormy,0,67.45,Medium
2024-07-31,1,P008,Surf Excel 1kg,Cleaning,South,109,60,69,55,220,20,Rainy,0,240.73,Medium
2024-07-31,1,P009,Amul Butter 500g,Dairy,South,121,85,101,84,275,0,Rainy,0,273.82,Medium
2024-07-31,1,P010,Red Label Tea 500g,Beverages,South,79,40,40,41,255,5,Sunny,0,247.17,Medium
2024-08-01,1,P001,Amul Taaza Toned Milk 1L,Dairy,South,64,23,29,18,58,20,Cloudy,0,63.01,Medium
2024-08-01,1,P002,Britannia Good Day 600g,Snacks,South,268,90,97,92,120,5,Stormy,0,125.52,Medium
2024-08-01,1,P003,Aashirvaad Atta 5kg,Staples,South,80,38,51,41,248,0,Sunny,0,226.94,Medium
2024-08-01,1,P004,Maggi 2-Minute Noodles,Snacks,South,80,72,72,70,48,5,Sunny,0,46.11,Medium
2024-08-01,1,P005,Tata Salt 1kg,Staples,South,121,33,34,36,22,20,Stormy,0,20.3,Medium
2024-08-01,1,P006,Coca-Cola 600ml,Beverages,South,58,87,88,89,40,15,Rainy,0,41.28,Medium
2024-08-01,1,P007,Parle-G 800g,Snacks,South,104,40,45,36,65,5,Cloudy,0,69.86,Medium
2024-08-01,1,P008,Surf Excel 1kg,Cleaning,South,187,48,52,49,220,15,Rainy,0,235.3,Medium
2024-08-01,1,P009,Amul Butter 500g,Dairy,South,182,68,77,71,275,0,Stormy,1,296.46,Medium
2024-08-01,1,P010,Red Label Tea 500g,Beverages,South,125,55,63,59,255,0,Sunny,0,241.94,Medium
2024-08-02,1,P001,Amul Taaza Toned Milk 1L,Dairy,South,156,60,65,60,58,20,Sunny,0,59.69,Medium
2024-08-02,1,P002,Britannia Good Day 600g,Snacks,South,102,30,31,31,120,5,Stormy,0,118.57,Medium
2024-08-02,1,P003,Aashirvaad Atta 5kg,Staples,South,140,48,67,50,248,0,Sunny,0,263.75,Medium
2024-08-02,1,P004,Maggi 2-Minute Noodles,Snacks,South,113,64,68,64,48,5,Cloudy,1,45.94,Medium
2024-08-02,1,P005,Tata Salt 1kg,Staples,South,253,58,63,61,22,0,Sunny,0,20.75,Medium
2024-08-02,1,P006,Coca-Cola 600ml,Beverages,South,172,33,45,31,40,15,Cloudy,1,40.93,Medium
2024-08-02,1,P007,Parle-G 800g,Snacks,South,184,78,92,80,65,0,Cloudy,0,62.95,Medium
2024-08-02,1,P008,Surf Excel 1kg,Cleaning,South,161,73,80,72,220,0,Stormy,0,204.0,Medium
2024-08-02,1,P009,Amul Butter 500g,Dairy,South,223,40,46,35,275,0,Sunny,0,295.25,Medium
2024-08-02,1,P010,Red Label Tea 500g,Beverages,South,273,79,84,79,255,0,Sunny,0,232.18,Medium
2024-08-03,1,P001,Amul Taaza Toned Milk 1L,Dairy,South,260,92,111,93,58,15,Rainy,1,62.07,Medium
2024-08-03,1,P002,Britannia Good Day 600g,Snacks,South,200,45,64,41,120,0,Sunny,0,115.46,Medium
2024-08-03,1,P003,Aashirvaad Atta 5kg,Staples,South,63,79,92,76,248,0,Stormy,0,269.84,Medium
2024-08-03,1,P004,Maggi 2-Minute Noodles,Snacks,South,53,62,65,66,48,0,Rainy,1,43.36,Medium
2024-08-03,1,P005,Tata Salt 1kg,Staples,South,251,114,129,111,22,0,Sunny,0,24.18,Medium
2024-08-03,1,P006,Coca-Cola 600ml,Beverages,South,81,45,47,43,40,15,Sunny,1,43.67,Medium
2024-08-03,1,P007,Parle-G 800g,Snacks,South,68,115,121,115,65,20,Stormy,1,65.83,Medium
2024-08-03,1,P008,Surf Excel 1kg,Cleaning,South,195,73,83,74,220,15,Stormy,0,208.65,Medium
2024-08-03,1,P009,Amul Butter 500g,Dairy,South,131,117,118,118,275,0,Rainy,0,261.82,Medium
2024-08-03,1,P010,Red Label Tea 500g,Beverages,South,290,81,89,82,255,0,Rainy,1,248.15,Medium
2024-08-04,1,P001,Amul Taaza Toned Milk 1L,Dairy,South,53,45,55,43,58,0,Stormy,0,61.94,Medium
2024-08-04,1,P002,Britannia Good Day 600g,Snacks,South,240,36,36,39,120,0,Cloudy,0,123.81,Medium
2024-08-04,1,P003,Aashirvaad Atta 5kg,Staples,South,172,103,105,103,248,15,Cloudy,0,252.3,Medium
2024-08-04,1,P004,Maggi 2-Minute Noodles,Snacks,South,172,93,96,92,48,0,Cloudy,1,44.79,Medium
2024-08-04,1,P005,Tata Salt 1kg,Staples,South,201,40,48,44,22,10,Cloudy,0,22.48,Medium
2024-08-04,1,P006,Coca-Cola 600ml,Beverages,South,206,89,105,91,40,0,Sunny,1,43.56,Medium
2024-08-04,1,P007,Parle-G 800g,Snacks,South,80,95,109,91,65,0,Cloudy,0,69.41,Medium
2024-08-04,1,P008,Surf Excel 1kg,Cleaning,South,253,101,119,105,220,5,Cloudy,0,211.06,Medium
2024-08-04,1,P009,Amul Butter 500g,Dairy,South,180,119,136,119,275,15,Sunny,0,258.09,Medium
2024-08-04,1,P010,Red Label Tea 500g,Beverages,South,254,57,59,59,255,0,Sunny,0,232.28,Medium
2024-08-05,1,P001,Amul Taaza Toned Milk 1L,Dairy,South,158,41,44,37,58,0,Stormy,0,61.09,Medium
2024-08-05,1,P002,Britannia Good Day 600g,Snacks,South,178,77,82,74,120,0,Rainy,0,112.17,Medium
2024-08-05,1,P003,Aashirvaad Atta 5kg,Staples,South,142,26,28,28,248,0,Stormy,0,249.09,Medium
2024-08-05,1,P004,Maggi 2-Minute Noodles,Snacks,South,149,35,44,37,48,20,Rainy,0,49.49,Medium
2024-08-05,1,P005,Tata Salt 1kg,Staples,South,115,62,76,65,22,20,Sunny,0,19.9,Medium
2024-08-05,1,P006,Coca-Cola 600ml,Beverages,South,195,46,57,47,40,10,Cloudy,1,37.46,Medium
2024-08-05,1,P007,Parle-G 800g,Snacks,South,179,47,51,42,65,15,Stormy,0,63.09,Medium
2024-08-05,1,P008,Surf Excel 1kg,Cleaning,South,158,43,50,44,220,10,Sunny,0,214.81,Medium
2024-08-05,1,P009,Amul Butter 500g,Dairy,South,229,56,57,60,275,0,Stormy,0,284.5,Medium
2024-08-05,1,P010,Red Label Tea 500g,Beverages,South,276,53,56,52,255,0,Rainy,0,241.81,Medium
2024-08-06,1,P001,Amul Taaza Toned Milk 1L,Dairy,South,183,78,83,76,58,20,Stormy,0,58.44,Medium
2024-08-06,1,P002,Britannia Good Day 600g,Snacks,South,56,83,101,87,120,0,Sunny,1,109.23,Medium
2024-08-06,1,P003,Aashirvaad Atta 5kg,Staples,South,141,42,51,38,248,15,Rainy,0,264.54,Medium
2024-08-06,1,P004,Maggi 2-Minute Noodles,Snacks,South,212,43,61,44,48,10,Sunny,1,44.99,Medium
2024-08-06,1,P005,Tata Salt 1kg,Staples,South,290,45,52,49,22,10,Sunny,0,23.54,Medium
2024-08-06,1,P006,Coca-Cola 600ml,Beverages,South,52,53,58,56,40,15,Stormy,0,40.55,Medium
2024-08-06,1,P007,Parle-G 800g,Snacks,South,74,18,33,16,65,20,Cloudy,0,62.99,Medium
2024-08-06,1,P008,Surf Excel 1kg,Cleaning,South,232,70,86,68,220,15,Rainy,0,220.04,Medium
2024-08-06,1,P009,Amul Butter 500g,Dairy,South,68,71,90,71,275,15,Rainy,0,297.24,Medium
2024-08-06,1,P010,Red Label Tea 500g,Beverages,South,90,42,57,46,255,15,Cloudy,0,240.2,Medium
2024-08-07,1,P001,Amul Taaza Toned Milk 1L,Dairy,South,55,77,78,72,58,5,Sunny,1,53.58,Medium
2024-08-07,1,P002,Britannia Good Day 600g,Snacks,South,250,78,96,73,120,5,Stormy,0,114.01,Medium
2024-08-07,1,P003,Aashirvaad Atta 5kg,Staples,South,183,51,52,55,248,0,Cloudy,0,233.49,Medium
2024-08-07,1,P004,Maggi 2-Minute Noodles,Snacks,South,137,57,73,52,48,10,Stormy,0,50.25,Medium
2024-08-07,1,P005,Tata Salt 1kg,Staples,South,238,76,94,71,22,0,Stormy,0,22.77,Medium
2024-08-07,1,P006,Coca-Cola 600ml,Beverages,South,65,88,104,88,40,0,Rainy,1,38.52,Medium
2024-08-07,1,P007,Parle-G 800g,Snacks,South,160,48,65,48,65,15,Stormy,0,59.73,Medium
2024-08-07,1,P008,Surf Excel 1kg,Cleaning,South,233,72,91,75,220,15,Rainy,0,227.4,Medium
2024-08-07,1,P009,Amul Butter 500g,Dairy,South,80,80,85,77,275,0,Rainy,0,288.13,Medium
2024-08-07,1,P010,Red Label Tea 500g,Beverages,South,79,38,55,40,255,0,Rainy,1,250.85,Medium
2024-08-08,1,P001,Amul Taaza Toned Milk 1L,Dairy,South,123,25,42,23,58,5,Sunny,0,62.11,Medium
2024-08-08,1,P002,Britannia Good Day 600g,Snacks,South,170,91,110,90,120,5,Cloudy,0,130.97,Medium
2024-08-08,1,P003,Aashirvaad Atta 5kg,Staples,South,73,79,93,76,248,0,Cloudy,0,249.61,Medium
2024-08-08,1,P004,Maggi 2-Minute Noodles,Snacks,South,177,59,72,63,48,0,Sunny,1,52.52,Medium
2024-08-08,1,P005,Tata Salt 1kg,Staples,South,91,90,99,93,22,0,Stormy,0,22.16,Medium
2024-08-08,1,P006,Coca-Cola 600ml,Beverages,South,103,81,94,79,40,5,Cloudy,0,39.71,Medium
2024-08-08,1,P007,Parle-G 800g,Snacks,South,134,68,71,63,65,15,Cloudy,1,64.13,Medium
2024-08-08,1,P008,Surf Excel 1kg,Cleaning,South,195,34,49,37,220,0,Sunny,0,223.14,Medium
2024-08-08,1,P009,Amul Butter 500g,Dairy,South,91,81,83,81,275,0,Rainy,0,283.34,Medium
2024-08-08,1,P010,Red Label Tea 500g,Beverages,South,128,64,76,65,255,0,Stormy,0,273.51,Medium
2024-08-09,1,P001,Amul Taaza Toned Milk 1L,Dairy,South,105,75,90,78,58,0,Cloudy,0,55.07,Medium
2024-08-09,1,P002,Britannia Good Day 600g,Snacks,South,217,27,35,30,120,5,Cloudy,1,118.47,Medium
2024-08-09,1,P003,Aashirvaad Atta 5kg,Staples,South,145,34,50,32,248,0,Cloudy,0,245.37,Medium
2024-08-09,1,P004,Maggi 2-Minute Noodles,Snacks,South,130,61,75,64,48,15,Stormy,0,52.77,Medium
2024-08-09,1,P005,Tata Salt 1kg,Staples,South,145,86,103,90,22,10,Sunny,1,23.64,Medium
2024-08-09,1,P006,Coca-Cola 600ml,Beverages,South,177,37,49,39,40,10,Stormy,0,36.02,Medium
2024-08-09,1,P007,Parle-G 800g,Snacks,South,168,79,82,75,65,20,Sunny,0,69.64,Medium
2024-08-09,1,P008,Surf Excel 1kg,Cleaning,South,282,92,108,93,220,0,Cloudy,0,239.38,Medium
2024-08-09,1,P009,Amul Butter 500g,Dairy,South,67,69,78,73,275,15,Rainy,1,267.33,Medium
2024-08-09,1,P010,Red Label Tea 500g,Beverages,South,237,45,60,49,255,0,Stormy,0,266.92,Medium
2024-08-10,1,P001,Amul Taaza Toned Milk 1L,Dairy,South,151,70,70,67,58,0,Cloudy,0,57.78,Medium
2024-08-10,1,P002,Britannia Good Day 600g,Snacks,South,187,84,95,82,120,5,Rainy,0,114.4,Medium
2024-08-10,1,P003,Aashirvaad Atta 5kg,Staples,South,96,103,119,104,248,15,Stormy,0,264.88,Medium
2024-08-10,1,P004,Maggi 2-Minute Noodles,Snacks,South,213,62,66,57,48,0,Sunny,0,43.89,Medium
2024-08-10,1,P005,Tata Salt 1kg,Staples,South,267,106,114,103,22,10,Rainy,0,20.77,Medium
2024-08-10,1,P006,Coca-Cola 600ml,Beverages,South,108,24,41,23,40,0,Sunny,1,42.2,Medium
2024-08-10,1,P007,Parle-G 800g,Snacks,South,234,53,62,53,65,0,Rainy,0,62.09,Medium
2024-08-10,1,P008,Surf Excel 1kg,Cleaning,South,146,62,74,64,220,0,Cloudy,0,231.84,Medium
2024-08-10,1,P009,Amul Butter 500g,Dairy,South,259,87,96,86,275,0,Sunny,0,247.94,Medium
2024-08-10,1,P010,Red Label Tea 500g,Beverages,South,134,36,53,40,255,0,Sunny,1,269.51,Medium
2024-08-11,1,P001,Amul Taaza Toned Milk 1L,Dairy,South,284,66,78,62,58,20,Cloudy,0,58.51,Medium
2024-08-11,1,P002,Britannia Good Day 600g,Snacks,South,146,96,103,98,120,0,Rainy,0,109.55,Medium
2024-08-11,1,P003,Aashirvaad Atta 5kg,Staples,South,198,100,114,102,248,0,Cloudy,0,245.3,Medium
2024-08-11,1,P004,Maggi 2-Minute Noodles,Snacks,South,141,24,37,27,48,20,Cloudy,1,48.03,Medium
2024-08-11,1,P005,Tata Salt 1kg,Staples,South,131,99,104,95,22,0,Cloudy,1,19.95,Medium
2024-08-11,1,P006,Coca-Cola 600ml,Beverages,South,119,63,76,60,40,0,Stormy,0,40.25,Medium
2024-08-11,1,P007,Parle-G 800g,Snacks,South,295,104,122,107,65,20,Cloudy,0,67.1,Medium
2024-08-11,1,P008,Surf Excel 1kg,Cleaning,South,186,85,88,88,220,0,Stormy,0,202.16,Medium
2024-08-11,1,P009,Amul Butter 500g,Dairy,South,177,63,65,59,275,20,Sunny,1,249.28,Medium
2024-08-11,1,P010,Red Label Tea 500g,Beverages,South,159,66,67,62,255,15,Rainy,1,246.47,Medium
2024-08-12,1,P001,Amul Taaza Toned Milk 1L,Dairy,South,259,67,70,64,58,0,Sunny,1,60.67,Medium
2024-08-12,1,P002,Britannia Good Day 600g,Snacks,South,249,47,65,50,120,0,Stormy,1,108.94,Medium
2024-08-12,1,P003,Aashirvaad Atta 5kg,Staples,South,251,48,53,52,248,10,Sunny,0,265.92,Medium
2024-08-12,1,P004,Maggi 2-Minute Noodles,Snacks,South,196,81,99,84,48,5,Sunny,1,52.51,Medium
2024-08-12,1,P005,Tata Salt 1kg,Staples,South,207,78,82,73,22,0,Rainy,0,21.48,Medium
2024-08-12,1,P006,Coca-Cola 600ml,Beverages,South,299,73,78,69,40,0,Rainy,0,41.29,Medium
2024-08-12,1,P007,Parle-G 800g,Snacks,South,229,88,92,89,65,0,Rainy,0,59.82,Medium
2024-08-12,1,P008,Surf Excel 1kg,Cleaning,South,194,80,97,75,220,20,Cloudy,0,200.32,Medium
2024-08-12,1,P009,Amul Butter 500g,Dairy,South,260,66,75,64,275,0,Sunny,0,280.56,Medium
2024-08-12,1,P010,Red Label Tea 500g,Beverages,South,124,52,58,47,255,0,Rainy,1,242.41,Medium
2024-08-13,1,P001,Amul Taaza Toned Milk 1L,Dairy,South,285,65,80,62,58,20,Rainy,0,58.31,Medium
2024-08-13,1,P002,Britannia Good Day 600g,Snacks,South,89,49,51,45,120,5,Cloudy,1,123.32,Medium
2024-08-13,1,P003,Aashirvaad Atta 5kg,Staples,South,159,59,60,57,248,0,Cloudy,0,241.0,Medium
2024-08-13,1,P004,Maggi 2-Minute Noodles,Snacks,South,90,35,43,36,48,15,Stormy,0,47.25,Medium
2024-08-13,1,P005,Tata Salt 1kg,Staples,South,218,46,65,46,22,15,Rainy,0,20.87,Medium
2024-08-13,1,P006,Coca-Cola 600ml,Beverages,South,100,88,93,83,40,0,Cloudy,0,37.59,Medium
2024-08-13,1,P007,Parle-G 800g,Snacks,South,286,63,65,59,65,0,Sunny,0,65.75,Medium
2024-08-13,1,P008,Surf Excel 1kg,Cleaning,South,108,81,98,80,220,5,Stormy,0,230.86,Medium
2024-08-13,1,P009,Amul Butter 500g,Dairy,South,226,41,60,41,275,20,Sunny,0,263.9,Medium
2024-08-13,1,P010,Red Label Tea 500g,Beverages,South,184,59,66,63,255,5,Rainy,1,238.76,Medium
2024-08-14,1,P001,Amul Taaza Toned Milk 1L,Dairy,South,224,30,33,28,58,10,Rainy,1,57.42,Medium
2024-08-14,1,P002,Britannia Good Day 600g,Snacks,South,188,45,57,45,120,20,Rainy,1,123.45,Medium
2024-08-14,1,P003,Aashirvaad Atta 5kg,Staples,South,285,81,96,78,248,0,Sunny,0,271.22,Medium
2024-08-14,1,P004,Maggi 2-Minute Noodles,Snacks,South,251,71,87,74,48,5,Stormy,0,50.14,Medium
2024-08-14,1,P005,Tata Salt 1kg,Staples,South,72,93,103,94,22,0,Cloudy,0,19.87,Medium
2024-08-14,1,P006,Coca-Cola 600ml,Beverages,South,251,69,80,65,40,0,Rainy,0,43.17,Medium
2024-08-14,1,P007,Parle-G 800g,Snacks,South,248,34,40,37,65,0,Cloudy,0,68.88,Medium
2024-08-14,1,P008,Surf Excel 1kg,Cleaning,South,139,50,62,53,220,0,Cloudy,0,239.41,Medium
2024-08-14,1,P009,Amul Butter 500g,Dairy,South,88,68,85,67,275,0,Rainy,0,279.03,Medium
2024-08-14,1,P010,Red Label Tea 500g,Beverages,South,160,60,67,64,255,20,Sunny,0,231.53,Medium
2024-08-15,1,P001,Amul Taaza Toned Milk 1L,Dairy,South,127,78,87,74,58,0,Rainy,0,61.59,Medium
2024-08-15,1,P002,Britannia Good Day 600g,Snacks,South,128,21,35,19,120,0,Sunny,1,125.8,Medium
2024-08-15,1,P003,Aashirvaad Atta 5kg,Staples,South,200,66,73,62,248,20,Rainy,0,271.77,Medium
2024-08-15,1,P004,Maggi 2-Minute Noodles,Snacks,South,207,72,87,70,48,15,Sunny,0,45.02,Medium
2024-08-15,1,P005,Tata Salt 1kg,Staples,South,172,62,81,58,22,0,Cloudy,1,21.84,Medium
2024-08-15,1,P006,Coca-Cola 600ml,Beverages,South,94,63,66,61,40,10,Cloudy,1,43.92,Medium
2024-08-15,1,P007,Parle-G 800g,Snacks,South,175,43,56,46,65,0,Sunny,0,70.93,Medium
2024-08-15,1,P008,Surf Excel 1kg,Cleaning,South,287,68,77,68,220,5,Rainy,0,216.3,Medium
2024-08-15,1,P009,Amul Butter 500g,Dairy,South,220,40,41,41,275,10,Rainy,0,284.9,Medium
2024-08-15,1,P010,Red Label Tea 500g,Beverages,South,219,25,30,23,255,5,Stormy,0,266.73,Medium
2024-08-16,1,P001,Amul Taaza Toned Milk 1L,Dairy,South,259,58,59,54,58,0,Cloudy,0,55.89,Medium
2024-08-16,1,P002,Britannia Good Day 600g,Snacks,South,237,77,77,74,120,0,Rainy,0,108.33,Medium
2024-08-16,1,P003,Aashirvaad Atta 5kg,Staples,South,275,46,62,49,248,0,Cloudy,0,227.49,Medium
2024-08-16,1,P004,Maggi 2-Minute Noodles,Snacks,South,253,61,67,56,48,5,Cloudy,0,45.66,Medium
2024-08-16,1,P005,Tata Salt 1kg,Staples,South,99,23,35,18,22,5,Rainy,0,22.87,Medium
2024-08-16,1,P006,Coca-Cola 600ml,Beverages,South,283,57,74,53,40,15,Stormy,0,37.78,Medium
2024-08-16,1,P007,Parle-G 800g,Snacks,South,204,42,42,41,65,0,Sunny,0,69.38,Medium
2024-08-16,1,P008,Surf Excel 1kg,Cleaning,South,106,59,60,60,220,20,Stormy,0,240.45,Medium
2024-08-16,1,P009,Amul Butter 500g,Dairy,South,163,84,85,80,275,0,Sunny,0,247.99,Medium
2024-08-16,1,P010,Red Label Tea 500g,Beverages,South,175,40,48,44,255,20,Cloudy,0,243.34,Medium
2024-08-17,1,P001,Amul Taaza Toned Milk 1L,Dairy,South,91,87,94,84,58,0,Stormy,0,54.22,Medium
2024-08-17,1,P002,Britannia Good Day 600g,Snacks,South,187,44,62,40,120,20,Stormy,0,117.31,Medium
2024-08-17,1,P003,Aashirvaad Atta 5kg,Staples,South,141,86,100,88,248,0,Stormy,0,226.88,Medium
2024-08-17,1,P004,Maggi 2-Minute Noodles,Snacks,South,80,101,101,102,48,5,Sunny,0,49.65,Medium
2024-08-17,1,P005,Tata Salt 1kg,Staples,South,200,28,43,31,22,0,Stormy,0,19.92,Medium
2024-08-17,1,P006,Coca-Cola 600ml,Beverages,South,128,38,54,34,40,20,Rainy,0,37.05,Medium
2024-08-17,1,P007,Parle-G 800g,Snacks,South,262,111,126,108,65,0,Rainy,0,68.78,Medium
2024-08-17,1,P008,Surf Excel 1kg,Cleaning,South,170,43,51,38,220,5,Sunny,1,236.54,Medium
2024-08-17,1,P009,Amul Butter 500g,Dairy,South,220,89,93,91,275,0,Stormy,0,287.31,Medium
2024-08-17,1,P010,Red Label Tea 500g,Beverages,South,299,41,52,41,255,20,Sunny,0,262.88,Medium
2024-08-18,1,P001,Amul Taaza Toned Milk 1L,Dairy,South,102,94,113,89,58,0,Cloudy,0,60.0,Medium
2024-08-18,1,P002,Britannia Good Day 600g,Snacks,South,237,52,70,52,120,5,Rainy,0,126.86,Medium
2024-08-18,1,P003,Aashirvaad Atta 5kg,Staples,South,285,95,111,95,248,0,Cloudy,1,257.07,Medium
2024-08-18,1,P004,Maggi 2-Minute Noodles,Snacks,South,239,72,87,70,48,0,Stormy,0,43.66,Medium
2024-08-18,1,P005,Tata Salt 1kg,Staples,South,235,49,66,52,22,5,Sunny,0,22.09,Medium
2024-08-18,1,P006,Coca-Cola 600ml,Beverages,South,116,60,61,63,40,0,Stormy,0,37.85,Medium
2024-08-18,1,P007,Parle-G 800g,Snacks,South,296,69,88,64,65,0,Sunny,0,68.36,Medium
2024-08-18,1,P008,Surf Excel 1kg,Cleaning,South,208,57,72,57,220,0,Cloudy,0,230.82,Medium
2024-08-18,1,P009,Amul Butter 500g,Dairy,South,273,37,52,36,275,5,Stormy,0,280.03,Medium
2024-08-18,1,P010,Red Label Tea 500g,Beverages,South,74,119,125,115,255,15,Sunny,0,274.02,Medium
2024-08-19,1,P001,Amul Taaza Toned Milk 1L,Dairy,South,113,67,70,70,58,0,Sunny,0,55.02,Medium
2024-08-19,1,P002,Britannia Good Day 600g,Snacks,South,50,60,72,59,120,0,Cloudy,0,109.87,Medium
2024-08-19,1,P003,Aashirvaad Atta 5kg,Staples,South,248,38,57,33,248,0,Rainy,0,227.5,Medium
2024-08-19,1,P004,Maggi 2-Minute Noodles,Snacks,South,210,56,64,53,48,10,Sunny,0,46.68,Medium
2024-08-19,1,P005,Tata Salt 1kg,Staples,South,82,86,105,89,22,0,Stormy,1,23.18,Medium
2024-08-19,1,P006,Coca-Cola 600ml,Beverages,South,245,58,72,55,40,15,Rainy,0,40.16,Medium
2024-08-19,1,P007,Parle-G 800g,Snacks,South,172,46,47,44,65,0,Sunny,0,61.04,Medium
2024-08-19,1,P008,Surf Excel 1kg,Cleaning,South,274,51,61,55,220,0,Stormy,0,209.37,Medium
2024-08-19,1,P009,Amul Butter 500g,Dairy,South,136,49,55,46,275,20,Rainy,1,254.06,Medium
2024-08-19,1,P010,Red Label Tea 500g,Beverages,South,230,28,33,25,255,20,Stormy,0,273.46,Medium
2024-08-20,1,P001,Amul Taaza Toned Milk 1L,Dairy,South,291,20,29,22,58,5,Stormy,0,58.03,Medium
2024-08-20,1,P002,Britannia Good Day 600g,Snacks,South,200,32,39,36,120,0,Cloudy,0,117.32,Medium
2024-08-20,1,P003,Aashirvaad Atta 5kg,Staples,South,170,59,70,56,248,0,Sunny,0,268.42,Medium
2024-08-20,1,P004,Maggi 2-Minute Noodles,Snacks,South,90,18,27,21,48,20,Cloudy,0,43.39,Medium
2024-08-20,1,P005,Tata Salt 1kg,Staples,South,223,40,45,39,22,10,Sunny,0,20.75,Medium
2024-08-20,1,P006,Coca-Cola 600ml,Beverages,South,72,53,66,48,40,15,Rainy,1,36.8,Medium
2024-08-20,1,P007,Parle-G 800g,Snacks,South,170,19,37,23,65,15,Cloudy,0,65.97,Medium
2024-08-20,1,P008,Surf Excel 1kg,Cleaning,South,237,63,67,67,220,0,Sunny,0,199.14,Medium
2024-08-20,1,P009,Amul Butter 500g,Dairy,South,244,53,67,51,275,10,Cloudy,1,282.4,Medium
2024-08-20,1,P010,Red Label Tea 500g,Beverages,South,185,68,72,70,255,10,Sunny,0,239.68,Medium
2024-08-21,1,P001,Amul Taaza Toned Milk 1L,Dairy,South,287,41,55,40,58,15,Sunny,0,53.9,Medium
2024-08-21,1,P002,Britannia Good Day 600g,Snacks,South,109,36,54,34,120,20,Stormy,0,129.13,Medium
2024-08-21,1,P003,Aashirvaad Atta 5kg,Staples,South,154,49,49,49,248,10,Stormy,0,240.43,Medium
2024-08-21,1,P004,Maggi 2-Minute Noodles,Snacks,South,258,53,67,51,48,5,Sunny,0,46.88,Medium
2024-08-21,1,P005,Tata Salt 1kg,Staples,South,79,51,58,46,22,20,Rainy,0,23.01,Medium
2024-08-21,1,P006,Coca-Cola 600ml,Beverages,South,206,67,79,65,40,10,Sunny,0,40.33,Medium
2024-08-21,1,P007,Parle-G 800g,Snacks,South,99,60,66,62,65,5,Cloudy,0,65.33,Medium
2024-08-21,1,P008,Surf Excel 1kg,Cleaning,South,242,33,41,29,220,15,Sunny,1,234.38,Medium
2024-08-21,1,P009,Amul Butter 500g,Dairy,South,123,40,42,38,275,15,Rainy,0,263.42,Medium
2024-08-21,1,P010,Red Label Tea 500g,Beverages,South,196,33,46,32,255,5,Rainy,1,251.02,Medium
2024-08-22,1,P001,Amul Taaza Toned Milk 1L,Dairy,South,66,44,62,44,58,0,Sunny,0,63.64,Medium
2024-08-22,1,P002,Britannia Good Day 600g,Snacks,South,92,14,29,11,120,10,Rainy,0,111.2,Medium
2024-08-22,1,P003,Aashirvaad Atta 5kg,Staples,South,280,60,76,59,248,10,Stormy,0,224.63,Medium
2024-08-22,1,P004,Maggi 2-Minute Noodles,Snacks,South,127,44,60,46,48,0,Cloudy,0,46.16,Medium
2024-08-22,1,P005,Tata Salt 1kg,Staples,South,87,45,48,42,22,15,Stormy,0,22.27,Medium
2024-08-22,1,P006,Coca-Cola 600ml,Beverages,South,124,62,67,59,40,0,Sunny,0,37.13,Medium
2024-08-22,1,P007,Parle-G 800g,Snacks,South,234,77,95,79,65,0,Sunny,0,68.34,Medium
2024-08-22,1,P008,Surf Excel 1kg,Cleaning,South,64,40,58,36,220,0,Rainy,0,228.81,Medium
2024-08-22,1,P009,Amul Butter 500g,Dairy,South,292,72,88,68,275,0,Cloudy,0,299.47,Medium
2024-08-22,1,P010,Red Label Tea 500g,Beverages,South,86,86,101,88,255,10,Stormy,0,271.09,Medium
2024-08-23,1,P001,Amul Taaza Toned Milk 1L,Dairy,South,292,52,60,56,58,20,Stormy,0,58.24,Medium
2024-08-23,1,P002,Britannia Good Day 600g,Snacks,South,234,78,97,76,120,0,Stormy,0,116.76,Medium
2024-08-23,1,P003,Aashirvaad Atta 5kg,Staples,South,56,29,32,26,248,20,Stormy,0,266.22,Medium
2024-08-23,1,P004,Maggi 2-Minute Noodles,Snacks,South,226,54,57,51,48,0,Rainy,1,44.67,Medium
2024-08-23,1,P005,Tata Salt 1kg,Staples,South,287,27,39,29,22,20,Rainy,0,22.32,Medium
2024-08-23,1,P006,Coca-Cola 600ml,Beverages,South,189,50,67,48,40,0,Cloudy,0,43.41,Medium
2024-08-23,1,P007,Parle-G 800g,Snacks,South,156,94,99,97,65,5,Rainy,0,65.32,Medium
2024-08-23,1,P008,Surf Excel 1kg,Cleaning,South,52,68,86,66,220,0,Rainy,0,222.24,Medium
2024-08-23,1,P009,Amul Butter 500g,Dairy,South,104,96,98,97,275,0,Rainy,0,285.44,Medium
2024-08-23,1,P010,Red Label Tea 500g,Beverages,South,199,76,81,78,255,0,Sunny,0,259.8,Medium
2024-08-24,1,P001,Amul Taaza Toned Milk 1L,Dairy,South,231,73,87,76,58,0,Cloudy,1,53.93,Medium
2024-08-24,1,P002,Britannia Good Day 600g,Snacks,South,103,113,125,114,120,20,Stormy,0,130.74,Medium
2024-08-24,1,P003,Aashirvaad Atta 5kg,Staples,South,212,34,41,35,248,5,Cloudy,0,260.56,Medium
2024-08-24,1,P004,Maggi 2-Minute Noodles,Snacks,South,74,36,47,40,48,0,Rainy,0,47.81,Medium
2024-08-24,1,P005,Tata Salt 1kg,Staples,South,292,112,126,114,22,5,Stormy,0,23.98,Medium
2024-08-24,1,P006,Coca-Cola 600ml,Beverages,South,202,33,39,35,40,20,Stormy,0,40.33,Medium
2024-08-24,1,P007,Parle-G 800g,Snacks,South,164,106,116,107,65,0,Sunny,0,64.42,Medium
2024-08-24,1,P008,Surf Excel 1kg,Cleaning,South,174,68,79,69,220,0,Sunny,1,206.97,Medium
2024-08-24,1,P009,Amul Butter 500g,Dairy,South,113,120,130,122,275,0,Sunny,0,296.63,Medium
2024-08-24,1,P010,Red Label Tea 500g,Beverages,South,50,100,108,102,255,0,Cloudy,1,256.93,Medium
2024-08-25,1,P001,Amul Taaza Toned Milk 1L,Dairy,South,190,56,62,59,58,5,Rainy,0,52.67,Medium
2024-08-25,1,P002,Britannia Good Day 600g,Snacks,South,136,93,93,90,120,0,Sunny,0,124.7,Medium
2024-08-25,1,P003,Aashirvaad Atta 5kg,Staples,South,167,110,127,106,248,20,Sunny,0,267.48,Medium
2024-08-25,1,P004,Maggi 2-Minute Noodles,Snacks,South,103,89,98,90,48,0,Rainy,1,51.06,Medium
2024-08-25,1,P005,Tata Salt 1kg,Staples,South,67,46,53,47,22,0,Cloudy,1,23.91,Medium
2024-08-25,1,P006,Coca-Cola 600ml,Beverages,South,73,104,116,102,40,15,Sunny,0,38.96,Medium
2024-08-25,1,P007,Parle-G 800g,Snacks,South,271,45,61,47,65,15,Rainy,0,65.51,Medium
2024-08-25,1,P008,Surf Excel 1kg,Cleaning,South,296,103,103,100,220,15,Cloudy,0,218.16,Medium
2024-08-25,1,P009,Amul Butter 500g,Dairy,South,57,100,114,98,275,20,Stormy,0,299.48,Medium
2024-08-25,1,P010,Red Label Tea 500g,Beverages,South,137,70,79,68,255,0,Cloudy,1,239.0,Medium
2024-08-26,1,P001,Amul Taaza Toned Milk 1L,Dairy,South,128,68,85,69,58,20,Cloudy,1,56.28,Medium
2024-08-26,1,P002,Britannia Good Day 600g,Snacks,South,212,57,61,53,120,5,Stormy,0,108.53,Medium
2024-08-26,1,P003,Aashirvaad Atta 5kg,Staples,South,284,41,57,39,248,0,Cloudy,0,246.16,Medium
2024-08-26,1,P004,Maggi 2-Minute Noodles,Snacks,South,272,50,54,52,48,10,Rainy,0,52.07,Medium
2024-08-26,1,P005,Tata Salt 1kg,Staples,South,115,60,78,58,22,10,Sunny,0,23.92,Medium
2024-08-26,1,P006,Coca-Cola 600ml,Beverages,South,56,82,86,86,40,0,Rainy,0,43.36,Medium
2024-08-26,1,P007,Parle-G 800g,Snacks,South,52,54,61,51,65,5,Stormy,1,59.64,Medium
2024-08-26,1,P008,Surf Excel 1kg,Cleaning,South,138,38,50,35,220,5,Stormy,1,199.39,Medium
2024-08-26,1,P009,Amul Butter 500g,Dairy,South,117,73,84,68,275,0,Cloudy,0,280.14,Medium
2024-08-26,1,P010,Red Label Tea 500g,Beverages,South,294,72,82,68,255,0,Rainy,1,264.18,Medium
2024-08-27,1,P001,Amul Taaza Toned Milk 1L,Dairy,South,293,33,48,32,58,0,Stormy,0,53.16,Medium
2024-08-27,1,P002,Britannia Good Day 600g,Snacks,South,187,72,78,75,120,0,Cloudy,0,124.13,Medium
2024-08-27,1,P003,Aashirvaad Atta 5kg,Staples,South,269,75,93,75,248,5,Stormy,0,247.61,Medium
2024-08-27,1,P004,Maggi 2-Minute Noodles,Snacks,South,253,20,26,17,48,15,Cloudy,0,46.59,Medium
2024-08-27,1,P005,Tata Salt 1kg,Staples,South,80,85,95,81,22,0,Sunny,1,21.22,Medium
2024-08-27,1,P006,Coca-Cola 600ml,Beverages,South,240,29,38,29,40,10,Rainy,1,42.6,Medium
2024-08-27,1,P007,Parle-G 800g,Snacks,South,68,82,95,77,65,10,Sunny,0,60.72,Medium
2024-08-27,1,P008,Surf Excel 1kg,Cleaning,South,134,76,95,72,220,10,Sunny,1,230.57,Medium
2024-08-27,1,P009,Amul Butter 500g,Dairy,South,147,44,52,45,275,15,Sunny,0,301.7,Medium
2024-08-27,1,P010,Red Label Tea 500g,Beverages,South,296,40,54,39,255,0,Cloudy,0,268.6,Medium
2024-08-28,1,P001,Amul Taaza Toned Milk 1L,Dairy,South,265,35,44,35,58,5,Cloudy,0,58.28,Medium
2024-08-28,1,P002,Britannia Good Day 600g,Snacks,South,64,70,74,69,120,0,Cloudy,1,108.33,Medium
2024-08-28,1,P003,Aashirvaad Atta 5kg,Staples,South,86,73,83,76,248,10,Sunny,0,228.42,Medium
2024-08-28,1,P004,Maggi 2-Minute Noodles,Snacks,South,134,61,74,61,48,0,Rainy,0,50.07,Medium
2024-08-28,1,P005,Tata Salt 1kg,Staples,South,207,35,38,36,22,0,Stormy,0,20.02,Medium
2024-08-28,1,P006,Coca-Cola 600ml,Beverages,South,242,22,28,23,40,0,Sunny,0,38.58,Medium
2024-08-28,1,P007,Parle-G 800g,Snacks,South,279,78,86,74,65,5,Cloudy,1,60.71,Medium
2024-08-28,1,P008,Surf Excel 1kg,Cleaning,South,116,59,66,58,220,5,Sunny,0,230.01,Medium
2024-08-28,1,P009,Amul Butter 500g,Dairy,South,93,90,98,89,275,10,Cloudy,1,269.49,Medium
2024-08-28,1,P010,Red Label Tea 500g,Beverages,South,188,36,55,35,255,20,Sunny,1,262.17,Medium
2024-08-29,1,P001,Amul Taaza Toned Milk 1L,Dairy,South,254,59,59,55,58,0,Sunny,1,62.26,Medium
2024-08-29,1,P002,Britannia Good Day 600g,Snacks,South,278,71,85,72,120,15,Cloudy,1,128.32,Medium
2024-08-29,1,P003,Aashirvaad Atta 5kg,Staples,South,292,65,69,63,248,15,Rainy,0,231.83,Medium
2024-08-29,1,P004,Maggi 2-Minute Noodles,Snacks,South,273,18,18,14,48,10,Sunny,0,52.64,Medium
2024-08-29,1,P005,Tata Salt 1kg,Staples,South,93,40,55,41,22,15,Stormy,0,21.82,Medium
2024-08-29,1,P006,Coca-Cola 600ml,Beverages,South,144,85,99,89,40,0,Stormy,0,37.5,Medium
2024-08-29,1,P007,Parle-G 800g,Snacks,South,212,43,49,46,65,0,Cloudy,0,60.89,Medium
2024-08-29,1,P008,Surf Excel 1kg,Cleaning,South,245,95,100,95,220,20,Stormy,0,220.96,Medium
2024-08-29,1,P009,Amul Butter 500g,Dairy,South,67,43,55,43,275,15,Cloudy,0,282.71,Medium
2024-08-29,1,P010,Red Label Tea 500g,Beverages,South,66,75,93,79,255,0,Sunny,0,234.07,Medium
2024-08-30,1,P001,Amul Taaza Toned Milk 1L,Dairy,South,158,26,33,30,58,20,Stormy,0,57.82,Medium
2024-08-30,1,P002,Britannia Good Day 600g,Snacks,South,163,40,40,42,120,15,Stormy,0,115.26,Medium
2024-08-30,1,P003,Aashirvaad Atta 5kg,Staples,South,122,92,108,93,248,15,Cloudy,0,251.91,Medium
2024-08-30,1,P004,Maggi 2-Minute Noodles,Snacks,South,155,74,87,70,48,5,Stormy,1,48.34,Medium
2024-08-30,1,P005,Tata Salt 1kg,Staples,South,204,77,88,79,22,15,Sunny,0,22.39,Medium
2024-08-30,1,P006,Coca-Cola 600ml,Beverages,South,125,57,75,53,40,0,Stormy,0,42.67,Medium
2024-08-30,1,P007,Parle-G 800g,Snacks,South,294,86,102,89,65,15,Stormy,0,60.98,Medium
2024-08-30,1,P008,Surf Excel 1kg,Cleaning,South,177,37,49,38,220,20,Cloudy,0,228.77,Medium
2024-08-30,1,P009,Amul Butter 500g,Dairy,South,73,43,44,40,275,15,Cloudy,0,265.88,Medium
2024-08-30,1,P010,Red Label Tea 500g,Beverages,South,139,60,72,59,255,20,Sunny,0,247.17,Medium
2024-08-31,1,P001,Amul Taaza Toned Milk 1L,Dairy,South,286,90,94,88,58,20,Stormy,0,63.62,Medium
2024-08-31,1,P002,Britannia Good Day 600g,Snacks,South,114,64,66,62,120,10,Rainy,0,117.72,Medium
2024-08-31,1,P003,Aashirvaad Atta 5kg,Staples,South,129,90,93,90,248,0,Rainy,0,247.93,Medium
2024-08-31,1,P004,Maggi 2-Minute Noodles,Snacks,South,242,63,77,67,48,0,Stormy,0,44.98,Medium
2024-08-31,1,P005,Tata Salt 1kg,Staples,South,213,40,40,41,22,20,Cloudy,0,19.9,Medium
2024-08-31,1,P006,Coca-Cola 600ml,Beverages,South,137,29,38,30,40,20,Rainy,0,42.09,Medium
2024-08-31,1,P007,Parle-G 800g,Snacks,South,216,58,76,55,65,15,Rainy,1,67.05,Medium
2024-08-31,1,P008,Surf Excel 1kg,Cleaning,South,121,91,104,89,220,20,Rainy,0,238.56,Medium
2024-08-31,1,P009,Amul Butter 500g,Dairy,South,123,41,54,44,275,15,Cloudy,0,284.27,Medium
2024-08-31,1,P010,Red Label Tea 500g,Beverages,South,290,121,131,125,255,5,Rainy,0,250.34,Medium
2024-09-01,1,P001,Amul Taaza Toned Milk 1L,Dairy,South,249,83,92,79,58,15,Sunny,1,52.97,Low
2024-09-01,1,P002,Britannia Good Day 600g,Snacks,South,265,30,34,34,120,0,Stormy,0,129.97,Low
2024-09-01,1,P003,Aashirvaad Atta 5kg,Staples,South,95,71,80,72,248,0,Rainy,0,250.75,Low
2024-09-01,1,P004,Maggi 2-Minute Noodles,Snacks,South,243,66,72,67,48,15,Sunny,1,48.22,Low
2024-09-01,1,P005,Tata Salt 1kg,Staples,South,151,101,114,97,22,0,Sunny,0,22.69,Low
2024-09-01,1,P006,Coca-Cola 600ml,Beverages,South,181,36,47,38,40,20,Sunny,0,40.41,Low
2024-09-01,1,P007,Parle-G 800g,Snacks,South,281,82,100,85,65,15,Stormy,0,69.84,Low
2024-09-01,1,P008,Surf Excel 1kg,Cleaning,South,245,105,110,109,220,0,Sunny,0,210.09,Low
2024-09-01,1,P009,Amul Butter 500g,Dairy,South,71,55,59,52,275,20,Rainy,0,277.87,Low
2024-09-01,1,P010,Red Label Tea 500g,Beverages,South,243,67,80,65,255,20,Sunny,0,277.66,Low
2024-09-02,1,P001,Amul Taaza Toned Milk 1L,Dairy,South,266,29,42,32,58,5,Cloudy,0,60.74,Low
2024-09-02,1,P002,Britannia Good Day 600g,Snacks,South,126,64,81,61,120,0,Sunny,0,117.23,Low
2024-09-02,1,P003,Aashirvaad Atta 5kg,Staples,South,51,19,19,19,248,10,Cloudy,0,227.53,Low
2024-09-02,1,P004,Maggi 2-Minute Noodles,Snacks,South,126,22,41,23,48,15,Rainy,0,51.23,Low
2024-09-02,1,P005,Tata Salt 1kg,Staples,South,184,60,75,61,22,0,Rainy,0,24.05,Low
2024-09-02,1,P006,Coca-Cola 600ml,Beverages,South,242,33,48,29,40,10,Sunny,0,40.95,Low
2024-09-02,1,P007,Parle-G 800g,Snacks,South,135,53,68,55,65,5,Cloudy,0,60.15,Low
2024-09-02,1,P008,Surf Excel 1kg,Cleaning,South,237,33,40,34,220,5,Stormy,1,213.96,Low
2024-09-02,1,P009,Amul Butter 500g,Dairy,South,141,63,74,62,275,15,Sunny,1,259.13,Low
2024-09-02,1,P010,Red Label Tea 500g,Beverages,South,118,43,59,38,255,0,Cloudy,0,270.83,Low
2024-09-03,1,P001,Amul Taaza Toned Milk 1L,Dairy,South,197,57,67,61,58,0,Rainy,0,56.13,Low
2024-09-03,1,P002,Britannia Good Day 600g,Snacks,South,66,79,94,77,120,20,Stormy,0,127.16,Low
2024-09-03,1,P003,Aashirvaad Atta 5kg,Staples,South,65,75,79,72,248,0,Rainy,0,226.53,Low
2024-09-03,1,P004,Maggi 2-Minute Noodles,Snacks,South,113,84,101,83,48,0,Stormy,0,48.02,Low
2024-09-03,1,P005,Tata Salt 1kg,Staples,South,150,30,43,31,22,0,Stormy,0,20.74,Low
2024-09-03,1,P006,Coca-Cola 600ml,Beverages,South,225,61,70,57,40,0,Stormy,1,41.41,Low
2024-09-03,1,P007,Parle-G 800g,Snacks,South,104,34,41,29,65,10,Cloudy,0,59.99,Low
2024-09-03,1,P008,Surf Excel 1kg,Cleaning,South,89,48,66,46,220,5,Rainy,0,228.19,Low
2024-09-03,1,P009,Amul Butter 500g,Dairy,South,169,65,68,63,275,0,Rainy,1,274.67,Low
2024-09-03,1,P010,Red Label Tea 500g,Beverages,South,209,41,52,38,255,5,Rainy,1,264.41,Low
2024-09-04,1,P001,Amul Taaza Toned Milk 1L,Dairy,South,274,33,51,37,58,0,Cloudy,0,52.29,Low
2024-09-04,1,P002,Britannia Good Day 600g,Snacks,South,109,58,61,53,120,0,Rainy,1,108.7,Low
2024-09-04,1,P003,Aashirvaad Atta 5kg,Staples,South,210,58,61,58,248,15,Sunny,1,228.89,Low
2024-09-04,1,P004,Maggi 2-Minute Noodles,Snacks,South,120,49,55,45,48,10,Rainy,0,50.71,Low
2024-09-04,1,P005,Tata Salt 1kg,Staples,South,113,58,77,61,22,10,Stormy,1,22.39,Low
2024-09-04,1,P006,Coca-Cola 600ml,Beverages,South,184,69,76,70,40,15,Stormy,0,36.15,Low
2024-09-04,1,P007,Parle-G 800g,Snacks,South,124,34,47,30,65,15,Sunny,0,70.77,Low
2024-09-04,1,P008,Surf Excel 1kg,Cleaning,South,70,66,84,64,220,0,Rainy,0,239.9,Low
2024-09-04,1,P009,Amul Butter 500g,Dairy,South,193,71,90,66,275,0,Sunny,0,282.1,Low
2024-09-04,1,P010,Red Label Tea 500g,Beverages,South,285,60,63,63,255,5,Rainy,0,246.45,Low
2024-09-05,1,P001,Amul Taaza Toned Milk 1L,Dairy,South,73,35,49,34,58,20,Rainy,0,59.26,Low
2024-09-05,1,P002,Britannia Good Day 600g,Snacks,South,173,40,51,42,120,20,Rainy,1,122.58,Low
2024-09-05,1,P003,Aashirvaad Atta 5kg,Staples,South,55,18,20,17,248,0,Rainy,0,253.1,Low
2024-09-05,1,P004,Maggi 2-Minute Noodles,Snacks,South,160,16,32,18,48,15,Cloudy,1,48.56,Low
2024-09-05,1,P005,Tata Salt 1kg,Staples,South,278,33,45,33,22,0,Rainy,0,20.94,Low
2024-09-05,1,P006,Coca-Cola 600ml,Beverages,South,245,40,40,43,40,0,Sunny,1,41.34,Low
2024-09-05,1,P007,Parle-G 800g,Snacks,South,180,42,49,37,65,15,Sunny,0,71.46,Low
2024-09-05,1,P008,Surf Excel 1kg,Cleaning,South,251,49,60,53,220,15,Cloudy,1,204.76,Low
2024-09-05,1,P009,Amul Butter 500g,Dairy,South,65,43,55,41,275,5,Cloudy,0,288.35,Low
2024-09-05,1,P010,Red Label Tea 500g,Beverages,South,140,43,61,43,255,0,Sunny,0,268.75,Low
2024-09-06,1,P001,Amul Taaza Toned Milk 1L,Dairy,South,213,78,96,78,58,5,Rainy,1,52.57,Low
2024-09-06,1,P002,Britannia Good Day 600g,Snacks,South,124,49,65,50,120,0,Sunny,0,114.54,Low
2024-09-06,1,P003,Aashirvaad Atta 5kg,Staples,South,147,38,55,34,248,15,Stormy,1,238.77,Low
2024-09-06,1,P004,Maggi 2-Minute Noodles,Snacks,South,81,54,63,53,48,0,Sunny,0,49.7,Low
2024-09-06,1,P005,Tata Salt 1kg,Staples,South,123,39,45,34,22,0,Cloudy,1,20.18,Low
2024-09-06,1,P006,Coca-Cola 600ml,Beverages,South,282,48,58,45,40,0,Rainy,0,41.55,Low
2024-09-06,1,P007,Parle-G 800g,Snacks,South,135,53,55,52,65,0,Rainy,0,64.29,Low
2024-09-06,1,P008,Surf Excel 1kg,Cleaning,South,168,39,44,40,220,5,Rainy,1,201.7,Low
2024-09-06,1,P009,Amul Butter 500g,Dairy,South,149,57,64,53,275,5,Rainy,1,284.39,Low
2024-09-06,1,P010,Red Label Tea 500g,Beverages,South,235,11,11,11,255,0,Rainy,1,259.09,Low
2024-09-07,1,P001,Amul Taaza Toned Milk 1L,Dairy,South,137,68,80,63,58,0,Sunny,0,56.44,Low
2024-09-07,1,P002,Britannia Good Day 600g,Snacks,South,77,26,37,27,120,0,Cloudy,0,109.04,Low
2024-09-07,1,P003,Aashirvaad Atta 5kg,Staples,South,65,62,70,61,248,0,Rainy,0,246.51,Low
2024-09-07,1,P004,Maggi 2-Minute Noodles,Snacks,South,161,64,83,60,48,5,Stormy,1,44.5,Low
2024-09-07,1,P005,Tata Salt 1kg,Staples,South,281,52,69,54,22,20,Rainy,0,21.81,Low
2024-09-07,1,P006,Coca-Cola 600ml,Beverages,South,140,56,67,55,40,20,Stormy,0,39.73,Low
2024-09-07,1,P007,Parle-G 800g,Snacks,South,298,77,79,81,65,20,Sunny,0,69.98,Low
2024-09-07,1,P008,Surf Excel 1kg,Cleaning,South,162,20,25,20,220,15,Cloudy,0,237.75,Low
2024-09-07,1,P009,Amul Butter 500g,Dairy,South,135,75,79,79,275,0,Sunny,0,280.33,Low
2024-09-07,1,P010,Red Label Tea 500g,Beverages,South,151,40,50,38,255,0,Cloudy,0,239.26,Low
2024-09-08,1,P001,Amul Taaza Toned Milk 1L,Dairy,South,211,97,106,94,58,20,Rainy,0,56.17,Low
2024-09-08,1,P002,Britannia Good Day 600g,Snacks,South,185,86,99,82,120,0,Cloudy,0,110.65,Low
2024-09-08,1,P003,Aashirvaad Atta 5kg,Staples,South,273,56,66,60,248,15,Rainy,0,258.45,Low
2024-09-08,1,P004,Maggi 2-Minute Noodles,Snacks,South,194,85,98,88,48,0,Stormy,1,45.38,Low
2024-09-08,1,P005,Tata Salt 1kg,Staples,South,195,35,39,35,22,0,Rainy,0,24.0,Low
2024-09-08,1,P006,Coca-Cola 600ml,Beverages,South,253,66,74,61,40,0,Sunny,0,38.06,Low
2024-09-08,1,P007,Parle-G 800g,Snacks,South,208,96,103,92,65,10,Cloudy,0,60.57,Low
2024-09-08,1,P008,Surf Excel 1kg,Cleaning,South,117,49,67,45,220,0,Cloudy,0,205.45,Low
2024-09-08,1,P009,Amul Butter 500g,Dairy,South,105,64,70,65,275,0,Rainy,0,265.47,Low
2024-09-08,1,P010,Red Label Tea 500g,Beverages,South,288,81,84,83,255,0,Sunny,1,269.01,Low
2024-09-09,1,P001,Amul Taaza Toned Milk 1L,Dairy,South,258,61,62,62,58,20,Sunny,0,54.68,Low
2024-09-09,1,P002,Britannia Good Day 600g,Snacks,South,71,22,36,25,120,0,Rainy,0,121.51,Low
2024-09-09,1,P003,Aashirvaad Atta 5kg,Staples,South,136,57,64,57,248,5,Cloudy,0,243.41,Low
2024-09-09,1,P004,Maggi 2-Minute Noodles,Snacks,South,254,41,49,44,48,20,Sunny,0,44.49,Low
2024-09-09,1,P005,Tata Salt 1kg,Staples,South,270,45,55,43,22,0,Sunny,0,21.05,Low
2024-09-09,1,P006,Coca-Cola 600ml,Beverages,South,297,38,47,36,40,0,Cloudy,1,42.93,Low
2024-09-09,1,P007,Parle-G 800g,Snacks,South,58,32,38,36,65,5,Stormy,1,60.42,Low
2024-09-09,1,P008,Surf Excel 1kg,Cleaning,South,78,46,64,47,220,0,Rainy,1,222.35,Low
2024-09-09,1,P009,Amul Butter 500g,Dairy,South,281,47,66,49,275,0,Rainy,0,301.35,Low
2024-09-09,1,P010,Red Label Tea 500g,Beverages,South,65,29,33,28,255,10,Rainy,0,269.52,Low
2024-09-10,1,P001,Amul Taaza Toned Milk 1L,Dairy,South,64,56,69,57,58,20,Sunny,1,61.59,Low
2024-09-10,1,P002,Britannia Good Day 600g,Snacks,South,156,73,87,71,120,0,Cloudy,0,112.72,Low
2024-09-10,1,P003,Aashirvaad Atta 5kg,Staples,South,147,55,56,51,248,0,Cloudy,0,229.57,Low
2024-09-10,1,P004,Maggi 2-Minute Noodles,Snacks,South,133,33,37,37,48,20,Sunny,1,44.69,Low
2024-09-10,1,P005,Tata Salt 1kg,Staples,South,205,33,51,33,22,0,Stormy,0,24.0,Low
2024-09-10,1,P006,Coca-Cola 600ml,Beverages,South,170,21,26,16,40,5,Cloudy,0,38.85,Low
2024-09-10,1,P007,Parle-G 800g,Snacks,South,198,27,28,22,65,0,Cloudy,0,68.1,Low
2024-09-10,1,P008,Surf Excel 1kg,Cleaning,South,233,38,38,37,220,15,Cloudy,1,237.35,Low
2024-09-10,1,P009,Amul Butter 500g,Dairy,South,293,33,36,31,275,15,Sunny,0,266.69,Low
2024-09-10,1,P010,Red Label Tea 500g,Beverages,South,193,51,54,54,255,0,Sunny,0,262.85,Low
2024-09-11,1,P001,Amul Taaza Toned Milk 1L,Dairy,South,270,17,32,13,58,0,Stormy,0,52.99,Low
2024-09-11,1,P002,Britannia Good Day 600g,Snacks,South,193,38,40,42,120,0,Stormy,0,125.73,Low
2024-09-11,1,P003,Aashirvaad Atta 5kg,Staples,South,127,34,44,37,248,5,Rainy,0,260.21,Low
2024-09-11,1,P004,Maggi 2-Minute Noodles,Snacks,South,272,61,79,57,48,0,Cloudy,1,49.39,Low
2024-09-11,1,P005,Tata Salt 1kg,Staples,South,218,77,94,73,22,0,Sunny,0,22.38,Low
2024-09-11,1,P006,Coca-Cola 600ml,Beverages,South,239,23,24,23,40,0,Rainy,1,38.15,Low
2024-09-11,1,P007,Parle-G 800g,Snacks,South,232,67,74,71,65,15,Rainy,0,60.48,Low
2024-09-11,1,P008,Surf Excel 1kg,Cleaning,South,294,64,78,65,220,20,Stormy,0,208.02,Low
2024-09-11,1,P009,Amul Butter 500g,Dairy,South,242,25,34,25,275,15,Sunny,0,298.0,Low
2024-09-11,1,P010,Red Label Tea 500g,Beverages,South,87,46,46,47,255,20,Cloudy,0,245.77,Low
2024-09-12,1,P001,Amul Taaza Toned Milk 1L,Dairy,South,106,72,72,74,58,0,Cloudy,0,62.2,Low
2024-09-12,1,P002,Britannia Good Day 600g,Snacks,South,287,19,37,22,120,10,Rainy,0,126.97,Low
2024-09-12,1,P003,Aashirvaad Atta 5kg,Staples,South,166,53,67,56,248,0,Cloudy,0,258.93,Low
2024-09-12,1,P004,Maggi 2-Minute Noodles,Snacks,South,181,15,25,18,48,0,Stormy,1,43.33,Low
2024-09-12,1,P005,Tata Salt 1kg,Staples,South,252,33,38,28,22,0,Sunny,1,19.94,Low
2024-09-12,1,P006,Coca-Cola 600ml,Beverages,South,198,61,61,56,40,10,Sunny,1,42.47,Low
2024-09-12,1,P007,Parle-G 800g,Snacks,South,62,75,84,78,65,10,Rainy,0,61.31,Low
2024-09-12,1,P008,Surf Excel 1kg,Cleaning,South,51,12,22,16,220,20,Rainy,1,209.03,Low
2024-09-12,1,P009,Amul Butter 500g,Dairy,South,75,30,40,30,275,0,Cloudy,0,254.33,Low
2024-09-12,1,P010,Red Label Tea 500g,Beverages,South,207,33,40,35,255,0,Rainy,0,231.72,Low
2024-09-13,1,P001,Amul Taaza Toned Milk 1L,Dairy,South,99,24,39,20,58,15,Rainy,0,54.7,Low
2024-09-13,1,P002,Britannia Good Day 600g,Snacks,South,165,28,39,24,120,0,Stormy,1,109.65,Low
2024-09-13,1,P003,Aashirvaad Atta 5kg,Staples,South,97,62,75,57,248,0,Rainy,0,252.74,Low
2024-09-13,1,P004,Maggi 2-Minute Noodles,Snacks,South,121,26,42,23,48,0,Cloudy,1,49.88,Low
2024-09-13,1,P005,Tata Salt 1kg,Staples,South,215,66,85,69,22,0,Cloudy,0,21.17,Low
2024-09-13,1,P006,Coca-Cola 600ml,Beverages,South,243,38,47,40,40,0,Cloudy,0,37.33,Low
2024-09-13,1,P007,Parle-G 800g,Snacks,South,67,62,70,64,65,0,Rainy,0,70.46,Low
2024-09-13,1,P008,Surf Excel 1kg,Cleaning,South,242,36,43,37,220,5,Rainy,0,234.44,Low
2024-09-13,1,P009,Amul Butter 500g,Dairy,South,242,42,58,43,275,10,Stormy,0,290.18,Low
2024-09-13,1,P010,Red Label Tea 500g,Beverages,South,144,58,67,58,255,0,Cloudy,0,267.03,Low
2024-09-14,1,P001,Amul Taaza Toned Milk 1L,Dairy,South,218,63,74,59,58,0,Cloudy,0,53.3,Low
2024-09-14,1,P002,Britannia Good Day 600g,Snacks,South,57,85,94,88,120,5,Stormy,0,116.24,Low
2024-09-14,1,P003,Aashirvaad Atta 5kg,Staples,South,250,83,95,86,248,20,Sunny,1,243.41,Low
2024-09-14,1,P004,Maggi 2-Minute Noodles,Snacks,South,57,98,112,97,48,10,Rainy,0,52.42,Low
2024-09-14,1,P005,Tata Salt 1kg,Staples,South,116,106,119,110,22,0,Sunny,1,23.17,Low
2024-09-14,1,P006,Coca-Cola 600ml,Beverages,South,122,88,102,91,40,5,Rainy,0,36.69,Low
2024-09-14,1,P007,Parle-G 800g,Snacks,South,266,34,48,32,65,10,Cloudy,0,58.58,Low
2024-09-14,1,P008,Surf Excel 1kg,Cleaning,South,116,99,116,96,220,0,Stormy,0,233.09,Low
2024-09-14,1,P009,Amul Butter 500g,Dairy,South,173,52,57,53,275,5,Stormy,0,272.6,Low
2024-09-14,1,P010,Red Label Tea 500g,Beverages,South,241,30,45,28,255,10,Stormy,0,256.78,Low
2024-09-15,1,P001,Amul Taaza Toned Milk 1L,Dairy,South,95,52,59,50,58,5,Rainy,0,56.51,Low
2024-09-15,1,P002,Britannia Good Day 600g,Snacks,South,71,34,35,36,120,0,Cloudy,0,115.36,Low
2024-09-15,1,P003,Aashirvaad Atta 5kg,Staples,South,210,53,62,48,248,5,Stormy,0,268.77,Low
2024-09-15,1,P004,Maggi 2-Minute Noodles,Snacks,South,93,25,37,24,48,5,Cloudy,0,50.86,Low
2024-09-15,1,P005,Tata Salt 1kg,Staples,South,187,87,90,84,22,0,Rainy,0,23.05,Low
2024-09-15,1,P006,Coca-Cola 600ml,Beverages,South,281,78,82,75,40,0,Sunny,0,43.68,Low
2024-09-15,1,P007,Parle-G 800g,Snacks,South,132,37,45,33,65,0,Sunny,0,63.68,Low
2024-09-15,1,P008,Surf Excel 1kg,Cleaning,South,103,81,84,76,220,10,Cloudy,1,201.33,Low
2024-09-15,1,P009,Amul Butter 500g,Dairy,South,179,38,40,41,275,20,Sunny,0,253.79,Low
2024-09-15,1,P010,Red Label Tea 500g,Beverages,South,285,45,45,41,255,0,Cloudy,0,246.91,Low
2024-09-16,1,P001,Amul Taaza Toned Milk 1L,Dairy,South,283,37,52,33,58,0,Rainy,0,60.1,Low
2024-09-16,1,P002,Britannia Good Day 600g,Snacks,South,151,65,73,65,120,0,Sunny,1,121.11,Low
2024-09-16,1,P003,Aashirvaad Atta 5kg,Staples,South,251,20,29,17,248,0,Cloudy,1,264.99,Low
2024-09-16,1,P004,Maggi 2-Minute Noodles,Snacks,South,294,61,63,60,48,5,Sunny,0,46.43,Low
2024-09-16,1,P005,Tata Salt 1kg,Staples,South,105,33,45,31,22,0,Cloudy,0,21.94,Low
2024-09-16,1,P006,Coca-Cola 600ml,Beverages,South,144,75,78,75,40,0,Cloudy,0,42.02,Low
2024-09-16,1,P007,Parle-G 800g,Snacks,South,181,52,60,48,65,20,Sunny,0,70.71,Low
2024-09-16,1,P008,Surf Excel 1kg,Cleaning,South,55,65,83,64,220,5,Sunny,0,199.64,Low
2024-09-16,1,P009,Amul Butter 500g,Dairy,South,88,17,31,13,275,15,Rainy,0,269.24,Low
2024-09-16,1,P010,Red Label Tea 500g,Beverages,South,142,24,24,26,255,10,Sunny,0,259.96,Low
2024-09-17,1,P001,Amul Taaza Toned Milk 1L,Dairy,South,202,82,97,80,58,5,Rainy,0,53.87,Low
2024-09-17,1,P002,Britannia Good Day 600g,Snacks,South,248,35,44,32,120,5,Rainy,0,112.75,Low
2024-09-17,1,P003,Aashirvaad Atta 5kg,Staples,South,58,34,38,36,248,20,Rainy,1,252.3,Low
2024-09-17,1,P004,Maggi 2-Minute Noodles,Snacks,South,166,20,35,17,48,0,Rainy,0,50.49,Low
2024-09-17,1,P005,Tata Salt 1kg,Staples,South,225,47,59,44,22,0,Stormy,0,22.22,Low
2024-09-17,1,P006,Coca-Cola 600ml,Beverages,South,83,28,39,30,40,15,Cloudy,0,40.69,Low
2024-09-17,1,P007,Parle-G 800g,Snacks,South,76,74,82,73,65,0,Rainy,0,59.45,Low
2024-09-17,1,P008,Surf Excel 1kg,Cleaning,South,103,82,99,79,220,0,Cloudy,0,202.8,Low
2024-09-17,1,P009,Amul Butter 500g,Dairy,South,246,59,78,62,275,20,Sunny,1,294.52,Low
2024-09-17,1,P010,Red Label Tea 500g,Beverages,South,165,72,88,68,255,5,Stormy,0,267.15,Low
2024-09-18,1,P001,Amul Taaza Toned Milk 1L,Dairy,South,202,37,50,40,58,20,Rainy,1,60.59,Low
2024-09-18,1,P002,Britannia Good Day 600g,Snacks,South,281,69,72,73,120,0,Cloudy,0,130.14,Low
2024-09-18,1,P003,Aashirvaad Atta 5kg,Staples,South,234,45,62,44,248,15,Sunny,0,260.43,Low
2024-09-18,1,P004,Maggi 2-Minute Noodles,Snacks,South,144,23,36,27,48,15,Stormy,0,49.6,Low
2024-09-18,1,P005,Tata Salt 1kg,Staples,South,69,31,33,35,22,20,Stormy,0,21.81,Low
2024-09-18,1,P006,Coca-Cola 600ml,Beverages,South,298,55,62,52,40,0,Cloudy,0,42.7,Low
2024-09-18,1,P007,Parle-G 800g,Snacks,South,60,37,55,38,65,15,Sunny,0,69.99,Low
2024-09-18,1,P008,Surf Excel 1kg,Cleaning,South,133,41,46,42,220,15,Rainy,1,225.09,Low
2024-09-18,1,P009,Amul Butter 500g,Dairy,South,103,33,47,37,275,0,Sunny,0,297.6,Low
2024-09-18,1,P010,Red Label Tea 500g,Beverages,South,180,40,43,41,255,15,Cloudy,1,255.63,Low
2024-09-19,1,P001,Amul Taaza Toned Milk 1L,Dairy,South,275,40,49,41,58,0,Rainy,0,60.57,Low
2024-09-19,1,P002,Britannia Good Day 600g,Snacks,South,297,24,39,28,120,0,Sunny,0,127.17,Low
2024-09-19,1,P003,Aashirvaad Atta 5kg,Staples,South,235,59,61,61,248,0,Cloudy,0,257.73,Low
2024-09-19,1,P004,Maggi 2-Minute Noodles,Snacks,South,197,62,78,66,48,0,Cloudy,0,47.54,Low
2024-09-19,1,P005,Tata Salt 1kg,Staples,South,61,54,69,57,22,15,Rainy,1,20.3,Low
2024-09-19,1,P006,Coca-Cola 600ml,Beverages,South,160,39,54,37,40,5,Sunny,0,41.44,Low
2024-09-19,1,P007,Parle-G 800g,Snacks,South,146,42,51,39,65,15,Sunny,0,66.95,Low
2024-09-19,1,P008,Surf Excel 1kg,Cleaning,South,285,73,76,73,220,5,Sunny,0,206.0,Low
2024-09-19,1,P009,Amul Butter 500g,Dairy,South,181,57,66,55,275,0,Sunny,1,285.38,Low
2024-09-19,1,P010,Red Label Tea 500g,Beverages,South,208,26,42,27,255,10,Rainy,0,232.94,Low
2024-09-20,1,P001,Amul Taaza Toned Milk 1L,Dairy,South,240,67,78,69,58,10,Rainy,0,59.03,Low
2024-09-20,1,P002,Britannia Good Day 600g,Snacks,South,242,61,77,65,120,10,Cloudy,0,123.89,Low
2024-09-20,1,P003,Aashirvaad Atta 5kg,Staples,South,169,56,59,52,248,0,Cloudy,0,238.08,Low
2024-09-20,1,P004,Maggi 2-Minute Noodles,Snacks,South,271,33,51,36,48,0,Rainy,0,47.41,Low
2024-09-20,1,P005,Tata Salt 1kg,Staples,South,162,64,83,62,22,15,Stormy,1,22.03,Low
2024-09-20,1,P006,Coca-Cola 600ml,Beverages,South,273,23,28,23,40,15,Cloudy,1,37.31,Low
2024-09-20,1,P007,Parle-G 800g,Snacks,South,185,74,83,72,65,0,Stormy,0,66.67,Low
2024-09-20,1,P008,Surf Excel 1kg,Cleaning,South,196,45,61,46,220,5,Sunny,0,210.56,Low
2024-09-20,1,P009,Amul Butter 500g,Dairy,South,62,39,40,34,275,10,Sunny,0,278.41,Low
2024-09-20,1,P010,Red Label Tea 500g,Beverages,South,288,46,50,45,255,10,Sunny,1,251.31,Low
2024-09-21,1,P001,Amul Taaza Toned Milk 1L,Dairy,South,268,63,72,67,58,0,Stormy,1,54.77,Low
2024-09-21,1,P002,Britannia Good Day 600g,Snacks,South,225,106,123,107,120,0,Stormy,0,130.97,Low
2024-09-21,1,P003,Aashirvaad Atta 5kg,Staples,South,166,105,124,103,248,0,Rainy,0,239.5,Low
2024-09-21,1,P004,Maggi 2-Minute Noodles,Snacks,South,72,34,40,36,48,10,Stormy,0,49.15,Low
2024-09-21,1,P005,Tata Salt 1kg,Staples,South,228,74,77,76,22,15,Sunny,0,21.1,Low
2024-09-21,1,P006,Coca-Cola 600ml,Beverages,South,84,82,94,80,40,0,Cloudy,0,37.08,Low
2024-09-21,1,P007,Parle-G 800g,Snacks,South,131,52,60,51,65,5,Sunny,0,67.66,Low
2024-09-21,1,P008,Surf Excel 1kg,Cleaning,South,276,66,81,65,220,10,Rainy,0,210.4,Low
2024-09-21,1,P009,Amul Butter 500g,Dairy,South,247,84,101,84,275,15,Cloudy,1,298.16,Low
2024-09-21,1,P010,Red Label Tea 500g,Beverages,South,126,89,103,88,255,0,Sunny,1,237.21,Low
2024-09-22,1,P001,Amul Taaza Toned Milk 1L,Dairy,South,243,45,48,41,58,5,Stormy,0,58.64,Low
2024-09-22,1,P002,Britannia Good Day 600g,Snacks,South,91,76,77,75,120,5,Sunny,1,121.08,Low
2024-09-22,1,P003,Aashirvaad Atta 5kg,Staples,South,140,93,108,93,248,0,Stormy,1,242.4,Low
2024-09-22,1,P004,Maggi 2-Minute Noodles,Snacks,South,157,34,43,33,48,15,Sunny,1,43.83,Low
2024-09-22,1,P005,Tata Salt 1kg,Staples,South,87,100,116,99,22,20,Sunny,0,22.63,Low
2024-09-22,1,P006,Coca-Cola 600ml,Beverages,South,199,37,42,34,40,0,Rainy,0,43.72,Low
2024-09-22,1,P007,Parle-G 800g,Snacks,South,219,62,64,57,65,0,Sunny,0,68.27,Low
2024-09-22,1,P008,Surf Excel 1kg,Cleaning,South,116,77,80,73,220,15,Sunny,1,207.44,Low
2024-09-22,1,P009,Amul Butter 500g,Dairy,South,284,31,40,29,275,15,Sunny,0,265.93,Low
2024-09-22,1,P010,Red Label Tea 500g,Beverages,South,50,103,111,98,255,15,Sunny,0,278.88,Low
2024-09-23,1,P001,Amul Taaza Toned Milk 1L,Dairy,South,81,49,56,51,58,15,Sunny,0,58.06,Low
2024-09-23,1,P002,Britannia Good Day 600g,Snacks,South,284,68,70,67,120,15,Cloudy,0,109.62,Low
2024-09-23,1,P003,Aashirvaad Atta 5kg,Staples,South,269,60,75,55,248,0,Stormy,1,263.37,Low
2024-09-23,1,P004,Maggi 2-Minute Noodles,Snacks,South,269,32,38,28,48,0,Sunny,0,43.54,Low
2024-09-23,1,P005,Tata Salt 1kg,Staples,South,138,27,33,29,22,20,Rainy,0,20.47,Low
2024-09-23,1,P006,Coca-Cola 600ml,Beverages,South,131,32,45,36,40,15,Sunny,1,43.2,Low
2024-09-23,1,P007,Parle-G 800g,Snacks,South,50,49,67,48,65,10,Stormy,0,71.34,Low
2024-09-23,1,P008,Surf Excel 1kg,Cleaning,South,141,70,86,65,220,0,Cloudy,0,217.16,Low
2024-09-23,1,P009,Amul Butter 500g,Dairy,South,148,51,52,51,275,20,Rainy,1,250.97,Low
2024-09-23,1,P010,Red Label Tea 500g,Beverages,South,196,51,62,47,255,0,Rainy,1,247.42,Low
2024-09-24,1,P001,Amul Taaza Toned Milk 1L,Dairy,South,202,73,83,72,58,0,Stormy,0,53.65,Low
2024-09-24,1,P002,Britannia Good Day 600g,Snacks,South,182,81,81,80,120,20,Sunny,0,121.73,Low
2024-09-24,1,P003,Aashirvaad Atta 5kg,Staples,South,102,43,60,47,248,20,Rainy,0,257.43,Low
2024-09-24,1,P004,Maggi 2-Minute Noodles,Snacks,South,234,38,50,36,48,0,Stormy,0,49.4,Low
2024-09-24,1,P005,Tata Salt 1kg,Staples,South,168,31,47,26,22,10,Sunny,0,21.69,Low
2024-09-24,1,P006,Coca-Cola 600ml,Beverages,South,268,64,82,66,40,0,Stormy,0,37.84,Low
2024-09-24,1,P007,Parle-G 800g,Snacks,South,105,60,63,63,65,5,Sunny,0,70.68,Low
2024-09-24,1,P008,Surf Excel 1kg,Cleaning,South,136,78,93,81,220,0,Rainy,0,237.87,Low
2024-09-24,1,P009,Amul Butter 500g,Dairy,South,281,64,83,67,275,15,Sunny,0,258.89,Low
2024-09-24,1,P010,Red Label Tea 500g,Beverages,South,200,73,91,68,255,10,Sunny,0,239.99,Low
2024-09-25,1,P001,Amul Taaza Toned Milk 1L,Dairy,South,187,50,56,54,58,0,Cloudy,0,57.44,Low
2024-09-25,1,P002,Britannia Good Day 600g,Snacks,South,107,28,42,30,120,15,Cloudy,1,131.47,Low
2024-09-25,1,P003,Aashirvaad Atta 5kg,Staples,South,263,76,77,79,248,0,Rainy,0,251.26,Low
2024-09-25,1,P004,Maggi 2-Minute Noodles,Snacks,South,53,38,52,35,48,10,Cloudy,0,45.63,Low
2024-09-25,1,P005,Tata Salt 1kg,Staples,South,117,78,97,79,22,5,Rainy,0,21.65,Low
2024-09-25,1,P006,Coca-Cola 600ml,Beverages,South,243,28,40,28,40,0,Cloudy,1,40.31,Low
2024-09-25,1,P007,Parle-G 800g,Snacks,South,178,37,42,41,65,10,Sunny,1,62.17,Low
2024-09-25,1,P008,Surf Excel 1kg,Cleaning,South,277,47,63,50,220,5,Cloudy,0,238.02,Low
2024-09-25,1,P009,Amul Butter 500g,Dairy,South,157,26,34,24,275,10,Sunny,0,254.27,Low
2024-09-25,1,P010,Red Label Tea 500g,Beverages,South,218,33,42,36,255,15,Sunny,0,261.52,Low
2024-09-26,1,P001,Amul Taaza Toned Milk 1L,Dairy,South,164,14,14,13,58,0,Stormy,0,59.53,Low
2024-09-26,1,P002,Britannia Good Day 600g,Snacks,South,174,78,84,74,120,20,Stormy,0,121.41,Low
2024-09-26,1,P003,Aashirvaad Atta 5kg,Staples,South,91,63,81,60,248,5,Cloudy,0,252.62,Low
2024-09-26,1,P004,Maggi 2-Minute Noodles,Snacks,South,249,74,84,76,48,5,Cloudy,0,48.99,Low
2024-09-26,1,P005,Tata Salt 1kg,Staples,South,87,76,84,77,22,10,Sunny,1,21.38,Low
2024-09-26,1,P006,Coca-Cola 600ml,Beverages,South,194,38,51,34,40,0,Rainy,0,36.67,Low
2024-09-26,1,P007,Parle-G 800g,Snacks,South,199,12,18,10,65,0,Cloudy,0,69.25,Low
2024-09-26,1,P008,Surf Excel 1kg,Cleaning,South,80,37,40,41,220,5,Sunny,0,220.04,Low
2024-09-26,1,P009,Amul Butter 500g,Dairy,South,54,24,28,26,275,15,Cloudy,0,268.96,Low
2024-09-26,1,P010,Red Label Tea 500g,Beverages,South,94,44,53,39,255,10,Cloudy,0,264.85,Low
2024-09-27,1,P001,Amul Taaza Toned Milk 1L,Dairy,South,89,20,27,23,58,0,Rainy,0,59.55,Low
2024-09-27,1,P002,Britannia Good Day 600g,Snacks,South,208,60,76,61,120,0,Cloudy,0,130.94,Low
2024-09-27,1,P003,Aashirvaad Atta 5kg,Staples,South,153,80,84,84,248,0,Cloudy,0,259.64,Low
2024-09-27,1,P004,Maggi 2-Minute Noodles,Snacks,South,62,52,57,52,48,0,Cloudy,1,48.22,Low
2024-09-27,1,P005,Tata Salt 1kg,Staples,South,158,33,40,30,22,10,Rainy,0,22.38,Low
2024-09-27,1,P006,Coca-Cola 600ml,Beverages,South,167,53,69,57,40,0,Rainy,1,41.66,Low
2024-09-27,1,P007,Parle-G 800g,Snacks,South,107,16,30,15,65,5,Stormy,0,70.24,Low
2024-09-27,1,P008,Surf Excel 1kg,Cleaning,South,82,22,32,25,220,0,Rainy,0,228.87,Low
2024-09-27,1,P009,Amul Butter 500g,Dairy,South,200,35,43,32,275,20,Cloudy,0,255.71,Low
2024-09-27,1,P010,Red Label Tea 500g,Beverages,South,106,36,42,33,255,0,Stormy,0,262.66,Low
2024-09-28,1,P001,Amul Taaza Toned Milk 1L,Dairy,South,170,63,80,60,58,5,Stormy,0,62.76,Low
2024-09-28,1,P002,Britannia Good Day 600g,Snacks,South,122,64,71,60,120,10,Rainy,0,112.74,Low
2024-09-28,1,P003,Aashirvaad Atta 5kg,Staples,South,198,74,82,70,248,0,Sunny,0,260.22,Low
2024-09-28,1,P004,Maggi 2-Minute Noodles,Snacks,South,218,75,78,71,48,10,Stormy,1,44.8,Low
2024-09-28,1,P005,Tata Salt 1kg,Staples,South,256,70,73,66,22,0,Rainy,0,23.1,Low
2024-09-28,1,P006,Coca-Cola 600ml,Beverages,South,176,91,91,87,40,0,Cloudy,1,36.08,Low
2024-09-28,1,P007,Parle-G 800g,Snacks,South,201,47,58,45,65,0,Rainy,0,63.04,Low
2024-09-28,1,P008,Surf Excel 1kg,Cleaning,South,248,89,105,84,220,20,Cloudy,0,239.64,Low
2024-09-28,1,P009,Amul Butter 500g,Dairy,South,252,83,84,83,275,0,Stormy,0,279.85,Low
2024-09-28,1,P010,Red Label Tea 500g,Beverages,South,75,43,43,47,255,10,Cloudy,0,237.39,Low
2024-09-29,1,P001,Amul Taaza Toned Milk 1L,Dairy,South,182,91,92,87,58,0,Sunny,1,58.31,Low
2024-09-29,1,P002,Britannia Good Day 600g,Snacks,South,229,100,101,98,120,5,Rainy,1,116.49,Low
2024-09-29,1,P003,Aashirvaad Atta 5kg,Staples,South,64,32,41,32,248,10,Cloudy,0,231.25,Low
2024-09-29,1,P004,Maggi 2-Minute Noodles,Snacks,South,143,111,114,112,48,0,Stormy,0,49.93,Low
2024-09-29,1,P005,Tata Salt 1kg,Staples,South,109,62,69,59,22,10,Cloudy,0,21.98,Low
2024-09-29,1,P006,Coca-Cola 600ml,Beverages,South,62,78,95,73,40,0,Sunny,0,43.74,Low
2024-09-29,1,P007,Parle-G 800g,Snacks,South,209,52,60,52,65,0,Sunny,1,67.79,Low
2024-09-29,1,P008,Surf Excel 1kg,Cleaning,South,122,58,71,55,220,0,Rainy,0,217.53,Low
2024-09-29,1,P009,Amul Butter 500g,Dairy,South,54,79,93,75,275,0,Sunny,1,280.0,Low
2024-09-29,1,P010,Red Label Tea 500g,Beverages,South,219,82,88,82,255,20,Rainy,0,249.64,Low
2024-09-30,1,P001,Amul Taaza Toned Milk 1L,Dairy,South,251,38,50,38,58,5,Stormy,0,56.94,Low
2024-09-30,1,P002,Britannia Good Day 600g,Snacks,South,179,47,61,45,120,10,Rainy,0,131.72,Low
2024-09-30,1,P003,Aashirvaad Atta 5kg,Staples,South,201,62,71,60,248,15,Rainy,0,225.34,Low
2024-09-30,1,P004,Maggi 2-Minute Noodles,Snacks,South,54,19,30,20,48,0,Stormy,0,48.78,Low
2024-09-30,1,P005,Tata Salt 1kg,Staples,South,97,42,55,43,22,20,Cloudy,0,21.46,Low
2024-09-30,1,P006,Coca-Cola 600ml,Beverages,South,117,85,87,80,40,15,Rainy,0,39.88,Low
2024-09-30,1,P007,Parle-G 800g,Snacks,South,100,26,31,24,65,10,Stormy,0,63.44,Low
2024-09-30,1,P008,Surf Excel 1kg,Cleaning,South,63,53,56,51,220,0,Rainy,0,225.17,Low
2024-09-30,1,P009,Amul Butter 500g,Dairy,South,265,75,91,79,275,10,Stormy,0,284.52,Low
2024-09-30,1,P010,Red Label Tea 500g,Beverages,South,299,30,36,26,255,20,Rainy,0,260.71,Low
2024-10-01,1,P001,Amul Taaza Toned Milk 1L,Dairy,South,53,93,112,91,58,0,Cloudy,0,54.69,High
2024-10-01,1,P002,Britannia Good Day 600g,Snacks,South,274,82,85,78,120,20,Rainy,1,128.94,High
2024-10-01,1,P003,Aashirvaad Atta 5kg,Staples,South,224,83,88,85,248,15,Sunny,0,229.29,High
2024-10-01,1,P004,Maggi 2-Minute Noodles,Snacks,South,92,62,65,63,48,5,Stormy,0,49.27,High
2024-10-01,1,P005,Tata Salt 1kg,Staples,South,183,93,106,90,22,0,Cloudy,0,20.23,High
2024-10-01,1,P006,Coca-Cola 600ml,Beverages,South,295,76,85,71,40,0,Cloudy,0,41.07,High
2024-10-01,1,P007,Parle-G 800g,Snacks,South,132,43,57,44,65,5,Cloudy,0,64.36,High
2024-10-01,1,P008,Surf Excel 1kg,Cleaning,South,175,115,124,118,220,20,Sunny,0,202.02,High
2024-10-01,1,P009,Amul Butter 500g,Dairy,South,106,89,98,88,275,20,Sunny,0,265.99,High
2024-10-01,1,P010,Red Label Tea 500g,Beverages,South,60,35,36,32,255,10,Rainy,1,267.59,High
2024-10-02,1,P001,Amul Taaza Toned Milk 1L,Dairy,South,215,113,113,109,58,0,Stormy,0,63.76,High
2024-10-02,1,P002,Britannia Good Day 600g,Snacks,South,87,34,34,38,120,15,Sunny,0,111.72,High
2024-10-02,1,P003,Aashirvaad Atta 5kg,Staples,South,278,45,53,46,248,0,Cloudy,0,236.55,High
2024-10-02,1,P004,Maggi 2-Minute Noodles,Snacks,South,187,89,94,84,48,0,Cloudy,0,47.68,High
2024-10-02,1,P005,Tata Salt 1kg,Staples,South,232,62,67,57,22,10,Rainy,1,23.34,High
2024-10-02,1,P006,Coca-Cola 600ml,Beverages,South,77,54,69,51,40,5,Stormy,0,43.9,High
2024-10-02,1,P007,Parle-G 800g,Snacks,South,72,96,101,96,65,0,Rainy,1,61.29,High
2024-10-02,1,P008,Surf Excel 1kg,Cleaning,South,88,67,79,71,220,20,Stormy,0,218.61,High
2024-10-02,1,P009,Amul Butter 500g,Dairy,South,85,51,53,51,275,0,Stormy,1,257.51,High
2024-10-02,1,P010,Red Label Tea 500g,Beverages,South,229,84,96,85,255,0,Rainy,1,247.34,High
2024-10-03,1,P001,Amul Taaza Toned Milk 1L,Dairy,South,266,89,105,89,58,5,Stormy,0,57.42,High
2024-10-03,1,P002,Britannia Good Day 600g,Snacks,South,79,35,49,39,120,0,Sunny,0,117.98,High
2024-10-03,1,P003,Aashirvaad Atta 5kg,Staples,South,242,92,109,90,248,20,Cloudy,0,258.69,High
2024-10-03,1,P004,Maggi 2-Minute Noodles,Snacks,South,202,102,118,105,48,15,Stormy,1,46.64,High
2024-10-03,1,P005,Tata Salt 1kg,Staples,South,258,83,97,85,22,0,Sunny,0,22.51,High
2024-10-03,1,P006,Coca-Cola 600ml,Beverages,South,234,35,38,38,40,5,Rainy,0,42.04,High
2024-10-03,1,P007,Parle-G 800g,Snacks,South,299,114,132,116,65,0,Stormy,1,66.54,High
2024-10-03,1,P008,Surf Excel 1kg,Cleaning,South,187,20,34,20,220,5,Stormy,0,211.67,High
2024-10-03,1,P009,Amul Butter 500g,Dairy,South,256,52,63,53,275,15,Cloudy,0,288.9,High
2024-10-03,1,P010,Red Label Tea 500g,Beverages,South,210,78,81,76,255,20,Cloudy,1,243.21,High
2024-10-04,1,P001,Amul Taaza Toned Milk 1L,Dairy,South,197,42,52,37,58,0,Cloudy,1,53.66,High
2024-10-04,1,P002,Britannia Good Day 600g,Snacks,South,212,70,77,70,120,15,Sunny,1,119.56,High
2024-10-04,1,P003,Aashirvaad Atta 5kg,Staples,South,174,47,60,50,248,5,Stormy,0,248.71,High
2024-10-04,1,P004,Maggi 2-Minute Noodles,Snacks,South,274,36,45,36,48,15,Stormy,0,49.02,High
2024-10-04,1,P005,Tata Salt 1kg,Staples,South,206,85,99,81,22,5,Cloudy,0,23.88,High
2024-10-04,1,P006,Coca-Cola 600ml,Beverages,South,245,49,54,46,40,0,Stormy,1,42.77,High
2024-10-04,1,P007,Parle-G 800g,Snacks,South,200,84,88,84,65,15,Cloudy,0,68.89,High
2024-10-04,1,P008,Surf Excel 1kg,Cleaning,South,133,41,52,41,220,20,Sunny,0,206.07,High
2024-10-04,1,P009,Amul Butter 500g,Dairy,South,192,43,57,39,275,0,Cloudy,0,297.28,High
2024-10-04,1,P010,Red Label Tea 500g,Beverages,South,96,79,89,75,255,0,Stormy,0,270.03,High
2024-10-05,1,P001,Amul Taaza Toned Milk 1L,Dairy,South,279,132,137,129,58,0,Rainy,0,57.88,High
2024-10-05,1,P002,Britannia Good Day 600g,Snacks,South,150,113,114,110,120,0,Rainy,1,125.97,High
2024-10-05,1,P003,Aashirvaad Atta 5kg,Staples,South,246,138,154,138,248,20,Sunny,1,239.23,High
2024-10-05,1,P004,Maggi 2-Minute Noodles,Snacks,South,283,64,64,63,48,0,Rainy,0,45.17,High
2024-10-05,1,P005,Tata Salt 1kg,Staples,South,218,104,113,100,22,20,Rainy,0,22.65,High
2024-10-05,1,P006,Coca-Cola 600ml,Beverages,South,159,119,122,122,40,0,Rainy,0,41.63,High
2024-10-05,1,P007,Parle-G 800g,Snacks,South,195,81,94,81,65,20,Sunny,0,65.63,High
2024-10-05,1,P008,Surf Excel 1kg,Cleaning,South,112,65,68,63,220,10,Stormy,0,202.18,High
2024-10-05,1,P009,Amul Butter 500g,Dairy,South,59,84,90,85,275,5,Cloudy,0,275.37,High
2024-10-05,1,P010,Red Label Tea 500g,Beverages,South,114,64,80,62,255,5,Cloudy,1,256.88,High
2024-10-06,1,P001,Amul Taaza Toned Milk 1L,Dairy,South,146,147,149,144,58,0,Cloudy,0,58.21,High
2024-10-06,1,P002,Britannia Good Day 600g,Snacks,South,142,135,139,138,120,0,Sunny,0,115.97,High
2024-10-06,1,P003,Aashirvaad Atta 5kg,Staples,South,209,122,124,117,248,15,Stormy,0,262.32,High
2024-10-06,1,P004,Maggi 2-Minute Noodles,Snacks,South,185,68,79,67,48,5,Stormy,0,44.22,High
2024-10-06,1,P005,Tata Salt 1kg,Staples,South,277,44,54,44,22,5,Sunny,0,22.42,High
2024-10-06,1,P006,Coca-Cola 600ml,Beverages,South,96,79,87,75,40,0,Cloudy,0,42.8,High
2024-10-06,1,P007,Parle-G 800g,Snacks,South,77,42,56,43,65,10,Stormy,0,67.11,High
2024-10-06,1,P008,Surf Excel 1kg,Cleaning,South,276,70,70,65,220,0,Stormy,1,240.01,High
2024-10-06,1,P009,Amul Butter 500g,Dairy,South,152,40,58,35,275,0,Rainy,0,263.15,High
2024-10-06,1,P010,Red Label Tea 500g,Beverages,South,214,100,101,96,255,20,Sunny,1,270.97,High
2024-10-07,1,P001,Amul Taaza Toned Milk 1L,Dairy,South,134,60,78,61,58,20,Rainy,1,58.78,High
2024-10-07,1,P002,Britannia Good Day 600g,Snacks,South,243,47,49,44,120,5,Stormy,1,111.75,High
2024-10-07,1,P003,Aashirvaad Atta 5kg,Staples,South,146,52,66,53,248,20,Rainy,1,251.66,High
2024-10-07,1,P004,Maggi 2-Minute Noodles,Snacks,South,161,87,91,83,48,20,Cloudy,0,45.64,High
2024-10-07,1,P005,Tata Salt 1kg,Staples,South,246,109,123,113,22,20,Cloudy,0,22.9,High
2024-10-07,1,P006,Coca-Cola 600ml,Beverages,South,288,83,84,78,40,20,Cloudy,0,42.9,High
2024-10-07,1,P007,Parle-G 800g,Snacks,South,188,64,78,60,65,0,Sunny,0,71.06,High
2024-10-07,1,P008,Surf Excel 1kg,Cleaning,South,238,71,82,69,220,0,Stormy,0,220.67,High
2024-10-07,1,P009,Amul Butter 500g,Dairy,South,159,62,79,63,275,10,Stormy,0,292.74,High
2024-10-07,1,P010,Red Label Tea 500g,Beverages,South,219,93,94,88,255,0,Cloudy,1,264.6,High
2024-10-08,1,P001,Amul Taaza Toned Milk 1L,Dairy,South,108,54,73,56,58,0,Cloudy,0,54.11,High
2024-10-08,1,P002,Britannia Good Day 600g,Snacks,South,135,32,33,34,120,5,Sunny,0,112.67,High
2024-10-08,1,P003,Aashirvaad Atta 5kg,Staples,South,76,20,24,21,248,15,Stormy,0,241.31,High
2024-10-08,1,P004,Maggi 2-Minute Noodles,Snacks,South,266,87,87,84,48,20,Stormy,0,52.22,High
2024-10-08,1,P005,Tata Salt 1kg,Staples,South,299,88,94,86,22,10,Cloudy,1,22.11,High
2024-10-08,1,P006,Coca-Cola 600ml,Beverages,South,83,53,64,50,40,20,Cloudy,0,36.63,High
2024-10-08,1,P007,Parle-G 800g,Snacks,South,192,26,32,23,65,10,Cloudy,0,62.53,High
2024-10-08,1,P008,Surf Excel 1kg,Cleaning,South,81,111,129,108,220,10,Rainy,1,202.76,High
2024-10-08,1,P009,Amul Butter 500g,Dairy,South,108,31,39,32,275,15,Rainy,0,283.59,High
2024-10-08,1,P010,Red Label Tea 500g,Beverages,South,129,49,50,52,255,15,Sunny,1,246.38,High
2024-10-09,1,P001,Amul Taaza Toned Milk 1L,Dairy,South,222,75,76,70,58,10,Rainy,0,57.67,High
2024-10-09,1,P002,Britannia Good Day 600g,Snacks,South,70,92,108,94,120,0,Rainy,1,124.88,High
2024-10-09,1,P003,Aashirvaad Atta 5kg,Staples,South,99,47,52,42,248,15,Rainy,0,224.94,High
2024-10-09,1,P004,Maggi 2-Minute Noodles,Snacks,South,230,76,77,79,48,0,Stormy,0,52.11,High
2024-10-09,1,P005,Tata Salt 1kg,Staples,South,184,20,23,21,22,15,Cloudy,0,21.21,High
2024-10-09,1,P006,Coca-Cola 600ml,Beverages,South,169,25,28,25,40,15,Sunny,0,39.75,High
2024-10-09,1,P007,Parle-G 800g,Snacks,South,231,94,94,96,65,0,Sunny,0,68.93,High
2024-10-09,1,P008,Surf Excel 1kg,Cleaning,South,251,37,44,41,220,20,Stormy,0,212.91,High
2024-10-09,1,P009,Amul Butter 500g,Dairy,South,224,88,104,88,275,15,Cloudy,0,255.26,High
2024-10-09,1,P010,Red Label Tea 500g,Beverages,South,299,40,44,41,255,15,Rainy,0,266.15,High
2024-10-10,1,P001,Amul Taaza Toned Milk 1L,Dairy,South,158,40,40,35,58,15,Cloudy,0,55.51,High
2024-10-10,1,P002,Britannia Good Day 600g,Snacks,South,57,94,107,97,120,5,Stormy,0,110.03,High
2024-10-10,1,P003,Aashirvaad Atta 5kg,Staples,South,138,74,83,76,248,20,Cloudy,0,234.32,High
2024-10-10,1,P004,Maggi 2-Minute Noodles,Snacks,South,97,96,105,99,48,20,Stormy,0,52.43,High
2024-10-10,1,P005,Tata Salt 1kg,Staples,South,286,100,101,98,22,20,Sunny,0,21.21,High
2024-10-10,1,P006,Coca-Cola 600ml,Beverages,South,125,76,80,73,40,5,Sunny,1,39.5,High
2024-10-10,1,P007,Parle-G 800g,Snacks,South,91,66,75,64,65,10,Stormy,0,58.72,High
2024-10-10,1,P008,Surf Excel 1kg,Cleaning,South,126,89,91,88,220,0,Stormy,0,211.23,High
2024-10-10,1,P009,Amul Butter 500g,Dairy,South,227,48,56,45,275,0,Sunny,0,255.09,High
2024-10-10,1,P010,Red Label Tea 500g,Beverages,South,208,108,118,106,255,20,Stormy,0,266.55,High
2024-10-11,1,P001,Amul Taaza Toned Milk 1L,Dairy,South,193,107,108,111,58,5,Cloudy,0,57.93,High
2024-10-11,1,P002,Britannia Good Day 600g,Snacks,South,122,51,69,49,120,10,Cloudy,0,114.98,High
2024-10-11,1,P003,Aashirvaad Atta 5kg,Staples,South,116,62,69,62,248,5,Sunny,1,247.22,High
2024-10-11,1,P004,Maggi 2-Minute Noodles,Snacks,South,184,82,92,80,48,5,Rainy,1,50.59,High
2024-10-11,1,P005,Tata Salt 1kg,Staples,South,298,56,71,55,22,0,Stormy,0,20.02,High
2024-10-11,1,P006,Coca-Cola 600ml,Beverages,South,295,101,106,98,40,15,Stormy,1,41.09,High
2024-10-11,1,P007,Parle-G 800g,Snacks,South,204,54,56,49,65,10,Cloudy,0,60.41,High
2024-10-11,1,P008,Surf Excel 1kg,Cleaning,South,80,65,84,62,220,0,Stormy,0,214.13,High
2024-10-11,1,P009,Amul Butter 500g,Dairy,South,189,93,107,94,275,0,Cloudy,0,282.37,High
2024-10-11,1,P010,Red Label Tea 500g,Beverages,South,207,60,69,56,255,15,Stormy,0,271.96,High
2024-10-12,1,P001,Amul Taaza Toned Milk 1L,Dairy,South,204,42,51,37,58,0,Rainy,0,54.38,High
2024-10-12,1,P002,Britannia Good Day 600g,Snacks,South,126,62,63,59,120,0,Sunny,0,126.28,High
2024-10-12,1,P003,Aashirvaad Atta 5kg,Staples,South,100,94,99,92,248,20,Cloudy,0,234.23,High
2024-10-12,1,P004,Maggi 2-Minute Noodles,Snacks,South,185,98,115,93,48,0,Rainy,1,45.01,High
2024-10-12,1,P005,Tata Salt 1kg,Staples,South,172,78,81,79,22,10,Cloudy,0,21.58,High
2024-10-12,1,P006,Coca-Cola 600ml,Beverages,South,171,47,66,43,40,0,Rainy,0,40.53,High
2024-10-12,1,P007,Parle-G 800g,Snacks,South,258,149,161,146,65,15,Rainy,0,65.19,High
2024-10-12,1,P008,Surf Excel 1kg,Cleaning,South,181,62,62,57,220,5,Rainy,0,231.07,High
2024-10-12,1,P009,Amul Butter 500g,Dairy,South,227,126,129,130,275,0,Stormy,0,249.19,High
2024-10-12,1,P010,Red Label Tea 500g,Beverages,South,288,59,60,61,255,15,Sunny,0,233.44,High
2024-10-13,1,P001,Amul Taaza Toned Milk 1L,Dairy,South,243,58,62,60,58,10,Rainy,0,61.03,High
2024-10-13,1,P002,Britannia Good Day 600g,Snacks,South,292,132,144,133,120,15,Rainy,1,126.63,High
2024-10-13,1,P003,Aashirvaad Atta 5kg,Staples,South,130,123,135,126,248,15,Cloudy,0,248.29,High
2024-10-13,1,P004,Maggi 2-Minute Noodles,Snacks,South,88,45,49,42,48,0,Cloudy,0,44.93,High
2024-10-13,1,P005,Tata Salt 1kg,Staples,South,63,69,75,69,22,0,Stormy,0,20.67,High
2024-10-13,1,P006,Coca-Cola 600ml,Beverages,South,267,106,116,102,40,20,Sunny,0,39.11,High
2024-10-13,1,P007,Parle-G 800g,Snacks,South,124,84,101,85,65,10,Rainy,0,62.3,High
2024-10-13,1,P008,Surf Excel 1kg,Cleaning,South,140,73,88,75,220,0,Stormy,0,223.81,High
2024-10-13,1,P009,Amul Butter 500g,Dairy,South,95,33,48,34,275,10,Sunny,0,288.72,High
2024-10-13,1,P010,Red Label Tea 500g,Beverages,South,79,45,64,43,255,15,Cloudy,0,251.6,High
2024-10-14,1,P001,Amul Taaza Toned Milk 1L,Dairy,South,153,33,40,29,58,15,Cloudy,0,55.02,High
2024-10-14,1,P002,Britannia Good Day 600g,Snacks,South,246,58,77,57,120,5,Rainy,1,127.57,High
2024-10-14,1,P003,Aashirvaad Atta 5kg,Staples,South,227,50,62,45,248,5,Rainy,0,227.66,High
2024-10-14,1,P004,Maggi 2-Minute Noodles,Snacks,South,143,87,97,84,48,15,Stormy,0,43.21,High
2024-10-14,1,P005,Tata Salt 1kg,Staples,South,241,67,71,68,22,15,Stormy,1,22.03,High
2024-10-14,1,P006,Coca-Cola 600ml,Beverages,South,111,100,117,101,40,0,Cloudy,0,37.16,High
2024-10-14,1,P007,Parle-G 800g,Snacks,South,118,109,110,111,65,15,Stormy,0,65.65,High
2024-10-14,1,P008,Surf Excel 1kg,Cleaning,South,153,95,105,91,220,0,Stormy,1,213.33,High
2024-10-14,1,P009,Amul Butter 500g,Dairy,South,105,83,94,83,275,15,Rainy,0,261.99,High
2024-10-14,1,P010,Red Label Tea 500g,Beverages,South,170,88,90,88,255,10,Rainy,0,264.56,High
2024-10-15,1,P001,Amul Taaza Toned Milk 1L,Dairy,South,93,31,50,34,58,0,Sunny,0,53.53,High
2024-10-15,1,P002,Britannia Good Day 600g,Snacks,South,277,87,91,85,120,0,Sunny,0,117.44,High
2024-10-15,1,P003,Aashirvaad Atta 5kg,Staples,South,177,101,116,96,248,10,Cloudy,0,234.41,High
2024-10-15,1,P004,Maggi 2-Minute Noodles,Snacks,South,130,67,69,63,48,10,Sunny,1,49.45,High
2024-10-15,1,P005,Tata Salt 1kg,Staples,South,237,75,75,79,22,5,Rainy,0,20.98,High
2024-10-15,1,P006,Coca-Cola 600ml,Beverages,South,102,64,79,64,40,0,Stormy,1,41.77,High
2024-10-15,1,P007,Parle-G 800g,Snacks,South,266,52,61,48,65,20,Sunny,0,61.34,High
2024-10-15,1,P008,Surf Excel 1kg,Cleaning,South,56,79,95,76,220,5,Sunny,0,236.08,High
2024-10-15,1,P009,Amul Butter 500g,Dairy,South,109,49,67,48,275,15,Sunny,0,271.54,High
2024-10-15,1,P010,Red Label Tea 500g,Beverages,South,279,91,102,94,255,15,Rainy,0,232.85,High
2024-10-16,1,P001,Amul Taaza Toned Milk 1L,Dairy,South,137,79,88,82,58,10,Cloudy,0,62.44,High
2024-10-16,1,P002,Britannia Good Day 600g,Snacks,South,157,48,55,47,120,0,Cloudy,0,113.52,High
2024-10-16,1,P003,Aashirvaad Atta 5kg,Staples,South,279,85,103,84,248,20,Stormy,0,240.63,High
2024-10-16,1,P004,Maggi 2-Minute Noodles,Snacks,South,195,58,67,54,48,5,Rainy,1,46.76,High
2024-10-16,1,P005,Tata Salt 1kg,Staples,South,255,98,99,101,22,10,Stormy,0,21.03,High
2024-10-16,1,P006,Coca-Cola 600ml,Beverages,South,91,32,48,36,40,15,Rainy,0,38.03,High
2024-10-16,1,P007,Parle-G 800g,Snacks,South,145,32,50,29,65,0,Stormy,1,70.15,High
2024-10-16,1,P008,Surf Excel 1kg,Cleaning,South,131,89,104,87,220,20,Cloudy,0,216.62,High
2024-10-16,1,P009,Amul Butter 500g,Dairy,South,274,112,119,116,275,20,Stormy,0,299.02,High
2024-10-16,1,P010,Red Label Tea 500g,Beverages,South,159,64,73,61,255,0,Sunny,1,236.6,High
2024-10-17,1,P001,Amul Taaza Toned Milk 1L,Dairy,South,217,102,108,101,58,15,Rainy,0,63.61,High
2024-10-17,1,P002,Britannia Good Day 600g,Snacks,South,223,34,49,37,120,0,Stormy,1,116.64,High
2024-10-17,1,P003,Aashirvaad Atta 5kg,Staples,South,101,103,117,100,248,0,Rainy,1,248.05,High
2024-10-17,1,P004,Maggi 2-Minute Noodles,Snacks,South,122,86,88,82,48,5,Stormy,0,50.97,High
2024-10-17,1,P005,Tata Salt 1kg,Staples,South,279,103,122,99,22,20,Stormy,0,19.84,High
2024-10-17,1,P006,Coca-Cola 600ml,Beverages,South,274,42,59,43,40,0,Rainy,0,42.56,High
2024-10-17,1,P007,Parle-G 800g,Snacks,South,235,57,70,60,65,20,Rainy,0,66.07,High
2024-10-17,1,P008,Surf Excel 1kg,Cleaning,South,61,48,55,51,220,0,Cloudy,1,215.64,High
2024-10-17,1,P009,Amul Butter 500g,Dairy,South,54,43,62,42,275,0,Cloudy,0,271.77,High
2024-10-17,1,P010,Red Label Tea 500g,Beverages,South,138,81,98,85,255,0,Cloudy,1,272.26,High
2024-10-18,1,P001,Amul Taaza Toned Milk 1L,Dairy,South,256,91,107,87,58,0,Sunny,0,58.1,High
2024-10-18,1,P002,Britannia Good Day 600g,Snacks,South,236,30,46,25,120,0,Cloudy,1,117.76,High
2024-10-18,1,P003,Aashirvaad Atta 5kg,Staples,South,82,86,104,89,248,20,Sunny,0,248.92,High
2024-10-18,1,P004,Maggi 2-Minute Noodles,Snacks,South,145,94,104,94,48,0,Stormy,0,43.87,High
2024-10-18,1,P005,Tata Salt 1kg,Staples,South,268,85,89,84,22,20,Stormy,0,22.13,High
2024-10-18,1,P006,Coca-Cola 600ml,Beverages,South,91,31,50,35,40,10,Cloudy,1,41.53,High
2024-10-18,1,P007,Parle-G 800g,Snacks,South,258,107,122,110,65,0,Sunny,0,59.65,High
2024-10-18,1,P008,Surf Excel 1kg,Cleaning,South,97,41,55,44,220,0,Rainy,0,232.36,High
2024-10-18,1,P009,Amul Butter 500g,Dairy,South,186,46,46,41,275,5,Rainy,0,251.82,High
2024-10-18,1,P010,Red Label Tea 500g,Beverages,South,59,54,63,50,255,0,Cloudy,0,255.06,High
2024-10-19,1,P001,Amul Taaza Toned Milk 1L,Dairy,South,282,105,120,104,58,20,Cloudy,0,55.28,High
2024-10-19,1,P002,Britannia Good Day 600g,Snacks,South,161,124,130,127,120,15,Stormy,0,114.02,High
2024-10-19,1,P003,Aashirvaad Atta 5kg,Staples,South,267,115,123,114,248,20,Sunny,1,224.67,High
2024-10-19,1,P004,Maggi 2-Minute Noodles,Snacks,South,278,45,48,45,48,0,Rainy,0,49.52,High
2024-10-19,1,P005,Tata Salt 1kg,Staples,South,291,71,82,74,22,0,Sunny,0,24.14,High
2024-10-19,1,P006,Coca-Cola 600ml,Beverages,South,212,56,63,53,40,0,Sunny,0,36.14,High
2024-10-19,1,P007,Parle-G 800g,Snacks,South,199,41,46,45,65,5,Stormy,0,58.93,High
2024-10-19,1,P008,Surf Excel 1kg,Cleaning,South,251,105,109,105,220,20,Rainy,1,228.83,High
2024-10-19,1,P009,Amul Butter 500g,Dairy,South,107,122,126,122,275,10,Stormy,0,282.68,High
2024-10-19,1,P010,Red Label Tea 500g,Beverages,South,67,80,98,76,255,0,Cloudy,1,273.22,High
2024-10-20,1,P001,Amul Taaza Toned Milk 1L,Dairy,South,86,63,78,62,58,0,Cloudy,1,52.73,High
2024-10-20,1,P002,Britannia Good Day 600g,Snacks,South,143,147,153,146,120,20,Stormy,0,121.63,High
2024-10-20,1,P003,Aashirvaad Atta 5kg,Staples,South,210,57,70,57,248,15,Stormy,1,225.34,High
2024-10-20,1,P004,Maggi 2-Minute Noodles,Snacks,South,148,43,50,43,48,20,Sunny,0,44.91,High
2024-10-20,1,P005,Tata Salt 1kg,Staples,South,66,88,98,91,22,5,Stormy,0,22.19,High
2024-10-20,1,P006,Coca-Cola 600ml,Beverages,South,229,113,128,112,40,15,Rainy,0,37.72,High
2024-10-20,1,P007,Parle-G 800g,Snacks,South,235,104,104,103,65,0,Stormy,0,66.19,High
2024-10-20,1,P008,Surf Excel 1kg,Cleaning,South,241,79,98,80,220,0,Sunny,1,232.06,High
2024-10-20,1,P009,Amul Butter 500g,Dairy,South,266,86,95,86,275,5,Cloudy,0,302.43,High
2024-10-20,1,P010,Red Label Tea 500g,Beverages,South,230,109,116,113,255,0,Stormy,0,249.82,High
2024-10-21,1,P001,Amul Taaza Toned Milk 1L,Dairy,South,52,97,104,96,58,0,Sunny,0,54.48,High
2024-10-21,1,P002,Britannia Good Day 600g,Snacks,South,138,40,42,44,120,15,Stormy,1,115.08,High
2024-10-21,1,P003,Aashirvaad Atta 5kg,Staples,South,249,33,34,36,248,5,Cloudy,0,264.79,High
2024-10-21,1,P004,Maggi 2-Minute Noodles,Snacks,South,169,76,76,71,48,10,Rainy,0,44.93,High
2024-10-21,1,P005,Tata Salt 1kg,Staples,South,63,45,52,45,22,5,Stormy,1,22.57,High
2024-10-21,1,P006,Coca-Cola 600ml,Beverages,South,215,79,92,74,40,0,Stormy,0,43.89,High
2024-10-21,1,P007,Parle-G 800g,Snacks,South,281,71,86,70,65,10,Cloudy,0,62.41,High
2024-10-21,1,P008,Surf Excel 1kg,Cleaning,South,108,106,114,106,220,10,Sunny,0,205.19,High
2024-10-21,1,P009,Amul Butter 500g,Dairy,South,62,76,94,74,275,0,Stormy,1,290.4,High
2024-10-21,1,P010,Red Label Tea 500g,Beverages,South,181,77,83,76,255,10,Sunny,0,244.07,High
2024-10-22,1,P001,Amul Taaza Toned Milk 1L,Dairy,South,198,101,117,102,58,20,Cloudy,0,58.93,High
2024-10-22,1,P002,Britannia Good Day 600g,Snacks,South,74,80,80,75,120,0,Rainy,0,121.53,High
2024-10-22,1,P003,Aashirvaad Atta 5kg,Staples,South,153,100,107,98,248,0,Sunny,1,267.75,High
2024-10-22,1,P004,Maggi 2-Minute Noodles,Snacks,South,198,31,34,31,48,15,Rainy,0,44.81,High
2024-10-22,1,P005,Tata Salt 1kg,Staples,South,252,80,95,84,22,20,Rainy,0,22.58,High
2024-10-22,1,P006,Coca-Cola 600ml,Beverages,South,155,82,98,84,40,0,Stormy,0,41.66,High
2024-10-22,1,P007,Parle-G 800g,Snacks,South,111,71,82,66,65,15,Sunny,0,66.39,High
2024-10-22,1,P008,Surf Excel 1kg,Cleaning,South,226,73,73,71,220,0,Cloudy,0,233.96,High
2024-10-22,1,P009,Amul Butter 500g,Dairy,South,161,45,48,41,275,20,Rainy,0,286.78,High
2024-10-22,1,P010,Red Label Tea 500g,Beverages,South,130,95,101,91,255,5,Sunny,1,241.43,High
2024-10-23,1,P001,Amul Taaza Toned Milk 1L,Dairy,South,190,61,74,61,58,20,Sunny,0,54.74,High
2024-10-23,1,P002,Britannia Good Day 600g,Snacks,South,125,51,68,47,120,15,Cloudy,0,116.19,High
2024-10-23,1,P003,Aashirvaad Atta 5kg,Staples,South,60,64,75,62,248,0,Stormy,0,264.98,High
2024-10-23,1,P004,Maggi 2-Minute Noodles,Snacks,South,293,54,60,58,48,10,Stormy,1,52.77,High
2024-10-23,1,P005,Tata Salt 1kg,Staples,South,255,94,107,94,22,5,Cloudy,0,22.61,High
2024-10-23,1,P006,Coca-Cola 600ml,Beverages,South,268,70,82,67,40,0,Stormy,0,36.65,High
2024-10-23,1,P007,Parle-G 800g,Snacks,South,283,48,52,49,65,0,Cloudy,0,59.84,High
2024-10-23,1,P008,Surf Excel 1kg,Cleaning,South,140,83,85,87,220,10,Sunny,1,219.61,High
2024-10-23,1,P009,Amul Butter 500g,Dairy,South,121,75,88,77,275,15,Rainy,0,283.52,High
2024-10-23,1,P010,Red Label Tea 500g,Beverages,South,77,91,96,95,255,20,Cloudy,0,247.57,High
2024-10-24,1,P001,Amul Taaza Toned Milk 1L,Dairy,South,152,113,130,108,58,20,Cloudy,0,53.42,High
2024-10-24,1,P002,Britannia Good Day 600g,Snacks,South,229,73,87,77,120,0,Cloudy,1,117.14,High
2024-10-24,1,P003,Aashirvaad Atta 5kg,Staples,South,295,68,69,67,248,0,Sunny,0,268.32,High
2024-10-24,1,P004,Maggi 2-Minute Noodles,Snacks,South,235,97,101,96,48,15,Rainy,0,49.05,High
2024-10-24,1,P005,Tata Salt 1kg,Staples,South,197,53,64,55,22,0,Cloudy,1,22.07,High
2024-10-24,1,P006,Coca-Cola 600ml,Beverages,South,137,71,85,74,40,0,Sunny,0,41.27,High
2024-10-24,1,P007,Parle-G 800g,Snacks,South,80,51,67,52,65,0,Rainy,0,63.64,High
2024-10-24,1,P008,Surf Excel 1kg,Cleaning,South,185,106,115,110,220,0,Rainy,0,234.99,High
2024-10-24,1,P009,Amul Butter 500g,Dairy,South,202,33,47,31,275,15,Sunny,0,282.94,High
2024-10-24,1,P010,Red Label Tea 500g,Beverages,South,60,79,84,77,255,20,Rainy,0,266.05,High
2024-10-25,1,P001,Amul Taaza Toned Milk 1L,Dairy,South,62,64,64,60,58,0,Stormy,0,58.37,High
2024-10-25,1,P002,Britannia Good Day 600g,Snacks,South,193,22,25,25,120,0,Sunny,0,115.76,High
2024-10-25,1,P003,Aashirvaad Atta 5kg,Staples,South,244,101,115,102,248,5,Stormy,0,241.0,High
2024-10-25,1,P004,Maggi 2-Minute Noodles,Snacks,South,167,70,78,74,48,5,Rainy,1,44.62,High
2024-10-25,1,P005,Tata Salt 1kg,Staples,South,164,72,86,72,22,0,Rainy,0,22.17,High
2024-10-25,1,P006,Coca-Cola 600ml,Beverages,South,289,54,62,49,40,0,Sunny,1,42.4,High
2024-10-25,1,P007,Parle-G 800g,Snacks,South,201,67,85,68,65,10,Sunny,1,68.1,High
2024-10-25,1,P008,Surf Excel 1kg,Cleaning,South,246,79,90,74,220,0,Rainy,0,224.3,High
2024-10-25,1,P009,Amul Butter 500g,Dairy,South,252,75,84,71,275,5,Sunny,0,299.02,High
2024-10-25,1,P010,Red Label Tea 500g,Beverages,South,254,64,78,60,255,5,Stormy,1,250.02,High
2024-10-26,1,P001,Amul Taaza Toned Milk 1L,Dairy,South,170,94,94,96,58,0,Sunny,0,63.0,High
2024-10-26,1,P002,Britannia Good Day 600g,Snacks,South,265,54,64,51,120,10,Sunny,1,112.99,High
2024-10-26,1,P003,Aashirvaad Atta 5kg,Staples,South,299,117,123,112,248,5,Cloudy,0,226.28,High
2024-10-26,1,P004,Maggi 2-Minute Noodles,Snacks,South,204,132,150,136,48,10,Sunny,0,49.67,High
2024-10-26,1,P005,Tata Salt 1kg,Staples,South,262,81,86,79,22,5,Stormy,0,21.6,High
2024-10-26,1,P006,Coca-Cola 600ml,Beverages,South,71,121,127,119,40,10,Cloudy,0,37.62,High
2024-10-26,1,P007,Parle-G 800g,Snacks,South,68,78,82,82,65,0,Cloudy,1,60.3,High
2024-10-26,1,P008,Surf Excel 1kg,Cleaning,South,167,122,131,124,220,20,Stormy,0,230.79,High
2024-10-26,1,P009,Amul Butter 500g,Dairy,South,142,95,102,96,275,0,Sunny,0,260.97,High
2024-10-26,1,P010,Red Label Tea 500g,Beverages,South,227,132,139,134,255,5,Sunny,1,239.84,High
2024-10-27,1,P001,Amul Taaza Toned Milk 1L,Dairy,South,178,114,114,114,58,20,Stormy,1,60.51,High
2024-10-27,1,P002,Britannia Good Day 600g,Snacks,South,89,58,59,56,120,0,Rainy,0,130.71,High
2024-10-27,1,P003,Aashirvaad Atta 5kg,Staples,South,162,122,139,121,248,5,Rainy,0,269.55,High
2024-10-27,1,P004,Maggi 2-Minute Noodles,Snacks,South,144,151,153,153,48,0,Sunny,1,50.57,High
2024-10-27,1,P005,Tata Salt 1kg,Staples,South,257,66,81,68,22,5,Sunny,1,22.21,High
2024-10-27,1,P006,Coca-Cola 600ml,Beverages,South,214,111,115,113,40,0,Rainy,0,39.94,High
2024-10-27,1,P007,Parle-G 800g,Snacks,South,99,114,128,112,65,20,Sunny,1,69.04,High
2024-10-27,1,P008,Surf Excel 1kg,Cleaning,South,173,50,57,45,220,0,Rainy,0,199.39,High
2024-10-27,1,P009,Amul Butter 500g,Dairy,South,260,132,147,128,275,0,Stormy,0,270.82,High
2024-10-27,1,P010,Red Label Tea 500g,Beverages,South,80,39,47,41,255,15,Stormy,0,262.14,High
2024-10-28,1,P001,Amul Taaza Toned Milk 1L,Dairy,South,136,95,100,96,58,5,Stormy,0,54.46,High
2024-10-28,1,P002,Britannia Good Day 600g,Snacks,South,67,48,57,50,120,0,Rainy,0,117.85,High
2024-10-28,1,P003,Aashirvaad Atta 5kg,Staples,South,248,25,33,21,248,5,Stormy,1,272.03,High
2024-10-28,1,P004,Maggi 2-Minute Noodles,Snacks,South,223,66,73,66,48,5,Sunny,0,47.96,High
2024-10-28,1,P005,Tata Salt 1kg,Staples,South,105,87,102,83,22,15,Rainy,0,23.03,High
2024-10-28,1,P006,Coca-Cola 600ml,Beverages,South,72,38,43,37,40,0,Stormy,0,36.1,High
2024-10-28,1,P007,Parle-G 800g,Snacks,South,157,64,69,64,65,10,Sunny,0,69.05,High
2024-10-28,1,P008,Surf Excel 1kg,Cleaning,South,131,36,39,31,220,20,Stormy,0,223.04,High
2024-10-28,1,P009,Amul Butter 500g,Dairy,South,185,24,43,26,275,0,Sunny,0,257.33,High
2024-10-28,1,P010,Red Label Tea 500g,Beverages,South,283,100,103,103,255,20,Cloudy,0,246.33,High
2024-10-29,1,P001,Amul Taaza Toned Milk 1L,Dairy,South,103,52,66,47,58,20,Rainy,0,53.51,High
2024-10-29,1,P002,Britannia Good Day 600g,Snacks,South,189,20,26,19,120,20,Stormy,0,111.95,High
2024-10-29,1,P003,Aashirvaad Atta 5kg,Staples,South,153,76,86,79,248,20,Sunny,0,256.47,High
2024-10-29,1,P004,Maggi 2-Minute Noodles,Snacks,South,77,46,49,43,48,0,Cloudy,0,46.61,High
2024-10-29,1,P005,Tata Salt 1kg,Staples,South,142,76,84,73,22,5,Sunny,0,20.74,High
2024-10-29,1,P006,Coca-Cola 600ml,Beverages,South,251,89,106,91,40,0,Rainy,0,36.16,High
2024-10-29,1,P007,Parle-G 800g,Snacks,South,134,31,36,26,65,0,Stormy,1,69.31,High
2024-10-29,1,P008,Surf Excel 1kg,Cleaning,South,99,58,64,61,220,20,Stormy,0,207.87,High
2024-10-29,1,P009,Amul Butter 500g,Dairy,South,207,86,86,84,275,0,Stormy,0,263.98,High
2024-10-29,1,P010,Red Label Tea 500g,Beverages,South,190,29,30,32,255,20,Rainy,0,234.44,High
2024-10-30,1,P001,Amul Taaza Toned Milk 1L,Dairy,South,184,79,96,76,58,20,Stormy,0,54.54,High
2024-10-30,1,P002,Britannia Good Day 600g,Snacks,South,269,107,110,108,120,0,Rainy,0,114.66,High
2024-10-30,1,P003,Aashirvaad Atta 5kg,Staples,South,209,97,105,96,248,0,Rainy,0,238.16,High
2024-10-30,1,P004,Maggi 2-Minute Noodles,Snacks,South,87,55,67,57,48,5,Cloudy,0,51.45,High
2024-10-30,1,P005,Tata Salt 1kg,Staples,South,119,33,37,33,22,15,Rainy,0,20.07,High
2024-10-30,1,P006,Coca-Cola 600ml,Beverages,South,84,73,91,69,40,20,Cloudy,0,37.1,High
2024-10-30,1,P007,Parle-G 800g,Snacks,South,115,38,43,33,65,0,Stormy,0,69.17,High
2024-10-30,1,P008,Surf Excel 1kg,Cleaning,South,117,89,105,88,220,10,Sunny,1,213.08,High
2024-10-30,1,P009,Amul Butter 500g,Dairy,South,56,81,97,82,275,0,Stormy,0,277.83,High
2024-10-30,1,P010,Red Label Tea 500g,Beverages,South,292,83,88,87,255,10,Rainy,0,256.77,High
2024-10-31,1,P001,Amul Taaza Toned Milk 1L,Dairy,South,263,34,37,35,58,0,Rainy,0,62.17,High
2024-10-31,1,P002,Britannia Good Day 600g,Snacks,South,185,107,118,109,120,0,Stormy,0,131.97,High
2024-10-31,1,P003,Aashirvaad Atta 5kg,Staples,South,276,38,42,33,248,0,Rainy,0,234.64,High
2024-10-31,1,P004,Maggi 2-Minute Noodles,Snacks,South,133,67,78,64,48,0,Cloudy,1,47.12,High
2024-10-31,1,P005,Tata Salt 1kg,Staples,South,113,50,56,46,22,0,Cloudy,0,23.1,High
2024-10-31,1,P006,Coca-Cola 600ml,Beverages,South,208,65,81,68,40,0,Stormy,0,36.24,High
2024-10-31,1,P007,Parle-G 800g,Snacks,South,157,89,91,84,65,0,Stormy,0,59.27,High
2024-10-31,1,P008,Surf Excel 1kg,Cleaning,South,75,83,88,80,220,15,Stormy,0,239.68,High
2024-10-31,1,P009,Amul Butter 500g,Dairy,South,178,46,53,45,275,20,Stormy,0,253.29,High
2024-10-31,1,P010,Red Label Tea 500g,Beverages,South,214,108,121,111,255,20,Cloudy,0,272.33,High
2024-11-01,1,P001,Amul Taaza Toned Milk 1L,Dairy,South,149,66,75,70,58,20,Stormy,1,54.6,High
2024-11-01,1,P002,Britannia Good Day 600g,Snacks,South,139,93,107,97,120,0,Rainy,0,123.57,High
2024-11-01,1,P003,Aashirvaad Atta 5kg,Staples,South,298,52,57,52,248,0,Cloudy,0,241.97,High
2024-11-01,1,P004,Maggi 2-Minute Noodles,Snacks,South,222,95,113,94,48,20,Rainy,0,44.79,High
2024-11-01,1,P005,Tata Salt 1kg,Staples,South,65,105,120,105,22,0,Stormy,0,21.16,High
2024-11-01,1,P006,Coca-Cola 600ml,Beverages,South,147,98,111,100,40,15,Stormy,0,37.31,High
2024-11-01,1,P007,Parle-G 800g,Snacks,South,204,51,69,53,65,5,Stormy,0,62.49,High
2024-11-01,1,P008,Surf Excel 1kg,Cleaning,South,172,95,110,93,220,0,Stormy,0,239.8,High
2024-11-01,1,P009,Amul Butter 500g,Dairy,South,178,38,38,37,275,15,Stormy,0,259.1,High
2024-11-01,1,P010,Red Label Tea 500g,Beverages,South,235,112,124,114,255,5,Rainy,1,249.6,High
2024-11-02,1,P001,Amul Taaza Toned Milk 1L,Dairy,South,269,95,111,98,58,10,Cloudy,1,60.91,High
2024-11-02,1,P002,Britannia Good Day 600g,Snacks,South,162,143,160,144,120,20,Sunny,0,119.15,High
2024-11-02,1,P003,Aashirvaad Atta 5kg,Staples,South,120,64,65,67,248,5,Rainy,0,239.52,High
2024-11-02,1,P004,Maggi 2-Minute Noodles,Snacks,South,262,132,144,128,48,15,Cloudy,1,48.96,High
2024-11-02,1,P005,Tata Salt 1kg,Staples,South,247,131,133,132,22,0,Sunny,0,21.25,High
2024-11-02,1,P006,Coca-Cola 600ml,Beverages,South,285,149,168,151,40,0,Sunny,1,42.48,High
2024-11-02,1,P007,Parle-G 800g,Snacks,South,53,65,73,68,65,0,Sunny,0,65.23,High
2024-11-02,1,P008,Surf Excel 1kg,Cleaning,South,279,56,64,54,220,0,Rainy,0,240.83,High
2024-11-02,1,P009,Amul Butter 500g,Dairy,South,130,63,66,60,275,20,Rainy,0,296.0,High
2024-11-02,1,P010,Red Label Tea 500g,Beverages,South,191,64,65,60,255,10,Sunny,0,268.97,High
2024-11-03,1,P001,Amul Taaza Toned Milk 1L,Dairy,South,102,118,130,114,58,10,Stormy,0,54.56,High
2024-11-03,1,P002,Britannia Good Day 600g,Snacks,South,291,45,52,41,120,5,Stormy,1,124.35,High
2024-11-03,1,P003,Aashirvaad Atta 5kg,Staples,South,110,32,38,30,248,0,Rainy,0,243.28,High
2024-11-03,1,P004,Maggi 2-Minute Noodles,Snacks,South,95,73,85,71,48,10,Sunny,0,50.88,High
2024-11-03,1,P005,Tata Salt 1kg,Staples,South,117,124,143,128,22,15,Sunny,0,20.46,High
2024-11-03,1,P006,Coca-Cola 600ml,Beverages,South,143,114,114,109,40,20,Cloudy,1,40.76,High
2024-11-03,1,P007,Parle-G 800g,Snacks,South,284,94,112,93,65,0,Sunny,1,58.56,High
2024-11-03,1,P008,Surf Excel 1kg,Cleaning,South,91,51,51,48,220,10,Stormy,1,220.49,High
2024-11-03,1,P009,Amul Butter 500g,Dairy,South,257,64,71,66,275,15,Cloudy,1,297.16,High
2024-11-03,1,P010,Red Label Tea 500g,Beverages,South,233,84,95,79,255,0,Stormy,0,277.36,High
2024-11-04,1,P001,Amul Taaza Toned Milk 1L,Dairy,South,135,30,37,29,58,20,Cloudy,0,55.04,High
2024-11-04,1,P002,Britannia Good Day 600g,Snacks,South,271,32,45,32,120,0,Sunny,0,121.36,High
2024-11-04,1,P003,Aashirvaad Atta 5kg,Staples,South,137,74,85,71,248,20,Stormy,0,248.33,High
2024-11-04,1,P004,Maggi 2-Minute Noodles,Snacks,South,62,89,92,91,48,0,Rainy,0,44.64,High
2024-11-04,1,P005,Tata Salt 1kg,Staples,South,269,70,82,70,22,5,Sunny,0,22.85,High
2024-11-04,1,P006,Coca-Cola 600ml,Beverages,South,144,108,120,111,40,0,Sunny,0,41.6,High
2024-11-04,1,P007,Parle-G 800g,Snacks,South,262,112,115,112,65,0,Cloudy,1,67.85,High
2024-11-04,1,P008,Surf Excel 1kg,Cleaning,South,141,54,64,53,220,5,Rainy,1,211.15,High
2024-11-04,1,P009,Amul Butter 500g,Dairy,South,96,85,87,87,275,0,Sunny,1,290.5,High
2024-11-04,1,P010,Red Label Tea 500g,Beverages,South,63,34,47,32,255,0,Rainy,1,261.77,High
2024-11-05,1,P001,Amul Taaza Toned Milk 1L,Dairy,South,200,91,105,86,58,5,Rainy,0,60.9,High
2024-11-05,1,P002,Britannia Good Day 600g,Snacks,South,163,86,101,84,120,0,Rainy,0,121.04,High
2024-11-05,1,P003,Aashirvaad Atta 5kg,Staples,South,149,33,48,34,248,0,Sunny,1,259.54,High
2024-11-05,1,P004,Maggi 2-Minute Noodles,Snacks,South,136,81,86,85,48,20,Rainy,0,46.3,High
2024-11-05,1,P005,Tata Salt 1kg,Staples,South,241,71,89,68,22,5,Cloudy,0,23.44,High
2024-11-05,1,P006,Coca-Cola 600ml,Beverages,South,123,43,51,45,40,0,Cloudy,0,42.65,High
2024-11-05,1,P007,Parle-G 800g,Snacks,South,110,50,57,47,65,0,Rainy,0,67.49,High
2024-11-05,1,P008,Surf Excel 1kg,Cleaning,South,270,104,106,101,220,20,Sunny,0,225.29,High
2024-11-05,1,P009,Amul Butter 500g,Dairy,South,190,34,48,31,275,20,Stormy,0,299.39,High
2024-11-05,1,P010,Red Label Tea 500g,Beverages,South,291,45,55,40,255,0,Stormy,0,280.38,High
2024-11-06,1,P001,Amul Taaza Toned Milk 1L,Dairy,South,68,82,95,81,58,0,Cloudy,1,57.48,High
2024-11-06,1,P002,Britannia Good Day 600g,Snacks,South,292,45,57,46,120,15,Rainy,1,128.53,High
2024-11-06,1,P003,Aashirvaad Atta 5kg,Staples,South,143,79,97,76,248,20,Rainy,0,228.81,High
2024-11-06,1,P004,Maggi 2-Minute Noodles,Snacks,South,149,118,124,113,48,20,Rainy,1,48.48,High
2024-11-06,1,P005,Tata Salt 1kg,Staples,South,288,84,96,84,22,15,Rainy,0,21.3,High
2024-11-06,1,P006,Coca-Cola 600ml,Beverages,South,56,78,79,73,40,0,Cloudy,0,41.43,High
2024-11-06,1,P007,Parle-G 800g,Snacks,South,203,55,57,56,65,5,Sunny,0,71.07,High
2024-11-06,1,P008,Surf Excel 1kg,Cleaning,South,146,94,112,98,220,0,Rainy,0,233.69,High
2024-11-06,1,P009,Amul Butter 500g,Dairy,South,173,103,107,104,275,10,Cloudy,0,266.04,High
2024-11-06,1,P010,Red Label Tea 500g,Beverages,South,239,64,71,65,255,10,Cloudy,0,230.02,High
2024-11-07,1,P001,Amul Taaza Toned Milk 1L,Dairy,South,206,90,98,87,58,10,Sunny,0,58.04,High
2024-11-07,1,P002,Britannia Good Day 600g,Snacks,South,204,74,91,70,120,5,Sunny,0,116.0,High
2024-11-07,1,P003,Aashirvaad Atta 5kg,Staples,South,103,114,118,117,248,0,Cloudy,1,239.51,High
2024-11-07,1,P004,Maggi 2-Minute Noodles,Snacks,South,261,60,78,57,48,15,Sunny,0,44.82,High
2024-11-07,1,P005,Tata Salt 1kg,Staples,South,73,94,105,89,22,0,Rainy,0,20.39,High
2024-11-07,1,P006,Coca-Cola 600ml,Beverages,South,87,45,56,41,40,20,Rainy,0,40.69,High
2024-11-07,1,P007,Parle-G 800g,Snacks,South,97,59,71,54,65,0,Cloudy,0,69.99,High
2024-11-07,1,P008,Surf Excel 1kg,Cleaning,South,230,28,44,23,220,0,Sunny,0,232.96,High
2024-11-07,1,P009,Amul Butter 500g,Dairy,South,97,87,90,89,275,0,Stormy,0,291.75,High
2024-11-07,1,P010,Red Label Tea 500g,Beverages,South,152,99,117,102,255,0,Rainy,0,235.81,High
2024-11-08,1,P001,Amul Taaza Toned Milk 1L,Dairy,South,76,96,103,91,58,5,Rainy,0,57.23,High
2024-11-08,1,P002,Britannia Good Day 600g,Snacks,South,268,30,46,28,120,10,Cloudy,0,119.29,High
2024-11-08,1,P003,Aashirvaad Atta 5kg,Staples,South,195,58,59,62,248,0,Cloudy,0,244.39,High
2024-11-08,1,P004,Maggi 2-Minute Noodles,Snacks,South,181,91,97,93,48,15,Cloudy,0,51.03,High
2024-11-08,1,P005,Tata Salt 1kg,Staples,South,70,30,34,31,22,5,Cloudy,0,21.67,High
2024-11-08,1,P006,Coca-Cola 600ml,Beverages,South,267,75,86,70,40,0,Stormy,1,43.19,High
2024-11-08,1,P007,Parle-G 800g,Snacks,South,58,49,57,53,65,0,Rainy,0,66.85,High
2024-11-08,1,P008,Surf Excel 1kg,Cleaning,South,180,35,46,35,220,0,Stormy,0,230.0,High
2024-11-08,1,P009,Amul Butter 500g,Dairy,South,59,89,103,91,275,0,Stormy,0,296.02,High
2024-11-08,1,P010,Red Label Tea 500g,Beverages,South,258,42,59,39,255,10,Stormy,0,279.6,High
2024-11-09,1,P001,Amul Taaza Toned Milk 1L,Dairy,South,73,67,77,68,58,0,Cloudy,0,59.11,High
2024-11-09,1,P002,Britannia Good Day 600g,Snacks,South,143,92,96,89,120,0,Stormy,0,130.75,High
2024-11-09,1,P003,Aashirvaad Atta 5kg,Staples,South,102,125,136,121,248,15,Sunny,1,238.1,High
2024-11-09,1,P004,Maggi 2-Minute Noodles,Snacks,South,137,117,127,112,48,0,Stormy,0,47.07,High
2024-11-09,1,P005,Tata Salt 1kg,Staples,South,119,108,126,106,22,10,Rainy,0,20.26,High
2024-11-09,1,P006,Coca-Cola 600ml,Beverages,South,195,69,74,65,40,0,Stormy,0,39.27,High
2024-11-09,1,P007,Parle-G 800g,Snacks,South,120,124,133,126,65,15,Cloudy,0,68.05,High
2024-11-09,1,P008,Surf Excel 1kg,Cleaning,South,139,136,150,136,220,0,Cloudy,0,223.88,High
2024-11-09,1,P009,Amul Butter 500g,Dairy,South,144,51,52,48,275,5,Rainy,0,273.73,High
2024-11-09,1,P010,Red Label Tea 500g,Beverages,South,174,121,138,116,255,0,Cloudy,0,277.88,High
2024-11-10,1,P001,Amul Taaza Toned Milk 1L,Dairy,South,91,44,49,45,58,0,Cloudy,0,54.04,High
2024-11-10,1,P002,Britannia Good Day 600g,Snacks,South,279,57,61,54,120,0,Rainy,0,110.54,High
2024-11-10,1,P003,Aashirvaad Atta 5kg,Staples,South,287,43,61,40,248,20,Cloudy,1,251.7,High
2024-11-10,1,P004,Maggi 2-Minute Noodles,Snacks,South,87,53,67,54,48,0,Cloudy,0,47.94,High
2024-11-10,1,P005,Tata Salt 1kg,Staples,South,90,126,130,127,22,10,Stormy,1,22.92,High
2024-11-10,1,P006,Coca-Cola 600ml,Beverages,South,248,118,132,118,40,15,Cloudy,0,36.27,High
2024-11-10,1,P007,Parle-G 800g,Snacks,South,287,29,32,29,65,0,Stormy,0,64.17,High
2024-11-10,1,P008,Surf Excel 1kg,Cleaning,South,85,125,131,123,220,0,Cloudy,0,220.02,High
2024-11-10,1,P009,Amul Butter 500g,Dairy,South,249,46,60,46,275,0,Stormy,0,271.11,High
2024-11-10,1,P010,Red Label Tea 500g,Beverages,South,59,84,98,83,255,0,Stormy,0,265.28,High
2024-11-11,1,P001,Amul Taaza Toned Milk 1L,Dairy,South,279,53,67,52,58,10,Cloudy,0,62.86,High
2024-11-11,1,P002,Britannia Good Day 600g,Snacks,South,210,97,99,99,120,20,Stormy,0,123.84,High
2024-11-11,1,P003,Aashirvaad Atta 5kg,Staples,South,297,72,90,70,248,15,Cloudy,0,237.14,High
2024-11-11,1,P004,Maggi 2-Minute Noodles,Snacks,South,241,43,44,42,48,5,Stormy,0,49.54,High
2024-11-11,1,P005,Tata Salt 1kg,Staples,South,136,83,95,84,22,20,Sunny,1,19.87,High
2024-11-11,1,P006,Coca-Cola 600ml,Beverages,South,275,86,101,85,40,20,Cloudy,0,42.42,High
2024-11-11,1,P007,Parle-G 800g,Snacks,South,89,42,52,44,65,0,Cloudy,0,59.34,High
2024-11-11,1,P008,Surf Excel 1kg,Cleaning,South,155,87,94,85,220,10,Sunny,0,201.25,High
2024-11-11,1,P009,Amul Butter 500g,Dairy,South,237,58,74,62,275,5,Rainy,0,248.17,High
2024-11-11,1,P010,Red Label Tea 500g,Beverages,South,76,98,108,94,255,0,Stormy,1,275.22,High
2024-11-12,1,P001,Amul Taaza Toned Milk 1L,Dairy,South,285,75,84,72,58,10,Stormy,1,58.19,High
2024-11-12,1,P002,Britannia Good Day 600g,Snacks,South,239,54,68,52,120,15,Rainy,1,119.35,High
2024-11-12,1,P003,Aashirvaad Atta 5kg,Staples,South,214,92,101,91,248,5,Sunny,0,270.23,High
2024-11-12,1,P004,Maggi 2-Minute Noodles,Snacks,South,196,61,79,59,48,5,Rainy,1,44.52,High
2024-11-12,1,P005,Tata Salt 1kg,Staples,South,222,92,105,91,22,15,Cloudy,0,23.06,High
2024-11-12,1,P006,Coca-Cola 600ml,Beverages,South,287,74,91,72,40,0,Rainy,0,36.55,High
2024-11-12,1,P007,Parle-G 800g,Snacks,South,204,81,92,81,65,20,Rainy,0,65.07,High
2024-11-12,1,P008,Surf Excel 1kg,Cleaning,South,269,32,35,27,220,0,Stormy,0,226.96,High
2024-11-12,1,P009,Amul Butter 500g,Dairy,South,129,77,78,79,275,20,Rainy,0,297.51,High
2024-11-12,1,P010,Red Label Tea 500g,Beverages,South,56,108,123,112,255,5,Sunny,0,266.28,High
2024-11-13,1,P001,Amul Taaza Toned Milk 1L,Dairy,South,81,99,117,103,58,15,Cloudy,0,62.92,High
2024-11-13,1,P002,Britannia Good Day 600g,Snacks,South,110,42,47,38,120,15,Stormy,1,126.02,High
2024-11-13,1,P003,Aashirvaad Atta 5kg,Staples,South,244,44,60,40,248,0,Cloudy,1,251.83,High
2024-11-13,1,P004,Maggi 2-Minute Noodles,Snacks,South,213,100,107,97,48,20,Stormy,1,47.11,High
2024-11-13,1,P005,Tata Salt 1kg,Staples,South,161,52,71,52,22,5,Cloudy,0,21.67,High
2024-11-13,1,P006,Coca-Cola 600ml,Beverages,South,280,80,83,81,40,10,Rainy,1,42.61,High
2024-11-13,1,P007,Parle-G 800g,Snacks,South,166,61,78,65,65,10,Cloudy,0,65.0,High
2024-11-13,1,P008,Surf Excel 1kg,Cleaning,South,132,98,111,94,220,10,Sunny,0,234.47,High
2024-11-13,1,P009,Amul Butter 500g,Dairy,South,242,76,79,80,275,20,Rainy,0,263.8,High
2024-11-13,1,P010,Red Label Tea 500g,Beverages,South,177,74,81,70,255,10,Stormy,0,255.86,High
2024-11-14,1,P001,Amul Taaza Toned Milk 1L,Dairy,South,161,37,49,37,58,0,Sunny,1,59.66,High
2024-11-14,1,P002,Britannia Good Day 600g,Snacks,South,205,84,101,85,120,0,Stormy,0,130.52,High
2024-11-14,1,P003,Aashirvaad Atta 5kg,Staples,South,192,35,50,39,248,20,Rainy,0,256.56,High
2024-11-14,1,P004,Maggi 2-Minute Noodles,Snacks,South,108,101,115,97,48,20,Sunny,0,48.92,High
2024-11-14,1,P005,Tata Salt 1kg,Staples,South,280,72,79,69,22,0,Stormy,1,21.49,High
2024-11-14,1,P006,Coca-Cola 600ml,Beverages,South,259,90,90,88,40,0,Rainy,0,38.09,High
2024-11-14,1,P007,Parle-G 800g,Snacks,South,214,62,72,60,65,5,Sunny,1,62.86,High
2024-11-14,1,P008,Surf Excel 1kg,Cleaning,South,220,36,52,36,220,15,Cloudy,1,238.45,High
2024-11-14,1,P009,Amul Butter 500g,Dairy,South,198,48,62,47,275,15,Sunny,1,276.32,High
2024-11-14,1,P010,Red Label Tea 500g,Beverages,South,63,66,75,66,255,10,Rainy,0,238.54,High
2024-11-15,1,P001,Amul Taaza Toned Milk 1L,Dairy,South,271,77,78,75,58,0,Rainy,1,56.11,High
2024-11-15,1,P002,Britannia Good Day 600g,Snacks,South,55,36,40,37,120,0,Rainy,1,130.81,High
2024-11-15,1,P003,Aashirvaad Atta 5kg,Staples,South,209,63,70,63,248,0,Rainy,0,229.63,High
2024-11-15,1,P004,Maggi 2-Minute Noodles,Snacks,South,103,89,104,92,48,0,Sunny,0,43.58,High
2024-11-15,1,P005,Tata Salt 1kg,Staples,South,183,66,81,69,22,5,Stormy,0,21.62,High
2024-11-15,1,P006,Coca-Cola 600ml,Beverages,South,221,65,66,61,40,0,Cloudy,1,38.66,High
2024-11-15,1,P007,Parle-G 800g,Snacks,South,296,31,45,29,65,5,Sunny,0,68.08,High
2024-11-15,1,P008,Surf Excel 1kg,Cleaning,South,98,96,102,99,220,15,Cloudy,1,235.73,High
2024-11-15,1,P009,Amul Butter 500g,Dairy,South,122,45,51,40,275,5,Cloudy,0,255.58,High
2024-11-15,1,P010,Red Label Tea 500g,Beverages,South,58,96,108,97,255,0,Sunny,0,235.88,High
2024-11-16,1,P001,Amul Taaza Toned Milk 1L,Dairy,South,265,132,138,130,58,0,Stormy,0,52.57,High
2024-11-16,1,P002,Britannia Good Day 600g,Snacks,South,237,89,93,86,120,0,Sunny,1,114.88,High
2024-11-16,1,P003,Aashirvaad Atta 5kg,Staples,South,129,71,76,70,248,20,Sunny,0,225.44,High
2024-11-16,1,P004,Maggi 2-Minute Noodles,Snacks,South,277,91,96,92,48,0,Stormy,1,50.05,High
2024-11-16,1,P005,Tata Salt 1kg,Staples,South,293,141,152,142,22,0,Cloudy,0,20.83,High
2024-11-16,1,P006,Coca-Cola 600ml,Beverages,South,207,114,115,115,40,0,Sunny,0,39.98,High
2024-11-16,1,P007,Parle-G 800g,Snacks,South,170,53,53,52,65,15,Stormy,0,71.46,High
2024-11-16,1,P008,Surf Excel 1kg,Cleaning,South,90,42,45,43,220,20,Stormy,0,239.14,High
2024-11-16,1,P009,Amul Butter 500g,Dairy,South,217,112,125,111,275,0,Rainy,0,266.07,High
2024-11-16,1,P010,Red Label Tea 500g,Beverages,South,219,75,80,79,255,0,Stormy,0,272.87,High
2024-11-17,1,P001,Amul Taaza Toned Milk 1L,Dairy,South,287,43,62,40,58,20,Sunny,0,59.6,High
2024-11-17,1,P002,Britannia Good Day 600g,Snacks,South,94,55,69,50,120,0,Sunny,1,122.19,High
2024-11-17,1,P003,Aashirvaad Atta 5kg,Staples,South,194,84,90,84,248,10,Sunny,1,229.84,High
2024-11-17,1,P004,Maggi 2-Minute Noodles,Snacks,South,271,68,70,70,48,15,Rainy,0,47.12,High
2024-11-17,1,P005,Tata Salt 1kg,Staples,South,105,126,127,130,22,10,Rainy,0,20.2,High
2024-11-17,1,P006,Coca-Cola 600ml,Beverages,South,134,63,63,59,40,5,Rainy,0,43.36,High
2024-11-17,1,P007,Parle-G 800g,Snacks,South,296,91,97,90,65,0,Cloudy,1,62.92,High
2024-11-17,1,P008,Surf Excel 1kg,Cleaning,South,209,132,143,131,220,0,Stormy,0,230.67,High
2024-11-17,1,P009,Amul Butter 500g,Dairy,South,228,105,115,107,275,5,Cloudy,0,259.1,High
2024-11-17,1,P010,Red Label Tea 500g,Beverages,South,158,136,141,138,255,15,Cloudy,0,275.48,High
2024-11-18,1,P001,Amul Taaza Toned Milk 1L,Dairy,South,114,39,50,39,58,0,Cloudy,0,55.91,High
2024-11-18,1,P002,Britannia Good Day 600g,Snacks,South,213,58,73,59,120,0,Stormy,0,127.41,High
2024-11-18,1,P003,Aashirvaad Atta 5kg,Staples,South,253,43,56,46,248,0,Stormy,0,251.34,High
2024-11-18,1,P004,Maggi 2-Minute Noodles,Snacks,South,230,109,112,104,48,0,Rainy,0,44.91,High
2024-11-18,1,P005,Tata Salt 1kg,Staples,South,172,29,38,25,22,15,Stormy,1,20.56,High
2024-11-18,1,P006,Coca-Cola 600ml,Beverages,South,223,91,103,89,40,0,Cloudy,0,43.29,High
2024-11-18,1,P007,Parle-G 800g,Snacks,South,198,48,64,44,65,0,Sunny,1,60.12,High
2024-11-18,1,P008,Surf Excel 1kg,Cleaning,South,267,51,69,54,220,0,Cloudy,0,214.24,High
2024-11-18,1,P009,Amul Butter 500g,Dairy,South,137,77,85,72,275,20,Rainy,0,255.09,High
2024-11-18,1,P010,Red Label Tea 500g,Beverages,South,106,64,70,59,255,20,Sunny,0,240.71,High
2024-11-19,1,P001,Amul Taaza Toned Milk 1L,Dairy,South,173,108,115,108,58,0,Stormy,1,54.93,High
2024-11-19,1,P002,Britannia Good Day 600g,Snacks,South,248,109,128,111,120,0,Rainy,1,114.39,High
2024-11-19,1,P003,Aashirvaad Atta 5kg,Staples,South,168,34,34,31,248,15,Cloudy,0,257.04,High
2024-11-19,1,P004,Maggi 2-Minute Noodles,Snacks,South,186,48,60,45,48,20,Cloudy,1,46.43,High
2024-11-19,1,P005,Tata Salt 1kg,Staples,South,88,70,73,74,22,0,Sunny,0,23.71,High
2024-11-19,1,P006,Coca-Cola 600ml,Beverages,South,186,100,104,101,40,0,Cloudy,0,37.11,High
2024-11-19,1,P007,Parle-G 800g,Snacks,South,246,75,79,78,65,0,Rainy,0,62.3,High
2024-11-19,1,P008,Surf Excel 1kg,Cleaning,South,96,109,111,105,220,5,Stormy,1,208.22,High
2024-11-19,1,P009,Amul Butter 500g,Dairy,South,293,68,72,70,275,0,Stormy,0,271.3,High
2024-11-19,1,P010,Red Label Tea 500g,Beverages,South,178,112,119,111,255,0,Stormy,0,274.93,High
2024-11-20,1,P001,Amul Taaza Toned Milk 1L,Dairy,South,184,38,41,42,58,5,Rainy,0,56.35,High
2024-11-20,1,P002,Britannia Good Day 600g,Snacks,South,95,35,41,39,120,0,Cloudy,1,115.44,High
2024-11-20,1,P003,Aashirvaad Atta 5kg,Staples,South,271,81,82,82,248,0,Stormy,0,265.12,High
2024-11-20,1,P004,Maggi 2-Minute Noodles,Snacks,South,174,70,73,74,48,0,Sunny,0,45.31,High
2024-11-20,1,P005,Tata Salt 1kg,Staples,South,192,76,95,78,22,5,Sunny,0,21.08,High
2024-11-20,1,P006,Coca-Cola 600ml,Beverages,South,81,96,115,92,40,10,Rainy,1,41.72,High
2024-11-20,1,P007,Parle-G 800g,Snacks,South,111,107,113,104,65,10,Rainy,0,70.54,High
2024-11-20,1,P008,Surf Excel 1kg,Cleaning,South,132,29,39,31,220,0,Sunny,0,224.86,High
2024-11-20,1,P009,Amul Butter 500g,Dairy,South,125,47,53,51,275,0,Cloudy,0,248.09,High
2024-11-20,1,P010,Red Label Tea 500g,Beverages,South,185,29,34,26,255,15,Cloudy,0,267.5,High
2024-11-21,1,P001,Amul Taaza Toned Milk 1L,Dairy,South,64,83,99,79,58,20,Cloudy,1,54.35,High
2024-11-21,1,P002,Britannia Good Day 600g,Snacks,South,275,69,83,67,120,0,Rainy,0,109.99,High
2024-11-21,1,P003,Aashirvaad Atta 5kg,Staples,South,195,99,102,94,248,0,Stormy,0,261.65,High
2024-11-21,1,P004,Maggi 2-Minute Noodles,Snacks,South,131,90,98,94,48,10,Rainy,0,45.49,High
2024-11-21,1,P005,Tata Salt 1kg,Staples,South,284,40,55,38,22,15,Rainy,0,23.12,High
2024-11-21,1,P006,Coca-Cola 600ml,Beverages,South,121,34,52,33,40,0,Rainy,0,39.79,High
2024-11-21,1,P007,Parle-G 800g,Snacks,South,159,68,72,64,65,20,Stormy,0,61.16,High
2024-11-21,1,P008,Surf Excel 1kg,Cleaning,South,94,71,78,73,220,10,Rainy,0,237.44,High
2024-11-21,1,P009,Amul Butter 500g,Dairy,South,85,60,74,57,275,0,Sunny,0,248.64,High
2024-11-21,1,P010,Red Label Tea 500g,Beverages,South,194,67,71,63,255,0,Stormy,0,270.15,High
2024-11-22,1,P001,Amul Taaza Toned Milk 1L,Dairy,South,249,93,93,95,58,15,Stormy,0,61.59,High
2024-11-22,1,P002,Britannia Good Day 600g,Snacks,South,156,74,78,78,120,10,Rainy,1,117.97,High
2024-11-22,1,P003,Aashirvaad Atta 5kg,Staples,South,276,35,45,34,248,0,Rainy,0,232.76,High
2024-11-22,1,P004,Maggi 2-Minute Noodles,Snacks,South,140,64,65,66,48,10,Cloudy,0,46.77,High
2024-11-22,1,P005,Tata Salt 1kg,Staples,South,220,74,89,72,22,0,Stormy,1,21.69,High
2024-11-22,1,P006,Coca-Cola 600ml,Beverages,South,289,45,59,42,40,0,Rainy,0,40.28,High
2024-11-22,1,P007,Parle-G 800g,Snacks,South,292,49,58,51,65,5,Sunny,0,63.35,High
2024-11-22,1,P008,Surf Excel 1kg,Cleaning,South,273,56,75,56,220,0,Cloudy,1,208.59,High
2024-11-22,1,P009,Amul Butter 500g,Dairy,South,83,60,78,60,275,0,Stormy,0,254.98,High
2024-11-22,1,P010,Red Label Tea 500g,Beverages,South,89,42,50,41,255,15,Cloudy,0,245.37,High
2024-11-23,1,P001,Amul Taaza Toned Milk 1L,Dairy,South,207,118,133,113,58,0,Rainy,1,62.91,High
2024-11-23,1,P002,Britannia Good Day 600g,Snacks,South,131,116,118,118,120,0,Stormy,0,130.67,High
2024-11-23,1,P003,Aashirvaad Atta 5kg,Staples,South,74,117,130,120,248,5,Rainy,0,255.97,High
2024-11-23,1,P004,Maggi 2-Minute Noodles,Snacks,South,63,141,159,141,48,0,Rainy,1,48.38,High
2024-11-23,1,P005,Tata Salt 1kg,Staples,South,234,106,119,107,22,20,Stormy,0,22.23,High
2024-11-23,1,P006,Coca-Cola 600ml,Beverages,South,125,74,91,72,40,20,Sunny,1,42.0,High
2024-11-23,1,P007,Parle-G 800g,Snacks,South,72,95,96,94,65,0,Cloudy,1,62.11,High
2024-11-23,1,P008,Surf Excel 1kg,Cleaning,South,276,49,63,48,220,5,Cloudy,0,205.59,High
2024-11-23,1,P009,Amul Butter 500g,Dairy,South,152,59,69,54,275,0,Stormy,0,271.54,High
2024-11-23,1,P010,Red Label Tea 500g,Beverages,South,84,121,125,122,255,0,Stormy,0,265.77,High
2024-11-24,1,P001,Amul Taaza Toned Milk 1L,Dairy,South,238,140,152,139,58,20,Stormy,1,60.28,High
2024-11-24,1,P002,Britannia Good Day 600g,Snacks,South,150,74,89,77,120,0,Sunny,0,131.13,High
2024-11-24,1,P003,Aashirvaad Atta 5kg,Staples,South,161,84,97,83,248,0,Cloudy,0,233.72,High
2024-11-24,1,P004,Maggi 2-Minute Noodles,Snacks,South,239,48,49,47,48,0,Sunny,0,46.0,High
2024-11-24,1,P005,Tata Salt 1kg,Staples,South,216,58,64,60,22,20,Stormy,0,19.91,High
2024-11-24,1,P006,Coca-Cola 600ml,Beverages,South,51,77,91,81,40,0,Sunny,0,40.97,High
2024-11-24,1,P007,Parle-G 800g,Snacks,South,292,64,80,64,65,5,Cloudy,0,66.92,High
2024-11-24,1,P008,Surf Excel 1kg,Cleaning,South,80,45,56,40,220,0,Stormy,0,221.09,High
2024-11-24,1,P009,Amul Butter 500g,Dairy,South,104,75,77,72,275,10,Rainy,0,294.93,High
2024-11-24,1,P010,Red Label Tea 500g,Beverages,South,269,122,122,117,255,0,Cloudy,0,257.87,High
2024-11-25,1,P001,Amul Taaza Toned Milk 1L,Dairy,South,295,27,31,25,58,20,Sunny,1,63.75,High
2024-11-25,1,P002,Britannia Good Day 600g,Snacks,South,272,98,102,102,120,0,Rainy,0,128.6,High
2024-11-25,1,P003,Aashirvaad Atta 5kg,Staples,South,55,91,95,86,248,20,Stormy,1,267.55,High
2024-11-25,1,P004,Maggi 2-Minute Noodles,Snacks,South,101,95,108,91,48,10,Cloudy,0,48.31,High
2024-11-25,1,P005,Tata Salt 1kg,Staples,South,116,31,39,29,22,20,Stormy,0,21.2,High
2024-11-25,1,P006,Coca-Cola 600ml,Beverages,South,184,50,56,52,40,20,Rainy,0,40.55,High
2024-11-25,1,P007,Parle-G 800g,Snacks,South,141,66,69,62,65,0,Cloudy,0,58.63,High
2024-11-25,1,P008,Surf Excel 1kg,Cleaning,South,227,37,51,38,220,0,Rainy,0,210.03,High
2024-11-25,1,P009,Amul Butter 500g,Dairy,South,188,48,52,44,275,20,Stormy,1,286.89,High
2024-11-25,1,P010,Red Label Tea 500g,Beverages,South,187,99,105,98,255,10,Rainy,0,265.36,High
2024-11-26,1,P001,Amul Taaza Toned Milk 1L,Dairy,South,60,22,41,26,58,20,Rainy,0,62.03,High
2024-11-26,1,P002,Britannia Good Day 600g,Snacks,South,60,88,104,90,120,0,Stormy,0,119.65,High
2024-11-26,1,P003,Aashirvaad Atta 5kg,Staples,South,282,56,58,52,248,0,Rainy,0,269.07,High
2024-11-26,1,P004,Maggi 2-Minute Noodles,Snacks,South,143,102,118,98,48,20,Cloudy,0,51.85,High
2024-11-26,1,P005,Tata Salt 1kg,Staples,South,112,77,90,75,22,0,Sunny,0,20.31,High
2024-11-26,1,P006,Coca-Cola 600ml,Beverages,South,189,102,109,101,40,10,Stormy,0,37.74,High
2024-11-26,1,P007,Parle-G 800g,Snacks,South,99,30,36,33,65,5,Rainy,1,64.12,High
2024-11-26,1,P008,Surf Excel 1kg,Cleaning,South,174,108,119,105,220,15,Rainy,1,202.51,High
2024-11-26,1,P009,Amul Butter 500g,Dairy,South,100,51,67,47,275,5,Sunny,1,295.43,High
2024-11-26,1,P010,Red Label Tea 500g,Beverages,South,293,25,25,28,255,0,Rainy,0,276.43,High
2024-11-27,1,P001,Amul Taaza Toned Milk 1L,Dairy,South,168,64,83,62,58,0,Stormy,0,61.72,High
2024-11-27,1,P002,Britannia Good Day 600g,Snacks,South,192,58,74,55,120,0,Rainy,0,127.4,High
2024-11-27,1,P003,Aashirvaad Atta 5kg,Staples,South,95,94,99,98,248,0,Rainy,1,272.37,High
2024-11-27,1,P004,Maggi 2-Minute Noodles,Snacks,South,225,76,78,74,48,0,Stormy,0,44.77,High
2024-11-27,1,P005,Tata Salt 1kg,Staples,South,115,82,97,83,22,0,Rainy,0,20.4,High
2024-11-27,1,P006,Coca-Cola 600ml,Beverages,South,268,113,113,108,40,5,Sunny,1,42.71,High
2024-11-27,1,P007,Parle-G 800g,Snacks,South,208,44,56,44,65,0,Rainy,0,59.06,High
2024-11-27,1,P008,Surf Excel 1kg,Cleaning,South,132,53,55,57,220,20,Sunny,1,225.45,High
2024-11-27,1,P009,Amul Butter 500g,Dairy,South,141,85,102,82,275,20,Stormy,0,256.77,High
2024-11-27,1,P010,Red Label Tea 500g,Beverages,South,85,103,118,107,255,10,Sunny,1,243.2,High
2024-11-28,1,P001,Amul Taaza Toned Milk 1L,Dairy,South,285,48,62,46,58,0,Stormy,0,62.59,High
2024-11-28,1,P002,Britannia Good Day 600g,Snacks,South,108,70,75,72,120,10,Stormy,1,121.79,High
2024-11-28,1,P003,Aashirvaad Atta 5kg,Staples,South,100,60,60,59,248,0,Cloudy,0,225.52,High
2024-11-28,1,P004,Maggi 2-Minute Noodles,Snacks,South,189,67,81,67,48,5,Cloudy,0,44.97,High
2024-11-28,1,P005,Tata Salt 1kg,Staples,South,247,50,60,47,22,10,Sunny,0,22.71,High
2024-11-28,1,P006,Coca-Cola 600ml,Beverages,South,232,38,46,39,40,0,Rainy,0,40.79,High
2024-11-28,1,P007,Parle-G 800g,Snacks,South,255,82,98,78,65,20,Rainy,1,63.51,High
2024-11-28,1,P008,Surf Excel 1kg,Cleaning,South,185,63,72,66,220,0,Rainy,1,232.56,High
2024-11-28,1,P009,Amul Butter 500g,Dairy,South,179,55,63,58,275,0,Sunny,0,286.66,High
2024-11-28,1,P010,Red Label Tea 500g,Beverages,South,143,58,71,56,255,0,Sunny,0,265.68,High
2024-11-29,1,P001,Amul Taaza Toned Milk 1L,Dairy,South,256,81,98,84,58,15,Stormy,0,62.53,High
2024-11-29,1,P002,Britannia Good Day 600g,Snacks,South,56,35,41,33,120,5,Cloudy,0,118.21,High
2024-11-29,1,P003,Aashirvaad Atta 5kg,Staples,South,250,46,50,44,248,20,Sunny,1,251.63,High
2024-11-29,1,P004,Maggi 2-Minute Noodles,Snacks,South,105,55,72,57,48,10,Stormy,1,48.68,High
2024-11-29,1,P005,Tata Salt 1kg,Staples,South,175,110,120,106,22,15,Stormy,0,22.84,High
2024-11-29,1,P006,Coca-Cola 600ml,Beverages,South,205,25,32,23,40,10,Sunny,0,38.29,High
2024-11-29,1,P007,Parle-G 800g,Snacks,South,150,81,87,82,65,15,Rainy,0,65.32,High
2024-11-29,1,P008,Surf Excel 1kg,Cleaning,South,270,51,60,52,220,5,Stormy,0,239.71,High
2024-11-29,1,P009,Amul Butter 500g,Dairy,South,191,49,51,53,275,0,Rainy,0,295.04,High
2024-11-29,1,P010,Red Label Tea 500g,Beverages,South,295,44,46,45,255,0,Stormy,0,260.23,High
2024-11-30,1,P001,Amul Taaza Toned Milk 1L,Dairy,South,75,61,64,64,58,15,Cloudy,0,63.02,High
2024-11-30,1,P002,Britannia Good Day 600g,Snacks,South,60,97,116,95,120,20,Stormy,0,126.64,High
2024-11-30,1,P003,Aashirvaad Atta 5kg,Staples,South,219,49,68,52,248,20,Cloudy,1,229.82,High
2024-11-30,1,P004,Maggi 2-Minute Noodles,Snacks,South,213,47,51,42,48,20,Stormy,1,52.33,High
2024-11-30,1,P005,Tata Salt 1kg,Staples,South,187,66,70,70,22,15,Sunny,0,20.13,High
2024-11-30,1,P006,Coca-Cola 600ml,Beverages,South,294,128,132,129,40,20,Rainy,0,42.44,High
2024-11-30,1,P007,Parle-G 800g,Snacks,South,167,54,71,51,65,5,Cloudy,1,66.75,High
2024-11-30,1,P008,Surf Excel 1kg,Cleaning,South,283,138,138,135,220,0,Sunny,0,208.72,High
2024-11-30,1,P009,Amul Butter 500g,Dairy,South,223,106,116,106,275,10,Rainy,0,286.7,High
2024-11-30,1,P010,Red Label Tea 500g,Beverages,South,151,118,136,113,255,10,Stormy,0,252.67,High
2024-12-01,1,P001,Amul Taaza Toned Milk 1L,Dairy,South,94,37,46,38,58,15,Rainy,0,52.73,High
2024-12-01,1,P002,Britannia Good Day 600g,Snacks,South,67,57,67,58,120,20,Rainy,0,108.56,High
2024-12-01,1,P003,Aashirvaad Atta 5kg,Staples,South,220,88,103,84,248,15,Stormy,0,268.44,High
2024-12-01,1,P004,Maggi 2-Minute Noodles,Snacks,South,179,87,89,90,48,0,Stormy,0,50.0,High
2024-12-01,1,P005,Tata Salt 1kg,Staples,South,264,110,116,105,22,5,Stormy,0,22.73,High
2024-12-01,1,P006,Coca-Cola 600ml,Beverages,South,172,73,74,75,40,0,Cloudy,0,43.88,High
2024-12-01,1,P007,Parle-G 800g,Snacks,South,289,66,84,66,65,5,Rainy,0,69.78,High
2024-12-01,1,P008,Surf Excel 1kg,Cleaning,South,64,104,122,101,220,20,Rainy,0,201.96,High
2024-12-01,1,P009,Amul Butter 500g,Dairy,South,292,91,97,95,275,5,Stormy,0,263.03,High
2024-12-01,1,P010,Red Label Tea 500g,Beverages,South,107,119,138,118,255,5,Stormy,0,276.3,High
2024-12-02,1,P001,Amul Taaza Toned Milk 1L,Dairy,South,152,52,59,50,58,5,Stormy,1,54.35,High
2024-12-02,1,P002,Britannia Good Day 600g,Snacks,South,122,110,121,109,120,20,Sunny,0,128.6,High
2024-12-02,1,P003,Aashirvaad Atta 5kg,Staples,South,75,76,86,74,248,15,Stormy,0,269.2,High
2024-12-02,1,P004,Maggi 2-Minute Noodles,Snacks,South,71,42,48,44,48,0,Stormy,0,45.53,High
2024-12-02,1,P005,Tata Salt 1kg,Staples,South,176,45,50,44,22,0,Sunny,1,21.48,High
2024-12-02,1,P006,Coca-Cola 600ml,Beverages,South,277,79,98,81,40,0,Sunny,0,42.89,High
2024-12-02,1,P007,Parle-G 800g,Snacks,South,150,37,54,41,65,15,Sunny,0,70.55,High
2024-12-02,1,P008,Surf Excel 1kg,Cleaning,South,172,82,95,85,220,0,Cloudy,0,212.44,High
2024-12-02,1,P009,Amul Butter 500g,Dairy,South,177,73,85,77,275,15,Cloudy,1,262.55,High
2024-12-02,1,P010,Red Label Tea 500g,Beverages,South,260,100,102,99,255,0,Sunny,0,241.07,High
2024-12-03,1,P001,Amul Taaza Toned Milk 1L,Dairy,South,198,62,75,60,58,10,Stormy,1,60.1,High
2024-12-03,1,P002,Britannia Good Day 600g,Snacks,South,133,33,37,33,120,20,Rainy,1,115.28,High
2024-12-03,1,P003,Aashirvaad Atta 5kg,Staples,South,241,91,99,89,248,5,Cloudy,0,258.78,High
2024-12-03,1,P004,Maggi 2-Minute Noodles,Snacks,South,194,78,89,76,48,0,Cloudy,0,48.03,High
2024-12-03,1,P005,Tata Salt 1kg,Staples,South,164,57,71,57,22,15,Sunny,0,21.02,High
2024-12-03,1,P006,Coca-Cola 600ml,Beverages,South,55,28,36,26,40,15,Cloudy,0,39.74,High
2024-12-03,1,P007,Parle-G 800g,Snacks,South,172,91,94,94,65,15,Cloudy,0,66.42,High
2024-12-03,1,P008,Surf Excel 1kg,Cleaning,South,240,78,79,74,220,0,Sunny,0,233.78,High
2024-12-03,1,P009,Amul Butter 500g,Dairy,South,82,84,92,80,275,0,Stormy,0,255.53,High
2024-12-03,1,P010,Red Label Tea 500g,Beverages,South,240,67,84,70,255,20,Sunny,0,277.79,High
2024-12-04,1,P001,Amul Taaza Toned Milk 1L,Dairy,South,113,97,116,96,58,15,Sunny,0,54.9,High
2024-12-04,1,P002,Britannia Good Day 600g,Snacks,South,122,101,105,102,120,0,Stormy,0,117.63,High
2024-12-04,1,P003,Aashirvaad Atta 5kg,Staples,South,140,29,33,25,248,0,Rainy,1,229.84,High
2024-12-04,1,P004,Maggi 2-Minute Noodles,Snacks,South,203,84,89,82,48,15,Rainy,0,44.27,High
2024-12-04,1,P005,Tata Salt 1kg,Staples,South,200,35,38,35,22,0,Cloudy,0,20.97,High
2024-12-04,1,P006,Coca-Cola 600ml,Beverages,South,76,89,92,87,40,0,Sunny,0,37.85,High
2024-12-04,1,P007,Parle-G 800g,Snacks,South,189,87,97,82,65,0,Sunny,0,62.95,High
2024-12-04,1,P008,Surf Excel 1kg,Cleaning,South,185,50,63,48,220,15,Stormy,1,234.28,High
2024-12-04,1,P009,Amul Butter 500g,Dairy,South,65,93,112,90,275,10,Stormy,0,289.3,High
2024-12-04,1,P010,Red Label Tea 500g,Beverages,South,160,113,120,115,255,15,Cloudy,1,276.35,High
2024-12-05,1,P001,Amul Taaza Toned Milk 1L,Dairy,South,193,47,56,44,58,20,Cloudy,0,60.59,High
2024-12-05,1,P002,Britannia Good Day 600g,Snacks,South,245,82,87,84,120,0,Rainy,1,127.05,High
2024-12-05,1,P003,Aashirvaad Atta 5kg,Staples,South,294,87,104,83,248,10,Stormy,0,261.33,High
2024-12-05,1,P004,Maggi 2-Minute Noodles,Snacks,South,137,59,77,54,48,10,Cloudy,1,47.68,High
2024-12-05,1,P005,Tata Salt 1kg,Staples,South,102,64,76,68,22,15,Rainy,0,22.31,High
2024-12-05,1,P006,Coca-Cola 600ml,Beverages,South,285,47,59,43,40,0,Stormy,0,37.53,High
2024-12-05,1,P007,Parle-G 800g,Snacks,South,193,79,89,75,65,5,Stormy,0,61.9,High
2024-12-05,1,P008,Surf Excel 1kg,Cleaning,South,124,84,101,79,220,0,Stormy,0,226.62,High
2024-12-05,1,P009,Amul Butter 500g,Dairy,South,272,113,121,117,275,10,Sunny,0,277.41,High
2024-12-05,1,P010,Red Label Tea 500g,Beverages,South,161,45,50,48,255,0,Cloudy,0,274.46,High
2024-12-06,1,P001,Amul Taaza Toned Milk 1L,Dairy,South,241,109,116,108,58,0,Stormy,0,57.8,High
2024-12-06,1,P002,Britannia Good Day 600g,Snacks,South,210,88,93,83,120,5,Stormy,0,128.3,High
2024-12-06,1,P003,Aashirvaad Atta 5kg,Staples,South,98,47,57,44,248,20,Cloudy,0,240.26,High
2024-12-06,1,P004,Maggi 2-Minute Noodles,Snacks,South,173,24,38,22,48,15,Stormy,1,46.45,High
2024-12-06,1,P005,Tata Salt 1kg,Staples,South,125,113,128,113,22,5,Cloudy,0,20.1,High
2024-12-06,1,P006,Coca-Cola 600ml,Beverages,South,122,91,97,86,40,0,Cloudy,1,41.56,High
2024-12-06,1,P007,Parle-G 800g,Snacks,South,274,40,41,37,65,0,Stormy,1,67.76,High
2024-12-06,1,P008,Surf Excel 1kg,Cleaning,South,103,98,109,101,220,15,Sunny,0,226.92,High
2024-12-06,1,P009,Amul Butter 500g,Dairy,South,175,92,107,95,275,0,Rainy,1,285.58,High
2024-12-06,1,P010,Red Label Tea 500g,Beverages,South,196,98,108,101,255,20,Rainy,0,237.12,High
2024-12-07,1,P001,Amul Taaza Toned Milk 1L,Dairy,South,79,88,91,84,58,15,Sunny,0,58.95,High
2024-12-07,1,P002,Britannia Good Day 600g,Snacks,South,211,117,122,112,120,20,Stormy,1,108.43,High
2024-12-07,1,P003,Aashirvaad Atta 5kg,Staples,South,169,100,118,100,248,0,Sunny,1,252.46,High
2024-12-07,1,P004,Maggi 2-Minute Noodles,Snacks,South,108,81,99,83,48,0,Rainy,1,49.77,High
2024-12-07,1,P005,Tata Salt 1kg,Staples,South,56,92,109,88,22,0,Sunny,0,23.2,High
2024-12-07,1,P006,Coca-Cola 600ml,Beverages,South,133,83,96,87,40,0,Rainy,0,38.94,High
2024-12-07,1,P007,Parle-G 800g,Snacks,South,105,100,109,97,65,0,Stormy,0,64.24,High
2024-12-07,1,P008,Surf Excel 1kg,Cleaning,South,236,111,130,109,220,0,Stormy,0,224.7,High
2024-12-07,1,P009,Amul Butter 500g,Dairy,South,142,40,48,38,275,0,Cloudy,0,274.86,High
2024-12-07,1,P010,Red Label Tea 500g,Beverages,South,63,130,132,126,255,0,Rainy,0,252.56,High
2024-12-08,1,P001,Amul Taaza Toned Milk 1L,Dairy,South,74,134,150,129,58,0,Sunny,0,58.41,High
2024-12-08,1,P002,Britannia Good Day 600g,Snacks,South,69,103,120,107,120,0,Sunny,1,112.29,High
2024-12-08,1,P003,Aashirvaad Atta 5kg,Staples,South,64,76,91,74,248,15,Stormy,0,238.85,High
2024-12-08,1,P004,Maggi 2-Minute Noodles,Snacks,South,115,60,70,57,48,10,Rainy,0,51.16,High
2024-12-08,1,P005,Tata Salt 1kg,Staples,South,86,52,57,48,22,15,Cloudy,0,22.58,High
2024-12-08,1,P006,Coca-Cola 600ml,Beverages,South,58,54,66,52,40,10,Cloudy,0,40.86,High
2024-12-08,1,P007,Parle-G 800g,Snacks,South,138,123,126,127,65,0,Sunny,0,59.54,High
2024-12-08,1,P008,Surf Excel 1kg,Cleaning,South,252,32,43,35,220,20,Sunny,0,228.12,High
2024-12-08,1,P009,Amul Butter 500g,Dairy,South,276,52,69,55,275,5,Stormy,0,266.81,High
2024-12-08,1,P010,Red Label Tea 500g,Beverages,South,293,66,78,70,255,20,Sunny,0,234.35,High
2024-12-09,1,P001,Amul Taaza Toned Milk 1L,Dairy,South,196,59,64,60,58,20,Rainy,0,60.67,High
2024-12-09,1,P002,Britannia Good Day 600g,Snacks,South,223,96,115,92,120,0,Rainy,0,108.47,High
2024-12-09,1,P003,Aashirvaad Atta 5kg,Staples,South,226,99,107,96,248,20,Sunny,0,249.89,High
2024-12-09,1,P004,Maggi 2-Minute Noodles,Snacks,South,89,57,59,57,48,10,Rainy,0,48.86,High
2024-12-09,1,P005,Tata Salt 1kg,Staples,South,107,50,65,45,22,5,Cloudy,0,23.53,High
2024-12-09,1,P006,Coca-Cola 600ml,Beverages,South,75,22,22,17,40,0,Cloudy,0,36.32,High
2024-12-09,1,P007,Parle-G 800g,Snacks,South,275,58,66,56,65,5,Cloudy,0,62.07,High
2024-12-09,1,P008,Surf Excel 1kg,Cleaning,South,158,81,81,77,220,5,Stormy,1,230.27,High
2024-12-09,1,P009,Amul Butter 500g,Dairy,South,277,94,97,97,275,15,Stormy,0,283.98,High
2024-12-09,1,P010,Red Label Tea 500g,Beverages,South,104,81,87,76,255,0,Cloudy,0,275.72,High
2024-12-10,1,P001,Amul Taaza Toned Milk 1L,Dairy,South,161,93,107,90,58,15,Sunny,0,58.6,High
2024-12-10,1,P002,Britannia Good Day 600g,Snacks,South,246,40,47,42,120,15,Rainy,0,117.72,High
2024-12-10,1,P003,Aashirvaad Atta 5kg,Staples,South,283,51,63,49,248,15,Rainy,0,233.59,High
2024-12-10,1,P004,Maggi 2-Minute Noodles,Snacks,South,78,21,31,25,48,5,Rainy,0,48.53,High
2024-12-10,1,P005,Tata Salt 1kg,Staples,South,236,58,77,56,22,15,Sunny,1,19.96,High
2024-12-10,1,P006,Coca-Cola 600ml,Beverages,South,127,88,92,88,40,10,Stormy,1,43.65,High
2024-12-10,1,P007,Parle-G 800g,Snacks,South,72,79,92,80,65,0,Sunny,0,69.11,High
2024-12-10,1,P008,Surf Excel 1kg,Cleaning,South,286,103,111,98,220,0,Sunny,1,213.52,High
2024-12-10,1,P009,Amul Butter 500g,Dairy,South,288,60,79,58,275,0,Sunny,0,295.12,High
2024-12-10,1,P010,Red Label Tea 500g,Beverages,South,251,71,85,68,255,0,Cloudy,0,277.0,High
2024-12-11,1,P001,Amul Taaza Toned Milk 1L,Dairy,South,61,72,74,73,58,10,Stormy,0,59.35,High
2024-12-11,1,P002,Britannia Good Day 600g,Snacks,South,230,104,111,99,120,0,Stormy,0,110.93,High
2024-12-11,1,P003,Aashirvaad Atta 5kg,Staples,South,213,108,115,112,248,20,Rainy,0,233.52,High
2024-12-11,1,P004,Maggi 2-Minute Noodles,Snacks,South,158,76,94,73,48,0,Rainy,0,51.87,High
2024-12-11,1,P005,Tata Salt 1kg,Staples,South,182,74,89,77,22,5,Cloudy,0,20.28,High
2024-12-11,1,P006,Coca-Cola 600ml,Beverages,South,211,51,66,51,40,0,Rainy,0,42.51,High
2024-12-11,1,P007,Parle-G 800g,Snacks,South,242,62,77,60,65,0,Cloudy,1,68.76,High
2024-12-11,1,P008,Surf Excel 1kg,Cleaning,South,258,81,84,79,220,15,Cloudy,0,230.82,High
2024-12-11,1,P009,Amul Butter 500g,Dairy,South,289,46,55,44,275,0,Cloudy,0,292.41,High
2024-12-11,1,P010,Red Label Tea 500g,Beverages,South,71,49,66,48,255,0,Sunny,1,280.16,High
2024-12-12,1,P001,Amul Taaza Toned Milk 1L,Dairy,South,132,49,56,46,58,10,Cloudy,0,60.17,High
2024-12-12,1,P002,Britannia Good Day 600g,Snacks,South,122,31,32,27,120,5,Rainy,0,115.12,High
2024-12-12,1,P003,Aashirvaad Atta 5kg,Staples,South,158,42,45,45,248,20,Cloudy,1,260.99,High
2024-12-12,1,P004,Maggi 2-Minute Noodles,Snacks,South,293,36,36,34,48,20,Rainy,0,45.4,High
2024-12-12,1,P005,Tata Salt 1kg,Staples,South,233,94,100,97,22,0,Stormy,0,21.28,High
2024-12-12,1,P006,Coca-Cola 600ml,Beverages,South,261,111,119,107,40,15,Stormy,0,39.79,High
2024-12-12,1,P007,Parle-G 800g,Snacks,South,279,58,66,53,65,20,Sunny,1,62.18,High
2024-12-12,1,P008,Surf Excel 1kg,Cleaning,South,196,23,27,27,220,5,Sunny,0,239.35,High
2024-12-12,1,P009,Amul Butter 500g,Dairy,South,218,94,109,94,275,20,Cloudy,0,296.02,High
2024-12-12,1,P010,Red Label Tea 500g,Beverages,South,122,100,118,100,255,5,Stormy,0,233.1,High
2024-12-13,1,P001,Amul Taaza Toned Milk 1L,Dairy,South,120,103,119,98,58,15,Rainy,1,60.23,High
2024-12-13,1,P002,Britannia Good Day 600g,Snacks,South,65,64,77,65,120,10,Sunny,0,125.07,High
2024-12-13,1,P003,Aashirvaad Atta 5kg,Staples,South,138,87,93,84,248,0,Cloudy,0,272.44,High
2024-12-13,1,P004,Maggi 2-Minute Noodles,Snacks,South,237,105,114,106,48,0,Stormy,1,49.82,High
2024-12-13,1,P005,Tata Salt 1kg,Staples,South,69,44,61,43,22,15,Stormy,1,21.84,High
2024-12-13,1,P006,Coca-Cola 600ml,Beverages,South,120,60,70,58,40,0,Stormy,0,39.71,High
2024-12-13,1,P007,Parle-G 800g,Snacks,South,142,96,100,92,65,0,Cloudy,0,58.75,High
2024-12-13,1,P008,Surf Excel 1kg,Cleaning,South,188,96,112,93,220,20,Rainy,0,240.22,High
2024-12-13,1,P009,Amul Butter 500g,Dairy,South,168,71,75,71,275,0,Cloudy,0,268.91,High
2024-12-13,1,P010,Red Label Tea 500g,Beverages,South,143,36,41,38,255,10,Cloudy,0,272.13,High
2024-12-14,1,P001,Amul Taaza Toned Milk 1L,Dairy,South,165,49,60,53,58,0,Rainy,1,55.21,High
2024-12-14,1,P002,Britannia Good Day 600g,Snacks,South,242,27,27,27,120,5,Rainy,1,110.12,High
2024-12-14,1,P003,Aashirvaad Atta 5kg,Staples,South,272,103,103,103,248,15,Cloudy,0,258.71,High
2024-12-14,1,P004,Maggi 2-Minute Noodles,Snacks,South,112,135,153,138,48,0,Stormy,0,51.93,High
2024-12-14,1,P005,Tata Salt 1kg,Staples,South,77,112,119,109,22,10,Cloudy,0,20.94,High
2024-12-14,1,P006,Coca-Cola 600ml,Beverages,South,110,98,106,101,40,10,Cloudy,0,38.65,High
2024-12-14,1,P007,Parle-G 800g,Snacks,South,175,125,126,124,65,0,Cloudy,0,66.92,High
2024-12-14,1,P008,Surf Excel 1kg,Cleaning,South,141,122,125,121,220,20,Cloudy,0,213.19,High
2024-12-14,1,P009,Amul Butter 500g,Dairy,South,256,86,89,87,275,15,Cloudy,0,292.15,High
2024-12-14,1,P010,Red Label Tea 500g,Beverages,South,150,122,132,119,255,10,Sunny,1,246.7,High
2024-12-15,1,P001,Amul Taaza Toned Milk 1L,Dairy,South,173,51,68,53,58,0,Cloudy,1,53.03,High
2024-12-15,1,P002,Britannia Good Day 600g,Snacks,South,276,59,75,59,120,5,Stormy,1,130.65,High
2024-12-15,1,P003,Aashirvaad Atta 5kg,Staples,South,151,49,65,48,248,0,Rainy,1,267.73,High
2024-12-15,1,P004,Maggi 2-Minute Noodles,Snacks,South,198,81,87,84,48,10,Rainy,0,51.3,High
2024-12-15,1,P005,Tata Salt 1kg,Staples,South,84,39,42,42,22,20,Stormy,0,22.04,High
2024-12-15,1,P006,Coca-Cola 600ml,Beverages,South,135,39,55,41,40,0,Cloudy,0,43.89,High
2024-12-15,1,P007,Parle-G 800g,Snacks,South,285,114,119,118,65,10,Stormy,0,69.82,High
2024-12-15,1,P008,Surf Excel 1kg,Cleaning,South,224,77,82,78,220,20,Rainy,0,236.27,High
2024-12-15,1,P009,Amul Butter 500g,Dairy,South,92,50,55,48,275,0,Sunny,0,261.95,High
2024-12-15,1,P010,Red Label Tea 500g,Beverages,South,245,66,85,70,255,0,Sunny,0,261.96,High
2024-12-16,1,P001,Amul Taaza Toned Milk 1L,Dairy,South,124,47,51,46,58,0,Stormy,1,52.69,High
2024-12-16,1,P002,Britannia Good Day 600g,Snacks,South,279,86,93,89,120,10,Sunny,0,113.68,High
2024-12-16,1,P003,Aashirvaad Atta 5kg,Staples,South,150,34,40,36,248,0,Sunny,0,264.7,High
2024-12-16,1,P004,Maggi 2-Minute Noodles,Snacks,South,66,64,70,63,48,10,Sunny,0,45.07,High
2024-12-16,1,P005,Tata Salt 1kg,Staples,South,60,81,83,76,22,0,Rainy,0,22.46,High
2024-12-16,1,P006,Coca-Cola 600ml,Beverages,South,117,94,111,92,40,10,Rainy,0,39.35,High
2024-12-16,1,P007,Parle-G 800g,Snacks,South,91,70,74,73,65,0,Rainy,0,70.37,High
2024-12-16,1,P008,Surf Excel 1kg,Cleaning,South,139,48,52,51,220,5,Sunny,0,216.61,High
2024-12-16,1,P009,Amul Butter 500g,Dairy,South,224,60,76,56,275,20,Cloudy,0,274.24,High
2024-12-16,1,P010,Red Label Tea 500g,Beverages,South,243,66,85,65,255,20,Cloudy,0,251.96,High
2024-12-17,1,P001,Amul Taaza Toned Milk 1L,Dairy,South,120,23,37,19,58,5,Stormy,1,53.53,High
2024-12-17,1,P002,Britannia Good Day 600g,Snacks,South,235,115,132,112,120,0,Sunny,0,120.2,High
2024-12-17,1,P003,Aashirvaad Atta 5kg,Staples,South,93,36,50,39,248,20,Rainy,0,225.37,High
2024-12-17,1,P004,Maggi 2-Minute Noodles,Snacks,South,226,55,65,53,48,0,Cloudy,0,49.92,High
2024-12-17,1,P005,Tata Salt 1kg,Staples,South,231,58,58,62,22,5,Rainy,0,23.07,High
2024-12-17,1,P006,Coca-Cola 600ml,Beverages,South,223,38,41,34,40,0,Cloudy,0,40.69,High
2024-12-17,1,P007,Parle-G 800g,Snacks,South,147,81,82,80,65,5,Sunny,0,70.62,High
2024-12-17,1,P008,Surf Excel 1kg,Cleaning,South,51,55,62,53,220,15,Stormy,0,229.17,High
2024-12-17,1,P009,Amul Butter 500g,Dairy,South,275,70,85,72,275,5,Rainy,0,264.05,High
2024-12-17,1,P010,Red Label Tea 500g,Beverages,South,224,61,69,61,255,10,Stormy,0,239.21,High
2024-12-18,1,P001,Amul Taaza Toned Milk 1L,Dairy,South,101,45,55,46,58,5,Rainy,0,52.45,High
2024-12-18,1,P002,Britannia Good Day 600g,Snacks,South,279,76,77,73,120,0,Rainy,0,117.94,High
2024-12-18,1,P003,Aashirvaad Atta 5kg,Staples,South,232,103,116,105,248,10,Stormy,0,253.48,High
2024-12-18,1,P004,Maggi 2-Minute Noodles,Snacks,South,288,62,64,60,48,20,Cloudy,0,47.55,High
2024-12-18,1,P005,Tata Salt 1kg,Staples,South,169,109,120,108,22,0,Stormy,1,22.41,High
2024-12-18,1,P006,Coca-Cola 600ml,Beverages,South,150,92,100,95,40,0,Cloudy,1,36.76,High
2024-12-18,1,P007,Parle-G 800g,Snacks,South,221,54,55,50,65,0,Stormy,0,58.64,High
2024-12-18,1,P008,Surf Excel 1kg,Cleaning,South,280,39,40,38,220,15,Rainy,0,198.5,High
2024-12-18,1,P009,Amul Butter 500g,Dairy,South,130,44,56,44,275,0,Sunny,1,257.36,High
2024-12-18,1,P010,Red Label Tea 500g,Beverages,South,71,25,35,24,255,0,Stormy,0,242.13,High
2024-12-19,1,P001,Amul Taaza Toned Milk 1L,Dairy,South,84,101,102,104,58,10,Cloudy,1,53.88,High
2024-12-19,1,P002,Britannia Good Day 600g,Snacks,South,275,65,67,64,120,0,Rainy,0,110.11,High
2024-12-19,1,P003,Aashirvaad Atta 5kg,Staples,South,126,94,97,90,248,15,Stormy,0,227.69,High
2024-12-19,1,P004,Maggi 2-Minute Noodles,Snacks,South,206,46,50,46,48,0,Cloudy,0,45.76,High
2024-12-19,1,P005,Tata Salt 1kg,Staples,South,132,80,95,84,22,10,Cloudy,0,23.27,High
2024-12-19,1,P006,Coca-Cola 600ml,Beverages,South,169,54,65,51,40,20,Sunny,0,43.65,High
2024-12-19,1,P007,Parle-G 800g,Snacks,South,236,97,105,94,65,15,Stormy,0,68.24,High
2024-12-19,1,P008,Surf Excel 1kg,Cleaning,South,136,97,114,99,220,0,Stormy,1,202.45,High
2024-12-19,1,P009,Amul Butter 500g,Dairy,South,238,35,48,34,275,5,Sunny,1,290.75,High
2024-12-19,1,P010,Red Label Tea 500g,Beverages,South,243,35,44,32,255,10,Stormy,0,241.34,High
2024-12-20,1,P001,Amul Taaza Toned Milk 1L,Dairy,South,167,49,57,47,58,0,Cloudy,0,56.36,High
2024-12-20,1,P002,Britannia Good Day 600g,Snacks,South,78,87,101,86,120,20,Stormy,0,125.01,High
2024-12-20,1,P003,Aashirvaad Atta 5kg,Staples,South,125,55,58,59,248,10,Sunny,0,223.87,High
2024-12-20,1,P004,Maggi 2-Minute Noodles,Snacks,South,110,73,81,69,48,15,Rainy,0,45.31,High
2024-12-20,1,P005,Tata Salt 1kg,Staples,South,63,92,98,90,22,15,Stormy,0,23.77,High
2024-12-20,1,P006,Coca-Cola 600ml,Beverages,South,72,71,86,75,40,20,Cloudy,0,38.59,High
2024-12-20,1,P007,Parle-G 800g,Snacks,South,262,81,81,83,65,5,Rainy,1,60.44,High
2024-12-20,1,P008,Surf Excel 1kg,Cleaning,South,139,29,31,31,220,10,Cloudy,0,220.77,High
2024-12-20,1,P009,Amul Butter 500g,Dairy,South,197,67,75,63,275,15,Stormy,0,256.78,High
2024-12-20,1,P010,Red Label Tea 500g,Beverages,South,218,83,85,86,255,0,Cloudy,0,262.09,High
2024-12-21,1,P001,Amul Taaza Toned Milk 1L,Dairy,South,64,40,43,44,58,20,Cloudy,0,61.18,High
2024-12-21,1,P002,Britannia Good Day 600g,Snacks,South,294,120,132,116,120,0,Sunny,0,113.21,High
2024-12-21,1,P003,Aashirvaad Atta 5kg,Staples,South,187,118,131,117,248,0,Rainy,0,264.51,High
2024-12-21,1,P004,Maggi 2-Minute Noodles,Snacks,South,299,91,103,94,48,15,Rainy,1,51.58,High
2024-12-21,1,P005,Tata Salt 1kg,Staples,South,251,83,83,81,22,10,Sunny,0,24.08,High
2024-12-21,1,P006,Coca-Cola 600ml,Beverages,South,221,118,130,117,40,0,Rainy,1,40.58,High
2024-12-21,1,P007,Parle-G 800g,Snacks,South,290,112,115,112,65,0,Sunny,0,60.32,High
2024-12-21,1,P008,Surf Excel 1kg,Cleaning,South,231,48,60,49,220,20,Stormy,0,219.34,High
2024-12-21,1,P009,Amul Butter 500g,Dairy,South,69,34,48,37,275,20,Rainy,0,298.12,High
2024-12-21,1,P010,Red Label Tea 500g,Beverages,South,193,45,63,46,255,0,Stormy,1,245.35,High
2024-12-22,1,P001,Amul Taaza Toned Milk 1L,Dairy,South,280,90,102,89,58,15,Sunny,0,63.37,High
2024-12-22,1,P002,Britannia Good Day 600g,Snacks,South,233,45,62,48,120,15,Sunny,0,125.49,High
2024-12-22,1,P003,Aashirvaad Atta 5kg,Staples,South,192,88,107,87,248,15,Rainy,0,254.73,High
2024-12-22,1,P004,Maggi 2-Minute Noodles,Snacks,South,50,64,70,65,48,10,Cloudy,0,48.72,High
2024-12-22,1,P005,Tata Salt 1kg,Staples,South,181,129,137,128,22,0,Cloudy,1,23.08,High
2024-12-22,1,P006,Coca-Cola 600ml,Beverages,South,153,38,56,40,40,10,Cloudy,0,40.05,High
2024-12-22,1,P007,Parle-G 800g,Snacks,South,137,81,97,79,65,0,Sunny,1,59.64,High
2024-12-22,1,P008,Surf Excel 1kg,Cleaning,South,156,124,128,122,220,0,Sunny,1,230.6,High
2024-12-22,1,P009,Amul Butter 500g,Dairy,South,195,122,124,118,275,5,Cloudy,0,260.31,High
2024-12-22,1,P010,Red Label Tea 500g,Beverages,South,294,114,118,117,255,20,Stormy,1,272.27,High
2024-12-23,1,P001,Amul Taaza Toned Milk 1L,Dairy,South,147,56,56,54,58,0,Cloudy,0,56.45,High
2024-12-23,1,P002,Britannia Good Day 600g,Snacks,South,284,93,102,90,120,20,Rainy,1,111.44,High
2024-12-23,1,P003,Aashirvaad Atta 5kg,Staples,South,249,86,102,86,248,10,Stormy,1,224.93,High
2024-12-23,1,P004,Maggi 2-Minute Noodles,Snacks,South,267,101,115,101,48,0,Sunny,0,50.86,High
2024-12-23,1,P005,Tata Salt 1kg,Staples,South,253,70,74,69,22,0,Cloudy,0,19.97,High
2024-12-23,1,P006,Coca-Cola 600ml,Beverages,South,50,69,79,65,40,0,Stormy,1,42.56,High
2024-12-23,1,P007,Parle-G 800g,Snacks,South,90,34,36,34,65,0,Rainy,0,61.94,High
2024-12-23,1,P008,Surf Excel 1kg,Cleaning,South,166,66,83,62,220,10,Stormy,1,237.62,High
2024-12-23,1,P009,Amul Butter 500g,Dairy,South,290,68,77,66,275,10,Sunny,1,253.82,High
2024-12-23,1,P010,Red Label Tea 500g,Beverages,South,217,28,34,23,255,20,Sunny,0,244.81,High
2024-12-24,1,P001,Amul Taaza Toned Milk 1L,Dairy,South,131,54,56,49,58,0,Rainy,0,57.24,High
2024-12-24,1,P002,Britannia Good Day 600g,Snacks,South,193,44,44,47,120,15,Sunny,0,121.5,High
2024-12-24,1,P003,Aashirvaad Atta 5kg,Staples,South,215,88,106,84,248,10,Rainy,1,232.39,High
2024-12-24,1,P004,Maggi 2-Minute Noodles,Snacks,South,61,99,107,101,48,0,Cloudy,0,48.75,High
2024-12-24,1,P005,Tata Salt 1kg,Staples,South,52,39,54,41,22,0,Cloudy,1,22.15,High
2024-12-24,1,P006,Coca-Cola 600ml,Beverages,South,124,102,108,106,40,0,Sunny,0,40.5,High
2024-12-24,1,P007,Parle-G 800g,Snacks,South,115,70,85,73,65,20,Rainy,0,69.81,High
2024-12-24,1,P008,Surf Excel 1kg,Cleaning,South,298,55,71,52,220,20,Stormy,0,238.14,High
2024-12-24,1,P009,Amul Butter 500g,Dairy,South,121,26,36,29,275,15,Cloudy,0,278.91,High
2024-12-24,1,P010,Red Label Tea 500g,Beverages,South,95,23,25,27,255,0,Stormy,0,259.63,High
2024-12-25,1,P001,Amul Taaza Toned Milk 1L,Dairy,South,246,62,80,57,58,5,Sunny,0,54.27,High
2024-12-25,1,P002,Britannia Good Day 600g,Snacks,South,191,89,94,93,120,20,Rainy,0,119.93,High
2024-12-25,1,P003,Aashirvaad Atta 5kg,Staples,South,102,73,77,70,248,15,Stormy,0,258.96,High
2024-12-25,1,P004,Maggi 2-Minute Noodles,Snacks,South,261,20,31,15,48,5,Cloudy,0,44.04,High
2024-12-25,1,P005,Tata Salt 1kg,Staples,South,243,46,64,41,22,20,Stormy,0,20.5,High
2024-12-25,1,P006,Coca-Cola 600ml,Beverages,South,123,107,124,102,40,0,Stormy,1,41.41,High
2024-12-25,1,P007,Parle-G 800g,Snacks,South,122,73,89,70,65,5,Cloudy,0,67.19,High
2024-12-25,1,P008,Surf Excel 1kg,Cleaning,South,274,102,102,100,220,10,Sunny,0,232.12,High
2024-12-25,1,P009,Amul Butter 500g,Dairy,South,137,39,46,42,275,0,Sunny,0,266.32,High
2024-12-25,1,P010,Red Label Tea 500g,Beverages,South,158,90,104,93,255,0,Sunny,0,271.51,High
2024-12-26,1,P001,Amul Taaza Toned Milk 1L,Dairy,South,216,53,62,51,58,0,Cloudy,0,52.41,High
2024-12-26,1,P002,Britannia Good Day 600g,Snacks,South,89,109,119,113,120,10,Stormy,0,128.63,High
2024-12-26,1,P003,Aashirvaad Atta 5kg,Staples,South,141,85,97,87,248,10,Rainy,1,243.11,High
2024-12-26,1,P004,Maggi 2-Minute Noodles,Snacks,South,218,64,68,66,48,20,Rainy,1,50.14,High
2024-12-26,1,P005,Tata Salt 1kg,Staples,South,197,65,67,66,22,10,Sunny,1,23.18,High
2024-12-26,1,P006,Coca-Cola 600ml,Beverages,South,174,75,83,74,40,5,Stormy,0,39.48,High
2024-12-26,1,P007,Parle-G 800g,Snacks,South,68,60,72,57,65,5,Sunny,0,59.15,High
2024-12-26,1,P008,Surf Excel 1kg,Cleaning,South,176,42,48,42,220,5,Sunny,0,199.2,High
2024-12-26,1,P009,Amul Butter 500g,Dairy,South,64,41,46,36,275,5,Sunny,1,282.5,High
2024-12-26,1,P010,Red Label Tea 500g,Beverages,South,56,21,40,16,255,0,Cloudy,0,267.8,High
2024-12-27,1,P001,Amul Taaza Toned Milk 1L,Dairy,South,131,56,56,59,58,0,Cloudy,0,54.97,High
2024-12-27,1,P002,Britannia Good Day 600g,Snacks,South,187,56,72,59,120,0,Sunny,1,122.31,High
2024-12-27,1,P003,Aashirvaad Atta 5kg,Staples,South,50,89,108,87,248,0,Stormy,0,241.34,High
2024-12-27,1,P004,Maggi 2-Minute Noodles,Snacks,South,166,20,31,20,48,10,Sunny,0,46.48,High
2024-12-27,1,P005,Tata Salt 1kg,Staples,South,210,91,96,94,22,20,Stormy,0,21.65,High
2024-12-27,1,P006,Coca-Cola 600ml,Beverages,South,290,71,81,69,40,0,Stormy,0,40.23,High
2024-12-27,1,P007,Parle-G 800g,Snacks,South,155,50,50,48,65,0,Cloudy,0,64.61,High
2024-12-27,1,P008,Surf Excel 1kg,Cleaning,South,243,106,111,105,220,0,Rainy,0,208.53,High
2024-12-27,1,P009,Amul Butter 500g,Dairy,South,178,58,73,61,275,20,Sunny,0,296.39,High
2024-12-27,1,P010,Red Label Tea 500g,Beverages,South,96,81,90,79,255,20,Rainy,0,231.11,High
2024-12-28,1,P001,Amul Taaza Toned Milk 1L,Dairy,South,124,79,80,81,58,5,Stormy,1,52.35,High
2024-12-28,1,P002,Britannia Good Day 600g,Snacks,South,286,85,103,86,120,0,Stormy,0,117.99,High
2024-12-28,1,P003,Aashirvaad Atta 5kg,Staples,South,215,68,70,68,248,0,Cloudy,0,251.42,High
2024-12-28,1,P004,Maggi 2-Minute Noodles,Snacks,South,173,38,55,36,48,20,Stormy,0,47.89,High
2024-12-28,1,P005,Tata Salt 1kg,Staples,South,109,104,109,106,22,10,Sunny,0,21.65,High
2024-12-28,1,P006,Coca-Cola 600ml,Beverages,South,143,106,109,105,40,0,Stormy,1,38.43,High
2024-12-28,1,P007,Parle-G 800g,Snacks,South,93,67,69,65,65,0,Cloudy,0,58.78,High
2024-12-28,1,P008,Surf Excel 1kg,Cleaning,South,163,78,86,79,220,15,Stormy,0,213.2,High
2024-12-28,1,P009,Amul Butter 500g,Dairy,South,265,109,121,104,275,5,Rainy,0,285.92,High
2024-12-28,1,P010,Red Label Tea 500g,Beverages,South,253,65,67,64,255,5,Sunny,0,251.16,High
2024-12-29,1,P001,Amul Taaza Toned Milk 1L,Dairy,South,194,98,103,93,58,5,Sunny,0,60.32,High
2024-12-29,1,P002,Britannia Good Day 600g,Snacks,South,166,97,112,101,120,20,Rainy,0,116.58,High
2024-12-29,1,P003,Aashirvaad Atta 5kg,Staples,South,253,60,77,61,248,20,Sunny,0,250.35,High
2024-12-29,1,P004,Maggi 2-Minute Noodles,Snacks,South,267,39,45,43,48,0,Stormy,1,46.27,High
2024-12-29,1,P005,Tata Salt 1kg,Staples,South,76,142,145,137,22,0,Sunny,0,20.92,High
2024-12-29,1,P006,Coca-Cola 600ml,Beverages,South,76,108,124,103,40,5,Cloudy,0,42.74,High
2024-12-29,1,P007,Parle-G 800g,Snacks,South,175,40,55,41,65,10,Sunny,1,59.81,High
2024-12-29,1,P008,Surf Excel 1kg,Cleaning,South,258,98,116,102,220,0,Cloudy,0,219.26,High
2024-12-29,1,P009,Amul Butter 500g,Dairy,South,98,79,93,76,275,10,Rainy,0,289.69,High
2024-12-29,1,P010,Red Label Tea 500g,Beverages,South,54,59,77,61,255,10,Cloudy,1,249.47,High
2024-12-30,1,P001,Amul Taaza Toned Milk 1L,Dairy,South,227,59,78,54,58,20,Cloudy,0,56.49,High
2024-12-30,1,P002,Britannia Good Day 600g,Snacks,South,255,59,76,59,120,15,Stormy,0,117.1,High
2024-12-30,1,P003,Aashirvaad Atta 5kg,Staples,South,276,74,79,69,248,15,Cloudy,1,231.69,High
2024-12-30,1,P004,Maggi 2-Minute Noodles,Snacks,South,233,54,58,49,48,15,Cloudy,0,47.31,High
2024-12-30,1,P005,Tata Salt 1kg,Staples,South,280,49,55,50,22,10,Rainy,0,21.8,High
2024-12-30,1,P006,Coca-Cola 600ml,Beverages,South,234,60,77,63,40,0,Rainy,0,36.94,High
2024-12-30,1,P007,Parle-G 800g,Snacks,South,155,58,70,62,65,15,Cloudy,0,63.99,High
2024-12-30,1,P008,Surf Excel 1kg,Cleaning,South,281,34,45,31,220,20,Cloudy,0,219.45,High
2024-12-30,1,P009,Amul Butter 500g,Dairy,South,242,47,51,42,275,20,Sunny,0,271.39,High
2024-12-30,1,P010,Red Label Tea 500g,Beverages,South,144,42,51,39,255,20,Rainy,1,241.82,High
2024-12-31,1,P001,Amul Taaza Toned Milk 1L,Dairy,South,235,72,81,71,58,5,Rainy,0,57.47,High
2024-12-31,1,P002,Britannia Good Day 600g,Snacks,South,234,64,83,60,120,10,Rainy,1,123.47,High
2024-12-31,1,P003,Aashirvaad Atta 5kg,Staples,South,150,86,92,84,248,0,Rainy,0,224.77,High
2024-12-31,1,P004,Maggi 2-Minute Noodles,Snacks,South,202,58,75,62,48,0,Rainy,0,45.81,High
2024-12-31,1,P005,Tata Salt 1kg,Staples,South,298,88,93,89,22,0,Cloudy,0,22.09,High
2024-12-31,1,P006,Coca-Cola 600ml,Beverages,South,282,88,88,91,40,5,Stormy,1,40.73,High
2024-12-31,1,P007,Parle-G 800g,Snacks,South,207,39,55,39,65,0,Rainy,0,60.6,High
2024-12-31,1,P008,Surf Excel 1kg,Cleaning,South,225,30,31,27,220,20,Stormy,0,203.56,High
2024-12-31,1,P009,Amul Butter 500g,Dairy,South,171,89,96,91,275,0,Cloudy,0,251.68,High
2024-12-31,1,P010,Red Label Tea 500g,Beverages,South,154,58,64,58,255,0,Sunny,0,252.11,High
2025-01-01,1,P001,Amul Taaza Toned Milk 1L,Dairy,South,246,23,35,23,58,15,Stormy,0,56.45,Low
2025-01-01,1,P002,Britannia Good Day 600g,Snacks,South,259,50,56,48,120,0,Stormy,0,130.12,Low
2025-01-01,1,P003,Aashirvaad Atta 5kg,Staples,South,143,34,40,30,248,0,Rainy,0,226.29,Low
2025-01-01,1,P004,Maggi 2-Minute Noodles,Snacks,South,128,25,43,29,48,0,Cloudy,1,43.39,Low
2025-01-01,1,P005,Tata Salt 1kg,Staples,South,66,69,80,72,22,10,Rainy,0,21.77,Low
2025-01-01,1,P006,Coca-Cola 600ml,Beverages,South,262,10,25,11,40,20,Cloudy,1,39.4,Low
2025-01-01,1,P007,Parle-G 800g,Snacks,South,96,55,58,59,65,0,Stormy,0,69.65,Low
2025-01-01,1,P008,Surf Excel 1kg,Cleaning,South,117,86,105,86,220,10,Stormy,0,218.23,Low
2025-01-01,1,P009,Amul Butter 500g,Dairy,South,116,62,78,61,275,10,Cloudy,1,280.99,Low
2025-01-01,1,P010,Red Label Tea 500g,Beverages,South,257,28,29,25,255,0,Sunny,0,245.69,Low
2025-01-02,1,P001,Amul Taaza Toned Milk 1L,Dairy,South,151,69,85,65,58,15,Cloudy,0,54.57,Low
2025-01-02,1,P002,Britannia Good Day 600g,Snacks,South,191,56,64,54,120,10,Stormy,0,120.02,Low
2025-01-02,1,P003,Aashirvaad Atta 5kg,Staples,South,122,78,96,78,248,0,Cloudy,1,266.17,Low
2025-01-02,1,P004,Maggi 2-Minute Noodles,Snacks,South,273,20,34,17,48,10,Stormy,0,44.41,Low
2025-01-02,1,P005,Tata Salt 1kg,Staples,South,138,66,72,69,22,0,Cloudy,0,23.21,Low
2025-01-02,1,P006,Coca-Cola 600ml,Beverages,South,137,48,60,49,40,10,Sunny,0,37.32,Low
2025-01-02,1,P007,Parle-G 800g,Snacks,South,79,16,34,17,65,0,Rainy,0,63.64,Low
2025-01-02,1,P008,Surf Excel 1kg,Cleaning,South,166,56,67,56,220,10,Cloudy,0,210.29,Low
2025-01-02,1,P009,Amul Butter 500g,Dairy,South,238,55,69,54,275,0,Stormy,0,274.41,Low
2025-01-02,1,P010,Red Label Tea 500g,Beverages,South,274,35,47,39,255,5,Cloudy,0,237.85,Low
2025-01-03,1,P001,Amul Taaza Toned Milk 1L,Dairy,South,274,32,51,36,58,20,Cloudy,0,62.01,Low
2025-01-03,1,P002,Britannia Good Day 600g,Snacks,South,201,43,49,47,120,0,Sunny,1,112.27,Low
2025-01-03,1,P003,Aashirvaad Atta 5kg,Staples,South,252,45,59,49,248,0,Sunny,0,233.89,Low
2025-01-03,1,P004,Maggi 2-Minute Noodles,Snacks,South,93,79,95,82,48,15,Rainy,0,49.07,Low
2025-01-03,1,P005,Tata Salt 1kg,Staples,South,73,81,86,85,22,0,Sunny,0,21.66,Low
2025-01-03,1,P006,Coca-Cola 600ml,Beverages,South,94,43,47,41,40,10,Sunny,1,41.94,Low
2025-01-03,1,P007,Parle-G 800g,Snacks,South,234,18,18,13,65,0,Stormy,0,67.94,Low
2025-01-03,1,P008,Surf Excel 1kg,Cleaning,South,254,39,58,34,220,5,Sunny,0,213.44,Low
2025-01-03,1,P009,Amul Butter 500g,Dairy,South,151,47,66,43,275,20,Rainy,1,267.34,Low
2025-01-03,1,P010,Red Label Tea 500g,Beverages,South,63,29,33,28,255,20,Stormy,1,239.89,Low
2025-01-04,1,P001,Amul Taaza Toned Milk 1L,Dairy,South,50,107,122,103,58,0,Rainy,0,62.9,Low
2025-01-04,1,P002,Britannia Good Day 600g,Snacks,South,294,39,51,37,120,5,Rainy,0,128.68,Low
2025-01-04,1,P003,Aashirvaad Atta 5kg,Staples,South,116,72,72,71,248,10,Stormy,0,251.97,Low
2025-01-04,1,P004,Maggi 2-Minute Noodles,Snacks,South,136,25,36,21,48,10,Rainy,1,47.48,Low
2025-01-04,1,P005,Tata Salt 1kg,Staples,South,288,32,37,36,22,0,Rainy,0,22.66,Low
2025-01-04,1,P006,Coca-Cola 600ml,Beverages,South,101,51,68,53,40,0,Sunny,1,43.45,Low
2025-01-04,1,P007,Parle-G 800g,Snacks,South,95,55,55,58,65,5,Stormy,1,63.81,Low
2025-01-04,1,P008,Surf Excel 1kg,Cleaning,South,212,82,87,79,220,0,Cloudy,0,234.24,Low
2025-01-04,1,P009,Amul Butter 500g,Dairy,South,133,73,74,77,275,0,Sunny,0,253.81,Low
2025-01-04,1,P010,Red Label Tea 500g,Beverages,South,71,79,79,82,255,0,Cloudy,1,237.62,Low
2025-01-05,1,P001,Amul Taaza Toned Milk 1L,Dairy,South,296,32,49,27,58,10,Stormy,1,56.31,Low
2025-01-05,1,P002,Britannia Good Day 600g,Snacks,South,119,66,77,64,120,15,Rainy,0,128.19,Low
2025-01-05,1,P003,Aashirvaad Atta 5kg,Staples,South,129,48,63,43,248,20,Sunny,0,254.35,Low
2025-01-05,1,P004,Maggi 2-Minute Noodles,Snacks,South,152,25,35,23,48,0,Sunny,0,50.97,Low
2025-01-05,1,P005,Tata Salt 1kg,Staples,South,259,75,75,72,22,0,Stormy,0,20.16,Low
2025-01-05,1,P006,Coca-Cola 600ml,Beverages,South,293,72,84,72,40,0,Sunny,0,39.39,Low
2025-01-05,1,P007,Parle-G 800g,Snacks,South,62,69,74,68,65,0,Stormy,1,64.17,Low
2025-01-05,1,P008,Surf Excel 1kg,Cleaning,South,201,108,115,107,220,15,Cloudy,0,213.72,Low
2025-01-05,1,P009,Amul Butter 500g,Dairy,South,235,53,55,53,275,0,Stormy,0,253.37,Low
2025-01-05,1,P010,Red Label Tea 500g,Beverages,South,176,40,56,43,255,10,Sunny,0,234.96,Low
2025-01-06,1,P001,Amul Taaza Toned Milk 1L,Dairy,South,70,72,90,68,58,15,Cloudy,0,57.55,Low
2025-01-06,1,P002,Britannia Good Day 600g,Snacks,South,175,38,53,40,120,20,Rainy,0,119.62,Low
2025-01-06,1,P003,Aashirvaad Atta 5kg,Staples,South,154,31,40,30,248,10,Cloudy,0,230.43,Low
2025-01-06,1,P004,Maggi 2-Minute Noodles,Snacks,South,175,23,41,18,48,10,Rainy,0,52.56,Low
2025-01-06,1,P005,Tata Salt 1kg,Staples,South,200,34,38,36,22,15,Cloudy,0,20.87,Low
2025-01-06,1,P006,Coca-Cola 600ml,Beverages,South,175,12,28,11,40,15,Stormy,1,42.85,Low
2025-01-06,1,P007,Parle-G 800g,Snacks,South,274,30,30,34,65,0,Rainy,0,66.62,Low
2025-01-06,1,P008,Surf Excel 1kg,Cleaning,South,257,17,25,19,220,0,Rainy,0,211.25,Low
2025-01-06,1,P009,Amul Butter 500g,Dairy,South,132,27,31,26,275,5,Stormy,0,276.46,Low
2025-01-06,1,P010,Red Label Tea 500g,Beverages,South,102,16,33,20,255,15,Rainy,1,277.98,Low
2025-01-07,1,P001,Amul Taaza Toned Milk 1L,Dairy,South,74,81,84,78,58,10,Stormy,0,54.69,Low
2025-01-07,1,P002,Britannia Good Day 600g,Snacks,South,121,45,58,48,120,10,Cloudy,1,122.74,Low
2025-01-07,1,P003,Aashirvaad Atta 5kg,Staples,South,219,33,42,37,248,0,Cloudy,0,239.29,Low
2025-01-07,1,P004,Maggi 2-Minute Noodles,Snacks,South,162,57,64,53,48,5,Sunny,1,48.63,Low
2025-01-07,1,P005,Tata Salt 1kg,Staples,South,154,42,61,39,22,15,Rainy,0,22.86,Low
2025-01-07,1,P006,Coca-Cola 600ml,Beverages,South,212,26,28,24,40,0,Rainy,1,39.07,Low
2025-01-07,1,P007,Parle-G 800g,Snacks,South,95,58,61,62,65,0,Rainy,1,59.55,Low
2025-01-07,1,P008,Surf Excel 1kg,Cleaning,South,89,72,83,67,220,20,Rainy,0,212.84,Low
2025-01-07,1,P009,Amul Butter 500g,Dairy,South,217,51,68,50,275,10,Rainy,0,266.14,Low
2025-01-07,1,P010,Red Label Tea 500g,Beverages,South,102,36,55,35,255,0,Sunny,0,271.11,Low
2025-01-08,1,P001,Amul Taaza Toned Milk 1L,Dairy,South,165,37,46,37,58,0,Rainy,0,54.37,Low
2025-01-08,1,P002,Britannia Good Day 600g,Snacks,South,120,59,64,61,120,20,Stormy,0,131.83,Low
2025-01-08,1,P003,Aashirvaad Atta 5kg,Staples,South,295,48,54,45,248,5,Cloudy,0,237.59,Low
2025-01-08,1,P004,Maggi 2-Minute Noodles,Snacks,South,195,66,77,67,48,10,Stormy,0,52.57,Low
2025-01-08,1,P005,Tata Salt 1kg,Staples,South,107,58,69,54,22,20,Rainy,0,20.89,Low
2025-01-08,1,P006,Coca-Cola 600ml,Beverages,South,113,69,73,66,40,0,Sunny,0,42.25,Low
2025-01-08,1,P007,Parle-G 800g,Snacks,South,268,38,47,42,65,10,Sunny,0,66.58,Low
2025-01-08,1,P008,Surf Excel 1kg,Cleaning,South,185,67,81,68,220,0,Rainy,0,225.51,Low
2025-01-08,1,P009,Amul Butter 500g,Dairy,South,68,32,44,27,275,15,Stormy,0,283.47,Low
2025-01-08,1,P010,Red Label Tea 500g,Beverages,South,268,42,59,43,255,5,Rainy,1,280.29,Low
2025-01-09,1,P001,Amul Taaza Toned Milk 1L,Dairy,South,79,22,36,23,58,20,Cloudy,0,55.79,Low
2025-01-09,1,P002,Britannia Good Day 600g,Snacks,South,218,30,49,29,120,0,Rainy,0,118.22,Low
2025-01-09,1,P003,Aashirvaad Atta 5kg,Staples,South,170,39,44,36,248,0,Rainy,0,249.24,Low
2025-01-09,1,P004,Maggi 2-Minute Noodles,Snacks,South,87,40,55,39,48,15,Stormy,0,43.31,Low
2025-01-09,1,P005,Tata Salt 1kg,Staples,South,103,62,67,60,22,15,Stormy,1,21.73,Low
2025-01-09,1,P006,Coca-Cola 600ml,Beverages,South,137,59,77,60,40,20,Sunny,0,37.66,Low
2025-01-09,1,P007,Parle-G 800g,Snacks,South,206,13,15,14,65,0,Stormy,0,66.2,Low
2025-01-09,1,P008,Surf Excel 1kg,Cleaning,South,261,55,66,54,220,10,Rainy,0,227.44,Low
2025-01-09,1,P009,Amul Butter 500g,Dairy,South,175,53,63,53,275,5,Cloudy,0,274.84,Low
2025-01-09,1,P010,Red Label Tea 500g,Beverages,South,99,29,41,26,255,20,Stormy,1,264.47,Low
2025-01-10,1,P001,Amul Taaza Toned Milk 1L,Dairy,South,235,50,57,54,58,10,Sunny,1,63.61,Low
2025-01-10,1,P002,Britannia Good Day 600g,Snacks,South,213,72,84,67,120,10,Sunny,0,122.12,Low
2025-01-10,1,P003,Aashirvaad Atta 5kg,Staples,South,189,46,64,42,248,0,Cloudy,0,251.32,Low
2025-01-10,1,P004,Maggi 2-Minute Noodles,Snacks,South,226,71,85,73,48,20,Stormy,1,49.84,Low
2025-01-10,1,P005,Tata Salt 1kg,Staples,South,183,40,55,37,22,10,Sunny,0,20.81,Low
2025-01-10,1,P006,Coca-Cola 600ml,Beverages,South,265,48,58,52,40,0,Stormy,0,39.99,Low
2025-01-10,1,P007,Parle-G 800g,Snacks,South,120,39,54,40,65,10,Cloudy,0,61.57,Low
2025-01-10,1,P008,Surf Excel 1kg,Cleaning,South,284,18,30,17,220,0,Rainy,0,213.89,Low
2025-01-10,1,P009,Amul Butter 500g,Dairy,South,91,26,30,27,275,15,Sunny,0,295.97,Low
2025-01-10,1,P010,Red Label Tea 500g,Beverages,South,165,70,72,67,255,0,Cloudy,0,245.41,Low
2025-01-11,1,P001,Amul Taaza Toned Milk 1L,Dairy,South,166,92,107,91,58,5,Rainy,0,60.81,Low
2025-01-11,1,P002,Britannia Good Day 600g,Snacks,South,113,61,78,57,120,15,Rainy,0,116.32,Low
2025-01-11,1,P003,Aashirvaad Atta 5kg,Staples,South,258,19,32,20,248,15,Sunny,0,251.96,Low
2025-01-11,1,P004,Maggi 2-Minute Noodles,Snacks,South,182,50,54,45,48,5,Sunny,1,46.12,Low
2025-01-11,1,P005,Tata Salt 1kg,Staples,South,176,27,44,29,22,0,Sunny,0,22.81,Low
2025-01-11,1,P006,Coca-Cola 600ml,Beverages,South,107,76,76,77,40,0,Cloudy,0,41.98,Low
2025-01-11,1,P007,Parle-G 800g,Snacks,South,76,50,64,53,65,15,Stormy,0,67.8,Low
2025-01-11,1,P008,Surf Excel 1kg,Cleaning,South,119,33,40,29,220,5,Rainy,1,207.61,Low
2025-01-11,1,P009,Amul Butter 500g,Dairy,South,136,99,109,99,275,0,Stormy,0,250.51,Low
2025-01-11,1,P010,Red Label Tea 500g,Beverages,South,128,50,59,48,255,15,Sunny,1,232.74,Low
2025-01-12,1,P001,Amul Taaza Toned Milk 1L,Dairy,South,85,62,73,63,58,0,Stormy,0,61.33,Low
2025-01-12,1,P002,Britannia Good Day 600g,Snacks,South,170,63,75,64,120,15,Rainy,0,111.74,Low
2025-01-12,1,P003,Aashirvaad Atta 5kg,Staples,South,126,94,101,96,248,20,Sunny,0,266.31,Low
2025-01-12,1,P004,Maggi 2-Minute Noodles,Snacks,South,151,89,90,84,48,5,Cloudy,0,43.86,Low
2025-01-12,1,P005,Tata Salt 1kg,Staples,South,173,29,31,30,22,5,Sunny,0,23.31,Low
2025-01-12,1,P006,Coca-Cola 600ml,Beverages,South,240,62,71,64,40,0,Sunny,0,36.06,Low
2025-01-12,1,P007,Parle-G 800g,Snacks,South,237,66,78,62,65,0,Stormy,0,70.8,Low
2025-01-12,1,P008,Surf Excel 1kg,Cleaning,South,51,84,103,86,220,15,Sunny,0,213.8,Low
2025-01-12,1,P009,Amul Butter 500g,Dairy,South,78,36,39,40,275,5,Rainy,0,260.93,Low
2025-01-12,1,P010,Red Label Tea 500g,Beverages,South,181,99,102,99,255,0,Stormy,1,262.02,Low
2025-01-13,1,P001,Amul Taaza Toned Milk 1L,Dairy,South,226,30,30,27,58,0,Sunny,0,57.0,Low
2025-01-13,1,P002,Britannia Good Day 600g,Snacks,South,120,26,33,23,120,0,Sunny,1,118.73,Low
2025-01-13,1,P003,Aashirvaad Atta 5kg,Staples,South,69,78,95,81,248,5,Sunny,0,268.57,Low
2025-01-13,1,P004,Maggi 2-Minute Noodles,Snacks,South,153,65,67,64,48,5,Rainy,0,44.11,Low
2025-01-13,1,P005,Tata Salt 1kg,Staples,South,254,69,79,68,22,10,Sunny,0,19.94,Low
2025-01-13,1,P006,Coca-Cola 600ml,Beverages,South,227,38,47,37,40,10,Stormy,1,41.99,Low
2025-01-13,1,P007,Parle-G 800g,Snacks,South,66,34,50,29,65,0,Sunny,0,61.71,Low
2025-01-13,1,P008,Surf Excel 1kg,Cleaning,South,250,39,52,39,220,10,Sunny,0,199.89,Low
2025-01-13,1,P009,Amul Butter 500g,Dairy,South,123,65,67,64,275,0,Rainy,1,295.26,Low
2025-01-13,1,P010,Red Label Tea 500g,Beverages,South,262,36,54,36,255,20,Rainy,0,272.82,Low
2025-01-14,1,P001,Amul Taaza Toned Milk 1L,Dairy,South,154,66,80,66,58,15,Sunny,1,52.55,Low
2025-01-14,1,P002,Britannia Good Day 600g,Snacks,South,65,74,78,69,120,0,Cloudy,0,120.38,Low
2025-01-14,1,P003,Aashirvaad Atta 5kg,Staples,South,224,74,75,74,248,10,Rainy,0,238.23,Low
2025-01-14,1,P004,Maggi 2-Minute Noodles,Snacks,South,141,70,83,70,48,0,Rainy,0,47.38,Low
2025-01-14,1,P005,Tata Salt 1kg,Staples,South,93,29,40,25,22,10,Cloudy,0,19.85,Low
2025-01-14,1,P006,Coca-Cola 600ml,Beverages,South,65,58,75,54,40,15,Rainy,1,42.94,Low
2025-01-14,1,P007,Parle-G 800g,Snacks,South,79,39,49,35,65,0,Rainy,0,68.58,Low
2025-01-14,1,P008,Surf Excel 1kg,Cleaning,South,123,55,62,56,220,10,Cloudy,0,208.58,Low
2025-01-14,1,P009,Amul Butter 500g,Dairy,South,169,59,73,59,275,0,Cloudy,0,253.73,Low
2025-01-14,1,P010,Red Label Tea 500g,Beverages,South,210,65,65,66,255,5,Sunny,0,259.69,Low
2025-01-15,1,P001,Amul Taaza Toned Milk 1L,Dairy,South,224,72,84,71,58,0,Sunny,0,54.76,Low
2025-01-15,1,P002,Britannia Good Day 600g,Snacks,South,175,61,66,61,120,0,Stormy,0,130.51,Low
2025-01-15,1,P003,Aashirvaad Atta 5kg,Staples,South,279,50,67,51,248,0,Cloudy,0,238.18,Low
2025-01-15,1,P004,Maggi 2-Minute Noodles,Snacks,South,189,54,68,53,48,0,Cloudy,0,47.97,Low
2025-01-15,1,P005,Tata Salt 1kg,Staples,South,230,28,30,29,22,0,Rainy,1,21.19,Low
2025-01-15,1,P006,Coca-Cola 600ml,Beverages,South,286,25,44,29,40,5,Sunny,1,37.97,Low
2025-01-15,1,P007,Parle-G 800g,Snacks,South,267,59,59,58,65,0,Cloudy,0,63.52,Low
2025-01-15,1,P008,Surf Excel 1kg,Cleaning,South,58,64,64,65,220,5,Rainy,1,207.45,Low
2025-01-15,1,P009,Amul Butter 500g,Dairy,South,188,30,48,33,275,10,Rainy,0,263.71,Low
2025-01-15,1,P010,Red Label Tea 500g,Beverages,South,287,83,90,85,255,0,Cloudy,0,261.3,Low
2025-01-16,1,P001,Amul Taaza Toned Milk 1L,Dairy,South,275,50,69,53,58,5,Sunny,0,55.32,Low
2025-01-16,1,P002,Britannia Good Day 600g,Snacks,South,102,74,77,73,120,0,Sunny,0,125.03,Low
2025-01-16,1,P003,Aashirvaad Atta 5kg,Staples,South,235,35,39,36,248,15,Sunny,0,242.2,Low
2025-01-16,1,P004,Maggi 2-Minute Noodles,Snacks,South,145,61,74,58,48,0,Cloudy,0,43.95,Low
2025-01-16,1,P005,Tata Salt 1kg,Staples,South,109,67,79,64,22,10,Stormy,0,23.5,Low
2025-01-16,1,P006,Coca-Cola 600ml,Beverages,South,134,73,88,73,40,10,Cloudy,0,36.91,Low
2025-01-16,1,P007,Parle-G 800g,Snacks,South,224,75,92,75,65,5,Cloudy,0,68.06,Low
2025-01-16,1,P008,Surf Excel 1kg,Cleaning,South,253,69,80,65,220,10,Sunny,0,241.62,Low
2025-01-16,1,P009,Amul Butter 500g,Dairy,South,186,61,80,56,275,0,Sunny,0,294.51,Low
2025-01-16,1,P010,Red Label Tea 500g,Beverages,South,156,81,95,81,255,15,Rainy,0,259.96,Low
2025-01-17,1,P001,Amul Taaza Toned Milk 1L,Dairy,South,107,55,63,58,58,0,Stormy,0,52.27,Low
2025-01-17,1,P002,Britannia Good Day 600g,Snacks,South,195,32,40,31,120,0,Rainy,0,109.97,Low
2025-01-17,1,P003,Aashirvaad Atta 5kg,Staples,South,134,72,78,73,248,10,Rainy,1,271.1,Low
2025-01-17,1,P004,Maggi 2-Minute Noodles,Snacks,South,138,18,29,18,48,10,Sunny,0,48.12,Low
2025-01-17,1,P005,Tata Salt 1kg,Staples,South,103,60,77,62,22,0,Stormy,0,20.42,Low
2025-01-17,1,P006,Coca-Cola 600ml,Beverages,South,220,34,45,32,40,0,Rainy,0,38.68,Low
2025-01-17,1,P007,Parle-G 800g,Snacks,South,158,71,83,73,65,0,Rainy,0,67.26,Low
2025-01-17,1,P008,Surf Excel 1kg,Cleaning,South,166,60,68,61,220,15,Cloudy,0,220.23,Low
2025-01-17,1,P009,Amul Butter 500g,Dairy,South,221,70,86,69,275,10,Rainy,1,299.7,Low
2025-01-17,1,P010,Red Label Tea 500g,Beverages,South,105,23,31,23,255,15,Cloudy,0,276.57,Low
2025-01-18,1,P001,Amul Taaza Toned Milk 1L,Dairy,South,51,37,45,40,58,20,Cloudy,1,55.28,Low
2025-01-18,1,P002,Britannia Good Day 600g,Snacks,South,140,46,50,42,120,20,Rainy,0,114.11,Low
2025-01-18,1,P003,Aashirvaad Atta 5kg,Staples,South,264,91,93,89,248,15,Rainy,1,264.29,Low
2025-01-18,1,P004,Maggi 2-Minute Noodles,Snacks,South,97,64,75,59,48,0,Sunny,0,51.5,Low
2025-01-18,1,P005,Tata Salt 1kg,Staples,South,198,56,63,59,22,15,Stormy,0,22.16,Low
2025-01-18,1,P006,Coca-Cola 600ml,Beverages,South,166,79,92,82,40,0,Rainy,1,38.8,Low
2025-01-18,1,P007,Parle-G 800g,Snacks,South,101,64,68,62,65,20,Stormy,0,61.78,Low
2025-01-18,1,P008,Surf Excel 1kg,Cleaning,South,86,65,76,62,220,0,Rainy,1,206.03,Low
2025-01-18,1,P009,Amul Butter 500g,Dairy,South,261,56,66,52,275,0,Rainy,0,251.18,Low
2025-01-18,1,P010,Red Label Tea 500g,Beverages,South,261,93,103,89,255,10,Sunny,0,231.99,Low
2025-01-19,1,P001,Amul Taaza Toned Milk 1L,Dairy,South,298,102,111,100,58,5,Rainy,1,61.1,Low
2025-01-19,1,P002,Britannia Good Day 600g,Snacks,South,155,98,103,97,120,5,Cloudy,1,109.68,Low
2025-01-19,1,P003,Aashirvaad Atta 5kg,Staples,South,231,29,48,33,248,0,Cloudy,1,254.28,Low
2025-01-19,1,P004,Maggi 2-Minute Noodles,Snacks,South,121,51,61,50,48,20,Rainy,0,49.74,Low
2025-01-19,1,P005,Tata Salt 1kg,Staples,South,113,40,51,38,22,10,Rainy,0,20.58,Low
2025-01-19,1,P006,Coca-Cola 600ml,Beverages,South,210,41,57,38,40,0,Rainy,0,38.74,Low
2025-01-19,1,P007,Parle-G 800g,Snacks,South,156,74,81,70,65,10,Sunny,0,70.53,Low
2025-01-19,1,P008,Surf Excel 1kg,Cleaning,South,195,34,43,37,220,5,Cloudy,0,226.06,Low
2025-01-19,1,P009,Amul Butter 500g,Dairy,South,292,36,54,33,275,20,Sunny,0,279.25,Low
2025-01-19,1,P010,Red Label Tea 500g,Beverages,South,292,100,117,102,255,0,Stormy,1,241.14,Low
2025-01-20,1,P001,Amul Taaza Toned Milk 1L,Dairy,South,233,49,52,44,58,10,Sunny,0,55.99,Low
2025-01-20,1,P002,Britannia Good Day 600g,Snacks,South,69,84,102,81,120,10,Stormy,0,109.21,Low
2025-01-20,1,P003,Aashirvaad Atta 5kg,Staples,South,138,35,35,31,248,0,Cloudy,0,260.68,Low
2025-01-20,1,P004,Maggi 2-Minute Noodles,Snacks,South,157,73,85,71,48,0,Stormy,0,48.69,Low
2025-01-20,1,P005,Tata Salt 1kg,Staples,South,125,41,52,45,22,0,Sunny,1,19.88,Low
2025-01-20,1,P006,Coca-Cola 600ml,Beverages,South,92,88,96,85,40,10,Stormy,0,42.78,Low
2025-01-20,1,P007,Parle-G 800g,Snacks,South,151,67,73,69,65,20,Sunny,0,69.93,Low
2025-01-20,1,P008,Surf Excel 1kg,Cleaning,South,76,32,51,28,220,15,Sunny,0,203.85,Low
2025-01-20,1,P009,Amul Butter 500g,Dairy,South,252,69,79,66,275,0,Stormy,0,258.3,Low
2025-01-20,1,P010,Red Label Tea 500g,Beverages,South,116,69,88,65,255,15,Cloudy,1,236.24,Low
2025-01-21,1,P001,Amul Taaza Toned Milk 1L,Dairy,South,240,52,66,47,58,20,Sunny,0,58.47,Low
2025-01-21,1,P002,Britannia Good Day 600g,Snacks,South,66,37,51,39,120,20,Cloudy,0,112.1,Low
2025-01-21,1,P003,Aashirvaad Atta 5kg,Staples,South,143,77,90,75,248,20,Sunny,0,253.01,Low
2025-01-21,1,P004,Maggi 2-Minute Noodles,Snacks,South,130,40,44,42,48,0,Cloudy,1,47.86,Low
2025-01-21,1,P005,Tata Salt 1kg,Staples,South,207,69,84,71,22,0,Stormy,0,22.48,Low
2025-01-21,1,P006,Coca-Cola 600ml,Beverages,South,52,61,64,57,40,0,Rainy,1,37.23,Low
2025-01-21,1,P007,Parle-G 800g,Snacks,South,162,49,51,44,65,0,Stormy,0,59.8,Low
2025-01-21,1,P008,Surf Excel 1kg,Cleaning,South,62,41,44,41,220,0,Sunny,1,200.94,Low
2025-01-21,1,P009,Amul Butter 500g,Dairy,South,186,68,71,63,275,20,Cloudy,0,262.9,Low
2025-01-21,1,P010,Red Label Tea 500g,Beverages,South,279,72,72,69,255,0,Stormy,0,261.68,Low
2025-01-22,1,P001,Amul Taaza Toned Milk 1L,Dairy,South,242,61,64,57,58,0,Sunny,0,58.12,Low
2025-01-22,1,P002,Britannia Good Day 600g,Snacks,South,228,55,67,55,120,0,Sunny,0,109.32,Low
2025-01-22,1,P003,Aashirvaad Atta 5kg,Staples,South,141,74,85,77,248,0,Rainy,0,233.07,Low
2025-01-22,1,P004,Maggi 2-Minute Noodles,Snacks,South,215,49,54,53,48,0,Sunny,0,45.78,Low
2025-01-22,1,P005,Tata Salt 1kg,Staples,South,97,17,22,19,22,10,Stormy,0,23.44,Low
2025-01-22,1,P006,Coca-Cola 600ml,Beverages,South,106,61,71,56,40,0,Stormy,0,42.47,Low
2025-01-22,1,P007,Parle-G 800g,Snacks,South,86,80,98,77,65,0,Cloudy,0,59.57,Low
2025-01-22,1,P008,Surf Excel 1kg,Cleaning,South,248,28,29,30,220,0,Sunny,0,221.76,Low
2025-01-22,1,P009,Amul Butter 500g,Dairy,South,140,67,72,71,275,0,Rainy,0,294.17,Low
2025-01-22,1,P010,Red Label Tea 500g,Beverages,South,55,75,77,79,255,5,Sunny,0,279.87,Low
2025-01-23,1,P001,Amul Taaza Toned Milk 1L,Dairy,South,187,41,52,38,58,5,Stormy,0,60.64,Low
2025-01-23,1,P002,Britannia Good Day 600g,Snacks,South,59,36,42,34,120,0,Rainy,0,125.94,Low
2025-01-23,1,P003,Aashirvaad Atta 5kg,Staples,South,83,42,43,44,248,15,Sunny,0,246.92,Low
2025-01-23,1,P004,Maggi 2-Minute Noodles,Snacks,South,211,23,26,20,48,0,Stormy,0,47.59,Low
2025-01-23,1,P005,Tata Salt 1kg,Staples,South,54,68,68,70,22,0,Stormy,0,23.41,Low
2025-01-23,1,P006,Coca-Cola 600ml,Beverages,South,184,15,27,18,40,0,Sunny,0,39.76,Low
2025-01-23,1,P007,Parle-G 800g,Snacks,South,205,56,65,57,65,20,Rainy,0,59.17,Low
2025-01-23,1,P008,Surf Excel 1kg,Cleaning,South,190,48,60,50,220,0,Cloudy,0,231.38,Low
2025-01-23,1,P009,Amul Butter 500g,Dairy,South,136,28,38,30,275,0,Stormy,0,288.07,Low
2025-01-23,1,P010,Red Label Tea 500g,Beverages,South,165,33,42,36,255,0,Stormy,0,273.11,Low
2025-01-24,1,P001,Amul Taaza Toned Milk 1L,Dairy,South,296,71,88,73,58,10,Cloudy,0,63.2,Low
2025-01-24,1,P002,Britannia Good Day 600g,Snacks,South,115,52,70,54,120,0,Stormy,0,126.5,Low
2025-01-24,1,P003,Aashirvaad Atta 5kg,Staples,South,173,65,68,62,248,0,Rainy,1,229.77,Low
2025-01-24,1,P004,Maggi 2-Minute Noodles,Snacks,South,162,64,75,65,48,15,Rainy,0,49.33,Low
2025-01-24,1,P005,Tata Salt 1kg,Staples,South,200,74,78,69,22,10,Cloudy,0,21.17,Low
2025-01-24,1,P006,Coca-Cola 600ml,Beverages,South,189,31,49,31,40,15,Rainy,0,40.69,Low
2025-01-24,1,P007,Parle-G 800g,Snacks,South,194,75,87,76,65,5,Rainy,0,70.25,Low
2025-01-24,1,P008,Surf Excel 1kg,Cleaning,South,130,83,94,84,220,15,Sunny,1,201.51,Low
2025-01-24,1,P009,Amul Butter 500g,Dairy,South,151,68,71,66,275,20,Cloudy,1,276.87,Low
2025-01-24,1,P010,Red Label Tea 500g,Beverages,South,61,55,69,56,255,5,Stormy,1,269.08,Low
2025-01-25,1,P001,Amul Taaza Toned Milk 1L,Dairy,South,215,108,123,112,58,10,Cloudy,0,57.9,Low
2025-01-25,1,P002,Britannia Good Day 600g,Snacks,South,51,74,74,73,120,5,Rainy,0,117.62,Low
2025-01-25,1,P003,Aashirvaad Atta 5kg,Staples,South,156,52,68,49,248,0,Stormy,0,269.19,Low
2025-01-25,1,P004,Maggi 2-Minute Noodles,Snacks,South,277,30,45,34,48,0,Stormy,1,52.74,Low
2025-01-25,1,P005,Tata Salt 1kg,Staples,South,80,64,81,62,22,0,Cloudy,0,20.11,Low
2025-01-25,1,P006,Coca-Cola 600ml,Beverages,South,148,111,122,112,40,0,Rainy,0,37.56,Low
2025-01-25,1,P007,Parle-G 800g,Snacks,South,103,82,90,80,65,0,Rainy,0,64.35,Low
2025-01-25,1,P008,Surf Excel 1kg,Cleaning,South,211,93,96,90,220,0,Cloudy,0,224.32,Low
2025-01-25,1,P009,Amul Butter 500g,Dairy,South,137,59,67,56,275,5,Stormy,0,275.59,Low
2025-01-25,1,P010,Red Label Tea 500g,Beverages,South,234,66,75,64,255,10,Rainy,0,270.67,Low
2025-01-26,1,P001,Amul Taaza Toned Milk 1L,Dairy,South,295,80,85,76,58,10,Rainy,0,60.09,Low
2025-01-26,1,P002,Britannia Good Day 600g,Snacks,South,110,96,106,95,120,5,Cloudy,0,130.5,Low
2025-01-26,1,P003,Aashirvaad Atta 5kg,Staples,South,87,19,24,14,248,0,Sunny,1,227.96,Low
2025-01-26,1,P004,Maggi 2-Minute Noodles,Snacks,South,266,91,98,89,48,0,Sunny,0,47.95,Low
2025-01-26,1,P005,Tata Salt 1kg,Staples,South,274,63,77,63,22,10,Stormy,1,20.45,Low
2025-01-26,1,P006,Coca-Cola 600ml,Beverages,South,255,37,42,35,40,20,Sunny,0,39.91,Low
2025-01-26,1,P007,Parle-G 800g,Snacks,South,85,77,85,79,65,0,Cloudy,0,69.8,Low
2025-01-26,1,P008,Surf Excel 1kg,Cleaning,South,108,66,70,63,220,5,Sunny,0,216.97,Low
2025-01-26,1,P009,Amul Butter 500g,Dairy,South,256,62,80,63,275,15,Sunny,0,258.2,Low
2025-01-26,1,P010,Red Label Tea 500g,Beverages,South,152,76,92,80,255,10,Cloudy,0,277.15,Low
2025-01-27,1,P001,Amul Taaza Toned Milk 1L,Dairy,South,274,63,65,66,58,0,Cloudy,0,56.97,Low
2025-01-27,1,P002,Britannia Good Day 600g,Snacks,South,177,59,59,56,120,0,Sunny,1,108.48,Low
2025-01-27,1,P003,Aashirvaad Atta 5kg,Staples,South,85,69,73,72,248,10,Stormy,0,266.05,Low
2025-01-27,1,P004,Maggi 2-Minute Noodles,Snacks,South,82,72,79,73,48,10,Cloudy,1,50.49,Low
2025-01-27,1,P005,Tata Salt 1kg,Staples,South,264,77,78,77,22,0,Stormy,0,22.39,Low
2025-01-27,1,P006,Coca-Cola 600ml,Beverages,South,81,76,84,75,40,0,Sunny,0,42.34,Low
2025-01-27,1,P007,Parle-G 800g,Snacks,South,136,45,59,48,65,0,Stormy,1,60.08,Low
2025-01-27,1,P008,Surf Excel 1kg,Cleaning,South,270,66,81,66,220,0,Cloudy,0,240.02,Low
2025-01-27,1,P009,Amul Butter 500g,Dairy,South,274,13,27,9,275,5,Sunny,1,270.99,Low
2025-01-27,1,P010,Red Label Tea 500g,Beverages,South,287,77,80,79,255,5,Rainy,0,279.37,Low
2025-01-28,1,P001,Amul Taaza Toned Milk 1L,Dairy,South,174,53,57,57,58,10,Rainy,0,60.58,Low
2025-01-28,1,P002,Britannia Good Day 600g,Snacks,South,283,58,75,56,120,5,Stormy,0,123.01,Low
2025-01-28,1,P003,Aashirvaad Atta 5kg,Staples,South,176,59,77,56,248,0,Cloudy,0,267.43,Low
2025-01-28,1,P004,Maggi 2-Minute Noodles,Snacks,South,107,82,84,82,48,15,Sunny,0,52.1,Low
2025-01-28,1,P005,Tata Salt 1kg,Staples,South,278,60,62,61,22,10,Rainy,0,24.17,Low
2025-01-28,1,P006,Coca-Cola 600ml,Beverages,South,60,44,57,45,40,0,Rainy,1,37.79,Low
2025-01-28,1,P007,Parle-G 800g,Snacks,South,54,44,63,44,65,10,Stormy,0,61.85,Low
2025-01-28,1,P008,Surf Excel 1kg,Cleaning,South,202,72,91,71,220,5,Stormy,0,206.65,Low
2025-01-28,1,P009,Amul Butter 500g,Dairy,South,264,58,64,60,275,5,Stormy,0,290.56,Low
2025-01-28,1,P010,Red Label Tea 500g,Beverages,South,176,69,77,68,255,5,Sunny,0,263.71,Low
2025-01-29,1,P001,Amul Taaza Toned Milk 1L,Dairy,South,158,85,91,82,58,20,Cloudy,1,56.54,Low
2025-01-29,1,P002,Britannia Good Day 600g,Snacks,South,54,48,64,52,120,20,Stormy,0,112.41,Low
2025-01-29,1,P003,Aashirvaad Atta 5kg,Staples,South,166,26,33,28,248,10,Sunny,0,251.59,Low
2025-01-29,1,P004,Maggi 2-Minute Noodles,Snacks,South,243,29,44,33,48,20,Cloudy,0,45.46,Low
2025-01-29,1,P005,Tata Salt 1kg,Staples,South,75,16,29,12,22,15,Sunny,1,21.3,Low
2025-01-29,1,P006,Coca-Cola 600ml,Beverages,South,79,81,93,83,40,20,Sunny,0,40.45,Low
2025-01-29,1,P007,Parle-G 800g,Snacks,South,220,49,64,48,65,5,Sunny,0,68.42,Low
2025-01-29,1,P008,Surf Excel 1kg,Cleaning,South,142,47,63,44,220,0,Sunny,0,204.93,Low
2025-01-29,1,P009,Amul Butter 500g,Dairy,South,149,65,71,62,275,0,Stormy,0,258.08,Low
2025-01-29,1,P010,Red Label Tea 500g,Beverages,South,173,74,78,71,255,0,Rainy,0,280.4,Low
2025-01-30,1,P001,Amul Taaza Toned Milk 1L,Dairy,South,249,57,76,53,58,5,Cloudy,1,60.62,Low
2025-01-30,1,P002,Britannia Good Day 600g,Snacks,South,235,54,56,54,120,20,Stormy,0,120.16,Low
2025-01-30,1,P003,Aashirvaad Atta 5kg,Staples,South,168,29,47,30,248,10,Sunny,0,225.07,Low
2025-01-30,1,P004,Maggi 2-Minute Noodles,Snacks,South,70,48,55,49,48,10,Sunny,0,48.95,Low
2025-01-30,1,P005,Tata Salt 1kg,Staples,South,277,57,59,55,22,0,Sunny,0,21.7,Low
2025-01-30,1,P006,Coca-Cola 600ml,Beverages,South,156,66,78,66,40,10,Rainy,1,37.8,Low
2025-01-30,1,P007,Parle-G 800g,Snacks,South,97,70,78,67,65,0,Stormy,1,61.03,Low
2025-01-30,1,P008,Surf Excel 1kg,Cleaning,South,70,67,67,66,220,15,Rainy,0,224.07,Low
2025-01-30,1,P009,Amul Butter 500g,Dairy,South,96,48,57,43,275,0,Cloudy,0,284.52,Low
2025-01-30,1,P010,Red Label Tea 500g,Beverages,South,90,29,39,30,255,0,Rainy,0,262.35,Low
2025-01-31,1,P001,Amul Taaza Toned Milk 1L,Dairy,South,188,37,43,32,58,5,Stormy,0,53.26,Low
2025-01-31,1,P002,Britannia Good Day 600g,Snacks,South,145,59,70,56,120,10,Rainy,1,125.39,Low
2025-01-31,1,P003,Aashirvaad Atta 5kg,Staples,South,235,26,26,27,248,5,Stormy,0,266.31,Low
2025-01-31,1,P004,Maggi 2-Minute Noodles,Snacks,South,163,25,32,28,48,10,Rainy,1,51.03,Low
2025-01-31,1,P005,Tata Salt 1kg,Staples,South,276,35,36,38,22,0,Sunny,1,23.73,Low
2025-01-31,1,P006,Coca-Cola 600ml,Beverages,South,126,55,73,58,40,5,Sunny,1,38.49,Low
2025-01-31,1,P007,Parle-G 800g,Snacks,South,276,37,53,39,65,15,Sunny,0,69.92,Low
2025-01-31,1,P008,Surf Excel 1kg,Cleaning,South,139,67,75,67,220,20,Sunny,1,199.06,Low
2025-01-31,1,P009,Amul Butter 500g,Dairy,South,295,49,61,49,275,0,Sunny,0,293.27,Low
2025-01-31,1,P010,Red Label Tea 500g,Beverages,South,179,41,42,36,255,0,Sunny,0,241.34,Low
2025-02-01,1,P001,Amul Taaza Toned Milk 1L,Dairy,South,70,59,75,60,58,15,Rainy,0,55.78,Low
2025-02-01,1,P002,Britannia Good Day 600g,Snacks,South,184,36,41,36,120,5,Sunny,1,131.38,Low
2025-02-01,1,P003,Aashirvaad Atta 5kg,Staples,South,237,65,67,65,248,0,Stormy,0,262.07,Low
2025-02-01,1,P004,Maggi 2-Minute Noodles,Snacks,South,77,30,44,25,48,0,Cloudy,0,47.76,Low
2025-02-01,1,P005,Tata Salt 1kg,Staples,South,290,43,46,42,22,20,Cloudy,0,23.03,Low
2025-02-01,1,P006,Coca-Cola 600ml,Beverages,South,269,24,28,24,40,15,Rainy,0,42.54,Low
2025-02-01,1,P007,Parle-G 800g,Snacks,South,193,80,97,84,65,0,Rainy,0,67.05,Low
2025-02-01,1,P008,Surf Excel 1kg,Cleaning,South,76,42,49,42,220,5,Cloudy,1,224.63,Low
2025-02-01,1,P009,Amul Butter 500g,Dairy,South,101,73,83,75,275,0,Cloudy,0,248.24,Low
2025-02-01,1,P010,Red Label Tea 500g,Beverages,South,113,58,77,53,255,0,Cloudy,1,245.26,Low
2025-02-02,1,P001,Amul Taaza Toned Milk 1L,Dairy,South,263,73,86,70,58,10,Rainy,0,57.17,Low
2025-02-02,1,P002,Britannia Good Day 600g,Snacks,South,166,32,49,28,120,5,Cloudy,1,109.34,Low
2025-02-02,1,P003,Aashirvaad Atta 5kg,Staples,South,235,80,86,77,248,20,Stormy,0,239.17,Low
2025-02-02,1,P004,Maggi 2-Minute Noodles,Snacks,South,252,27,42,25,48,0,Rainy,1,51.66,Low
2025-02-02,1,P005,Tata Salt 1kg,Staples,South,106,54,71,56,22,0,Rainy,1,20.7,Low
2025-02-02,1,P006,Coca-Cola 600ml,Beverages,South,131,85,100,84,40,15,Stormy,0,40.28,Low
2025-02-02,1,P007,Parle-G 800g,Snacks,South,85,54,62,56,65,10,Rainy,0,62.69,Low
2025-02-02,1,P008,Surf Excel 1kg,Cleaning,South,251,86,93,83,220,5,Cloudy,0,200.55,Low
2025-02-02,1,P009,Amul Butter 500g,Dairy,South,122,24,25,20,275,0,Sunny,0,302.34,Low
2025-02-02,1,P010,Red Label Tea 500g,Beverages,South,82,84,98,88,255,5,Cloudy,0,243.31,Low
2025-02-03,1,P001,Amul Taaza Toned Milk 1L,Dairy,South,292,57,59,56,58,5,Sunny,0,63.19,Low
2025-02-03,1,P002,Britannia Good Day 600g,Snacks,South,210,72,90,74,120,20,Rainy,1,125.73,Low
2025-02-03,1,P003,Aashirvaad Atta 5kg,Staples,South,184,34,46,35,248,0,Rainy,0,247.59,Low
2025-02-03,1,P004,Maggi 2-Minute Noodles,Snacks,South,69,73,89,72,48,0,Stormy,0,47.04,Low
2025-02-03,1,P005,Tata Salt 1kg,Staples,South,186,65,67,62,22,20,Cloudy,0,19.89,Low
2025-02-03,1,P006,Coca-Cola 600ml,Beverages,South,143,60,68,57,40,5,Rainy,0,40.73,Low
2025-02-03,1,P007,Parle-G 800g,Snacks,South,126,17,22,14,65,0,Rainy,0,58.5,Low
2025-02-03,1,P008,Surf Excel 1kg,Cleaning,South,181,38,50,33,220,0,Sunny,0,224.55,Low
2025-02-03,1,P009,Amul Butter 500g,Dairy,South,191,24,26,25,275,0,Sunny,0,278.25,Low
2025-02-03,1,P010,Red Label Tea 500g,Beverages,South,61,77,95,77,255,15,Rainy,0,242.2,Low
2025-02-04,1,P001,Amul Taaza Toned Milk 1L,Dairy,South,228,58,72,61,58,0,Stormy,0,58.68,Low
2025-02-04,1,P002,Britannia Good Day 600g,Snacks,South,259,41,59,41,120,10,Cloudy,0,122.33,Low
2025-02-04,1,P003,Aashirvaad Atta 5kg,Staples,South,140,75,79,79,248,10,Cloudy,0,229.15,Low
2025-02-04,1,P004,Maggi 2-Minute Noodles,Snacks,South,65,44,57,45,48,20,Rainy,0,44.3,Low
2025-02-04,1,P005,Tata Salt 1kg,Staples,South,283,66,85,62,22,0,Stormy,0,20.2,Low
2025-02-04,1,P006,Coca-Cola 600ml,Beverages,South,223,71,86,67,40,0,Sunny,0,38.39,Low
2025-02-04,1,P007,Parle-G 800g,Snacks,South,209,80,97,84,65,20,Stormy,0,66.38,Low
2025-02-04,1,P008,Surf Excel 1kg,Cleaning,South,258,30,32,26,220,0,Cloudy,1,213.58,Low
2025-02-04,1,P009,Amul Butter 500g,Dairy,South,118,44,52,43,275,10,Sunny,0,252.28,Low
2025-02-04,1,P010,Red Label Tea 500g,Beverages,South,290,36,55,38,255,0,Sunny,1,256.13,Low
2025-02-05,1,P001,Amul Taaza Toned Milk 1L,Dairy,South,63,83,93,81,58,20,Cloudy,0,58.22,Low
2025-02-05,1,P002,Britannia Good Day 600g,Snacks,South,74,59,67,61,120,20,Rainy,0,128.09,Low
2025-02-05,1,P003,Aashirvaad Atta 5kg,Staples,South,181,55,59,57,248,0,Sunny,0,258.29,Low
2025-02-05,1,P004,Maggi 2-Minute Noodles,Snacks,South,131,31,35,27,48,0,Sunny,0,48.3,Low
2025-02-05,1,P005,Tata Salt 1kg,Staples,South,198,65,75,61,22,5,Stormy,1,21.88,Low
2025-02-05,1,P006,Coca-Cola 600ml,Beverages,South,125,66,68,68,40,0,Stormy,0,36.15,Low
2025-02-05,1,P007,Parle-G 800g,Snacks,South,171,45,51,49,65,0,Cloudy,0,60.96,Low
2025-02-05,1,P008,Surf Excel 1kg,Cleaning,South,225,73,85,70,220,15,Rainy,0,219.51,Low
2025-02-05,1,P009,Amul Butter 500g,Dairy,South,74,41,44,45,275,20,Cloudy,0,255.98,Low
2025-02-05,1,P010,Red Label Tea 500g,Beverages,South,97,64,81,63,255,10,Cloudy,0,245.81,Low
2025-02-06,1,P001,Amul Taaza Toned Milk 1L,Dairy,South,175,35,43,36,58,10,Cloudy,0,55.23,Low
2025-02-06,1,P002,Britannia Good Day 600g,Snacks,South,285,67,84,71,120,0,Sunny,0,121.87,Low
2025-02-06,1,P003,Aashirvaad Atta 5kg,Staples,South,155,38,53,36,248,0,Stormy,1,254.83,Low
2025-02-06,1,P004,Maggi 2-Minute Noodles,Snacks,South,84,25,36,20,48,0,Rainy,1,51.99,Low
2025-02-06,1,P005,Tata Salt 1kg,Staples,South,158,54,55,58,22,20,Sunny,0,21.57,Low
2025-02-06,1,P006,Coca-Cola 600ml,Beverages,South,229,69,75,64,40,15,Sunny,0,43.53,Low
2025-02-06,1,P007,Parle-G 800g,Snacks,South,188,43,59,40,65,0,Stormy,0,59.4,Low
2025-02-06,1,P008,Surf Excel 1kg,Cleaning,South,293,44,57,48,220,0,Rainy,0,200.34,Low
2025-02-06,1,P009,Amul Butter 500g,Dairy,South,174,72,85,76,275,0,Stormy,0,275.31,Low
2025-02-06,1,P010,Red Label Tea 500g,Beverages,South,65,37,41,37,255,10,Stormy,1,263.55,Low
2025-02-07,1,P001,Amul Taaza Toned Milk 1L,Dairy,South,206,19,31,23,58,0,Cloudy,0,58.98,Low
2025-02-07,1,P002,Britannia Good Day 600g,Snacks,South,247,30,41,33,120,0,Rainy,0,128.88,Low
2025-02-07,1,P003,Aashirvaad Atta 5kg,Staples,South,126,84,85,79,248,20,Cloudy,0,227.79,Low
2025-02-07,1,P004,Maggi 2-Minute Noodles,Snacks,South,163,25,33,23,48,0,Sunny,0,43.22,Low
2025-02-07,1,P005,Tata Salt 1kg,Staples,South,193,81,94,79,22,0,Cloudy,1,22.39,Low
2025-02-07,1,P006,Coca-Cola 600ml,Beverages,South,288,41,43,41,40,0,Stormy,1,37.89,Low
2025-02-07,1,P007,Parle-G 800g,Snacks,South,165,86,90,85,65,0,Cloudy,0,62.23,Low
2025-02-07,1,P008,Surf Excel 1kg,Cleaning,South,181,34,37,33,220,20,Rainy,0,230.87,Low
2025-02-07,1,P009,Amul Butter 500g,Dairy,South,95,70,85,70,275,5,Rainy,0,260.24,Low
2025-02-07,1,P010,Red Label Tea 500g,Beverages,South,91,43,47,46,255,0,Cloudy,0,270.07,Low
2025-02-08,1,P001,Amul Taaza Toned Milk 1L,Dairy,South,184,64,75,65,58,15,Rainy,0,60.27,Low
2025-02-08,1,P002,Britannia Good Day 600g,Snacks,South,175,89,101,89,120,0,Cloudy,0,124.67,Low
2025-02-08,1,P003,Aashirvaad Atta 5kg,Staples,South,135,68,72,63,248,0,Sunny,0,264.26,Low
2025-02-08,1,P004,Maggi 2-Minute Noodles,Snacks,South,133,92,108,90,48,20,Rainy,0,45.42,Low
2025-02-08,1,P005,Tata Salt 1kg,Staples,South,184,28,42,31,22,0,Sunny,0,22.63,Low
2025-02-08,1,P006,Coca-Cola 600ml,Beverages,South,295,54,59,55,40,0,Cloudy,0,41.31,Low
2025-02-08,1,P007,Parle-G 800g,Snacks,South,206,82,89,85,65,0,Stormy,0,60.4,Low
2025-02-08,1,P008,Surf Excel 1kg,Cleaning,South,125,39,48,41,220,20,Stormy,0,223.79,Low
2025-02-08,1,P009,Amul Butter 500g,Dairy,South,64,37,52,34,275,20,Sunny,0,289.21,Low
2025-02-08,1,P010,Red Label Tea 500g,Beverages,South,52,94,102,94,255,20,Rainy,1,243.57,Low
2025-02-09,1,P001,Amul Taaza Toned Milk 1L,Dairy,South,52,52,70,54,58,20,Rainy,1,55.93,Low
2025-02-09,1,P002,Britannia Good Day 600g,Snacks,South,89,81,82,82,120,15,Sunny,0,112.44,Low
2025-02-09,1,P003,Aashirvaad Atta 5kg,Staples,South,145,95,95,93,248,0,Rainy,1,249.58,Low
2025-02-09,1,P004,Maggi 2-Minute Noodles,Snacks,South,147,34,39,35,48,0,Sunny,1,51.17,Low
2025-02-09,1,P005,Tata Salt 1kg,Staples,South,188,40,47,38,22,0,Cloudy,0,20.6,Low
2025-02-09,1,P006,Coca-Cola 600ml,Beverages,South,279,43,51,43,40,0,Rainy,0,42.63,Low
2025-02-09,1,P007,Parle-G 800g,Snacks,South,282,100,118,95,65,0,Stormy,1,66.13,Low
2025-02-09,1,P008,Surf Excel 1kg,Cleaning,South,224,107,112,106,220,15,Cloudy,0,213.04,Low
2025-02-09,1,P009,Amul Butter 500g,Dairy,South,170,62,76,62,275,0,Stormy,0,259.07,Low
2025-02-09,1,P010,Red Label Tea 500g,Beverages,South,182,100,103,104,255,0,Cloudy,0,273.33,Low
2025-02-10,1,P001,Amul Taaza Toned Milk 1L,Dairy,South,254,24,34,24,58,0,Rainy,0,61.36,Low
2025-02-10,1,P002,Britannia Good Day 600g,Snacks,South,130,42,61,38,120,15,Rainy,0,129.5,Low
2025-02-10,1,P003,Aashirvaad Atta 5kg,Staples,South,113,73,84,73,248,0,Rainy,0,250.99,Low
2025-02-10,1,P004,Maggi 2-Minute Noodles,Snacks,South,250,33,35,36,48,20,Cloudy,1,49.85,Low
2025-02-10,1,P005,Tata Salt 1kg,Staples,South,136,63,80,61,22,0,Stormy,1,20.22,Low
2025-02-10,1,P006,Coca-Cola 600ml,Beverages,South,281,54,65,51,40,5,Cloudy,1,38.84,Low
2025-02-10,1,P007,Parle-G 800g,Snacks,South,146,61,63,57,65,20,Rainy,1,70.74,Low
2025-02-10,1,P008,Surf Excel 1kg,Cleaning,South,52,76,90,72,220,0,Sunny,0,199.75,Low
2025-02-10,1,P009,Amul Butter 500g,Dairy,South,111,37,40,34,275,20,Rainy,0,273.08,Low
2025-02-10,1,P010,Red Label Tea 500g,Beverages,South,77,32,38,30,255,20,Rainy,0,238.25,Low
2025-02-11,1,P001,Amul Taaza Toned Milk 1L,Dairy,South,170,17,32,16,58,0,Stormy,0,60.09,Low
2025-02-11,1,P002,Britannia Good Day 600g,Snacks,South,131,33,37,34,120,0,Cloudy,1,124.44,Low
2025-02-11,1,P003,Aashirvaad Atta 5kg,Staples,South,227,55,69,57,248,0,Stormy,0,260.84,Low
2025-02-11,1,P004,Maggi 2-Minute Noodles,Snacks,South,128,22,41,26,48,0,Stormy,0,46.16,Low
2025-02-11,1,P005,Tata Salt 1kg,Staples,South,157,31,35,31,22,10,Rainy,0,20.78,Low
2025-02-11,1,P006,Coca-Cola 600ml,Beverages,South,164,56,63,53,40,5,Cloudy,0,41.14,Low
2025-02-11,1,P007,Parle-G 800g,Snacks,South,107,43,55,42,65,10,Sunny,0,65.05,Low
2025-02-11,1,P008,Surf Excel 1kg,Cleaning,South,96,52,63,56,220,0,Rainy,1,229.06,Low
2025-02-11,1,P009,Amul Butter 500g,Dairy,South,59,86,92,87,275,0,Stormy,0,297.0,Low
2025-02-11,1,P010,Red Label Tea 500g,Beverages,South,141,63,78,61,255,20,Sunny,1,262.74,Low
2025-02-12,1,P001,Amul Taaza Toned Milk 1L,Dairy,South,142,56,63,51,58,10,Cloudy,0,57.46,Low
2025-02-12,1,P002,Britannia Good Day 600g,Snacks,South,143,69,82,72,120,15,Stormy,0,119.32,Low
2025-02-12,1,P003,Aashirvaad Atta 5kg,Staples,South,236,61,78,65,248,0,Sunny,0,253.79,Low
2025-02-12,1,P004,Maggi 2-Minute Noodles,Snacks,South,138,63,74,60,48,0,Cloudy,1,45.02,Low
2025-02-12,1,P005,Tata Salt 1kg,Staples,South,119,48,66,47,22,10,Rainy,0,21.49,Low
2025-02-12,1,P006,Coca-Cola 600ml,Beverages,South,295,44,46,39,40,10,Cloudy,0,36.29,Low
2025-02-12,1,P007,Parle-G 800g,Snacks,South,66,67,71,66,65,20,Stormy,0,71.12,Low
2025-02-12,1,P008,Surf Excel 1kg,Cleaning,South,146,35,40,36,220,0,Rainy,0,202.97,Low
2025-02-12,1,P009,Amul Butter 500g,Dairy,South,74,37,53,37,275,10,Cloudy,0,258.22,Low
2025-02-12,1,P010,Red Label Tea 500g,Beverages,South,89,74,84,75,255,15,Cloudy,0,259.28,Low
2025-02-13,1,P001,Amul Taaza Toned Milk 1L,Dairy,South,254,26,38,25,58,5,Stormy,0,57.34,Low
2025-02-13,1,P002,Britannia Good Day 600g,Snacks,South,185,76,83,77,120,0,Sunny,0,128.22,Low
2025-02-13,1,P003,Aashirvaad Atta 5kg,Staples,South,155,31,44,34,248,20,Rainy,0,249.61,Low
2025-02-13,1,P004,Maggi 2-Minute Noodles,Snacks,South,161,32,50,35,48,20,Cloudy,0,46.21,Low
2025-02-13,1,P005,Tata Salt 1kg,Staples,South,259,23,38,20,22,0,Sunny,0,21.05,Low
2025-02-13,1,P006,Coca-Cola 600ml,Beverages,South,144,52,60,48,40,0,Stormy,0,41.18,Low
2025-02-13,1,P007,Parle-G 800g,Snacks,South,219,55,60,56,65,0,Cloudy,1,69.95,Low
2025-02-13,1,P008,Surf Excel 1kg,Cleaning,South,293,49,63,44,220,0,Stormy,0,230.48,Low
2025-02-13,1,P009,Amul Butter 500g,Dairy,South,296,70,86,69,275,0,Stormy,0,293.72,Low
2025-02-13,1,P010,Red Label Tea 500g,Beverages,South,115,17,31,16,255,0,Stormy,0,244.36,Low
2025-02-14,1,P001,Amul Taaza Toned Milk 1L,Dairy,South,84,55,60,54,58,20,Cloudy,0,60.13,Low
2025-02-14,1,P002,Britannia Good Day 600g,Snacks,South,293,23,29,24,120,0,Rainy,0,108.77,Low
2025-02-14,1,P003,Aashirvaad Atta 5kg,Staples,South,170,32,49,32,248,15,Stormy,0,245.52,Low
2025-02-14,1,P004,Maggi 2-Minute Noodles,Snacks,South,294,29,38,28,48,20,Rainy,1,49.83,Low
2025-02-14,1,P005,Tata Salt 1kg,Staples,South,290,58,70,57,22,10,Stormy,0,24.04,Low
2025-02-14,1,P006,Coca-Cola 600ml,Beverages,South,270,53,62,50,40,0,Rainy,1,36.59,Low
2025-02-14,1,P007,Parle-G 800g,Snacks,South,220,14,32,17,65,20,Rainy,0,61.53,Low
2025-02-14,1,P008,Surf Excel 1kg,Cleaning,South,216,52,56,52,220,0,Rainy,1,211.08,Low
2025-02-14,1,P009,Amul Butter 500g,Dairy,South,246,82,89,78,275,0,Sunny,0,284.38,Low
2025-02-14,1,P010,Red Label Tea 500g,Beverages,South,107,31,48,30,255,15,Sunny,0,263.46,Low
2025-02-15,1,P001,Amul Taaza Toned Milk 1L,Dairy,South,54,40,43,35,58,20,Rainy,0,54.09,Low
2025-02-15,1,P002,Britannia Good Day 600g,Snacks,South,134,87,96,86,120,0,Stormy,0,129.6,Low
2025-02-15,1,P003,Aashirvaad Atta 5kg,Staples,South,174,80,85,84,248,0,Cloudy,0,269.56,Low
2025-02-15,1,P004,Maggi 2-Minute Noodles,Snacks,South,160,40,46,41,48,0,Cloudy,0,49.67,Low
2025-02-15,1,P005,Tata Salt 1kg,Staples,South,237,76,85,73,22,20,Stormy,0,23.7,Low
2025-02-15,1,P006,Coca-Cola 600ml,Beverages,South,109,104,122,104,40,20,Stormy,1,38.83,Low
2025-02-15,1,P007,Parle-G 800g,Snacks,South,130,53,68,49,65,0,Sunny,1,64.11,Low
2025-02-15,1,P008,Surf Excel 1kg,Cleaning,South,182,29,33,28,220,0,Cloudy,0,236.3,Low
2025-02-15,1,P009,Amul Butter 500g,Dairy,South,247,50,67,46,275,15,Sunny,1,278.98,Low
2025-02-15,1,P010,Red Label Tea 500g,Beverages,South,250,27,43,25,255,0,Sunny,0,262.66,Low
2025-02-16,1,P001,Amul Taaza Toned Milk 1L,Dairy,South,247,60,64,58,58,5,Stormy,1,63.26,Low
2025-02-16,1,P002,Britannia Good Day 600g,Snacks,South,254,68,71,72,120,0,Rainy,0,110.55,Low
2025-02-16,1,P003,Aashirvaad Atta 5kg,Staples,South,243,73,74,76,248,5,Sunny,0,251.85,Low
2025-02-16,1,P004,Maggi 2-Minute Noodles,Snacks,South,72,44,59,44,48,0,Rainy,0,45.29,Low
2025-02-16,1,P005,Tata Salt 1kg,Staples,South,89,88,107,87,22,0,Stormy,0,21.43,Low
2025-02-16,1,P006,Coca-Cola 600ml,Beverages,South,192,18,32,17,40,15,Stormy,0,38.83,Low
2025-02-16,1,P007,Parle-G 800g,Snacks,South,234,66,85,67,65,0,Sunny,1,64.2,Low
2025-02-16,1,P008,Surf Excel 1kg,Cleaning,South,61,50,52,46,220,10,Stormy,1,224.18,Low
2025-02-16,1,P009,Amul Butter 500g,Dairy,South,217,46,51,50,275,0,Cloudy,0,249.39,Low
2025-02-16,1,P010,Red Label Tea 500g,Beverages,South,107,54,63,50,255,5,Stormy,0,255.85,Low
2025-02-17,1,P001,Amul Taaza Toned Milk 1L,Dairy,South,138,56,61,60,58,20,Rainy,0,63.22,Low
2025-02-17,1,P002,Britannia Good Day 600g,Snacks,South,136,80,84,84,120,10,Stormy,0,125.77,Low
2025-02-17,1,P003,Aashirvaad Atta 5kg,Staples,South,177,51,66,55,248,0,Rainy,0,249.68,Low
2025-02-17,1,P004,Maggi 2-Minute Noodles,Snacks,South,105,80,86,75,48,5,Rainy,1,49.93,Low
2025-02-17,1,P005,Tata Salt 1kg,Staples,South,255,43,50,47,22,15,Cloudy,0,20.12,Low
2025-02-17,1,P006,Coca-Cola 600ml,Beverages,South,126,37,46,40,40,20,Rainy,1,43.84,Low
2025-02-17,1,P007,Parle-G 800g,Snacks,South,166,37,41,38,65,5,Stormy,1,64.22,Low
2025-02-17,1,P008,Surf Excel 1kg,Cleaning,South,97,57,69,52,220,15,Stormy,0,216.08,Low
2025-02-17,1,P009,Amul Butter 500g,Dairy,South,85,50,66,53,275,10,Cloudy,0,274.7,Low
2025-02-17,1,P010,Red Label Tea 500g,Beverages,South,117,70,79,73,255,0,Sunny,0,273.29,Low
2025-02-18,1,P001,Amul Taaza Toned Milk 1L,Dairy,South,139,69,82,67,58,20,Sunny,0,55.39,Low
2025-02-18,1,P002,Britannia Good Day 600g,Snacks,South,113,77,82,73,120,0,Cloudy,0,125.47,Low
2025-02-18,1,P003,Aashirvaad Atta 5kg,Staples,South,221,70,79,74,248,10,Rainy,1,247.41,Low
2025-02-18,1,P004,Maggi 2-Minute Noodles,Snacks,South,289,52,66,51,48,0,Sunny,1,49.32,Low
2025-02-18,1,P005,Tata Salt 1kg,Staples,South,203,61,77,58,22,5,Stormy,0,23.78,Low
2025-02-18,1,P006,Coca-Cola 600ml,Beverages,South,253,41,56,36,40,0,Cloudy,0,36.62,Low
2025-02-18,1,P007,Parle-G 800g,Snacks,South,242,36,40,31,65,0,Rainy,0,70.03,Low
2025-02-18,1,P008,Surf Excel 1kg,Cleaning,South,262,65,74,67,220,0,Cloudy,1,214.05,Low
2025-02-18,1,P009,Amul Butter 500g,Dairy,South,203,20,29,18,275,10,Cloudy,0,277.07,Low
2025-02-18,1,P010,Red Label Tea 500g,Beverages,South,77,38,39,35,255,20,Rainy,0,232.11,Low
2025-02-19,1,P001,Amul Taaza Toned Milk 1L,Dairy,South,216,53,59,54,58,0,Rainy,0,58.31,Low
2025-02-19,1,P002,Britannia Good Day 600g,Snacks,South,135,53,56,54,120,5,Stormy,1,130.57,Low
2025-02-19,1,P003,Aashirvaad Atta 5kg,Staples,South,122,63,81,64,248,5,Sunny,0,227.49,Low
2025-02-19,1,P004,Maggi 2-Minute Noodles,Snacks,South,281,22,29,17,48,5,Stormy,0,45.79,Low
2025-02-19,1,P005,Tata Salt 1kg,Staples,South,142,70,71,67,22,15,Sunny,0,22.07,Low
2025-02-19,1,P006,Coca-Cola 600ml,Beverages,South,94,30,35,29,40,15,Sunny,1,40.26,Low
2025-02-19,1,P007,Parle-G 800g,Snacks,South,168,41,59,39,65,0,Rainy,0,71.19,Low
2025-02-19,1,P008,Surf Excel 1kg,Cleaning,South,278,35,42,38,220,20,Cloudy,0,235.83,Low
2025-02-19,1,P009,Amul Butter 500g,Dairy,South,96,46,62,42,275,20,Sunny,0,258.95,Low
2025-02-19,1,P010,Red Label Tea 500g,Beverages,South,84,67,79,65,255,0,Rainy,0,245.32,Low
2025-02-20,1,P001,Amul Taaza Toned Milk 1L,Dairy,South,285,32,43,29,58,0,Sunny,0,63.06,Low
2025-02-20,1,P002,Britannia Good Day 600g,Snacks,South,260,28,43,32,120,10,Cloudy,0,116.33,Low
2025-02-20,1,P003,Aashirvaad Atta 5kg,Staples,South,79,52,60,50,248,0,Rainy,1,240.86,Low
2025-02-20,1,P004,Maggi 2-Minute Noodles,Snacks,South,86,50,62,47,48,5,Cloudy,0,43.98,Low
2025-02-20,1,P005,Tata Salt 1kg,Staples,South,99,79,82,77,22,20,Rainy,0,22.27,Low
2025-02-20,1,P006,Coca-Cola 600ml,Beverages,South,273,20,28,16,40,5,Sunny,0,43.02,Low
2025-02-20,1,P007,Parle-G 800g,Snacks,South,277,66,69,68,65,15,Cloudy,0,58.54,Low
2025-02-20,1,P008,Surf Excel 1kg,Cleaning,South,228,46,56,42,220,0,Rainy,1,199.63,Low
2025-02-20,1,P009,Amul Butter 500g,Dairy,South,177,55,65,56,275,5,Cloudy,1,298.65,Low
2025-02-20,1,P010,Red Label Tea 500g,Beverages,South,222,75,77,78,255,20,Rainy,0,264.19,Low
2025-02-21,1,P001,Amul Taaza Toned Milk 1L,Dairy,South,218,78,78,80,58,10,Cloudy,0,60.65,Low
2025-02-21,1,P002,Britannia Good Day 600g,Snacks,South,136,43,60,42,120,0,Sunny,0,114.24,Low
2025-02-21,1,P003,Aashirvaad Atta 5kg,Staples,South,231,48,54,52,248,15,Rainy,0,272.29,Low
2025-02-21,1,P004,Maggi 2-Minute Noodles,Snacks,South,140,42,45,46,48,5,Cloudy,0,47.67,Low
2025-02-21,1,P005,Tata Salt 1kg,Staples,South,261,40,54,42,22,15,Cloudy,0,20.34,Low
2025-02-21,1,P006,Coca-Cola 600ml,Beverages,South,172,66,66,67,40,15,Rainy,0,38.31,Low
2025-02-21,1,P007,Parle-G 800g,Snacks,South,189,60,68,57,65,0,Rainy,0,64.93,Low
2025-02-21,1,P008,Surf Excel 1kg,Cleaning,South,182,39,39,34,220,0,Sunny,0,240.75,Low
2025-02-21,1,P009,Amul Butter 500g,Dairy,South,196,32,36,31,275,5,Cloudy,0,250.24,Low
2025-02-21,1,P010,Red Label Tea 500g,Beverages,South,101,37,50,33,255,10,Stormy,1,252.55,Low
2025-02-22,1,P001,Amul Taaza Toned Milk 1L,Dairy,South,115,88,100,88,58,0,Rainy,0,60.81,Low
2025-02-22,1,P002,Britannia Good Day 600g,Snacks,South,65,75,89,71,120,15,Stormy,1,115.9,Low
2025-02-22,1,P003,Aashirvaad Atta 5kg,Staples,South,156,27,39,24,248,0,Stormy,0,254.01,Low
2025-02-22,1,P004,Maggi 2-Minute Noodles,Snacks,South,184,53,64,55,48,10,Cloudy,0,50.69,Low
2025-02-22,1,P005,Tata Salt 1kg,Staples,South,174,101,106,101,22,0,Stormy,0,21.46,Low
2025-02-22,1,P006,Coca-Cola 600ml,Beverages,South,247,50,67,49,40,0,Rainy,0,41.5,Low
2025-02-22,1,P007,Parle-G 800g,Snacks,South,148,94,105,92,65,0,Stormy,0,59.14,Low
2025-02-22,1,P008,Surf Excel 1kg,Cleaning,South,189,73,76,72,220,0,Rainy,0,204.63,Low
2025-02-22,1,P009,Amul Butter 500g,Dairy,South,210,107,121,109,275,20,Sunny,1,281.77,Low
2025-02-22,1,P010,Red Label Tea 500g,Beverages,South,238,35,38,30,255,0,Sunny,1,278.64,Low
2025-02-23,1,P001,Amul Taaza Toned Milk 1L,Dairy,South,51,103,121,103,58,15,Sunny,0,56.02,Low
2025-02-23,1,P002,Britannia Good Day 600g,Snacks,South,50,34,42,34,120,10,Stormy,1,112.96,Low
2025-02-23,1,P003,Aashirvaad Atta 5kg,Staples,South,299,54,65,49,248,20,Sunny,1,233.41,Low
2025-02-23,1,P004,Maggi 2-Minute Noodles,Snacks,South,286,74,81,72,48,0,Stormy,1,49.58,Low
2025-02-23,1,P005,Tata Salt 1kg,Staples,South,274,96,110,98,22,0,Sunny,1,20.88,Low
2025-02-23,1,P006,Coca-Cola 600ml,Beverages,South,244,85,89,87,40,5,Sunny,0,37.09,Low
2025-02-23,1,P007,Parle-G 800g,Snacks,South,195,37,47,34,65,0,Rainy,0,60.15,Low
2025-02-23,1,P008,Surf Excel 1kg,Cleaning,South,204,97,105,94,220,20,Sunny,0,218.85,Low
2025-02-23,1,P009,Amul Butter 500g,Dairy,South,149,57,57,61,275,20,Cloudy,0,252.1,Low
2025-02-23,1,P010,Red Label Tea 500g,Beverages,South,242,56,59,57,255,10,Cloudy,0,269.31,Low
2025-02-24,1,P001,Amul Taaza Toned Milk 1L,Dairy,South,124,64,70,61,58,0,Sunny,0,59.24,Low
2025-02-24,1,P002,Britannia Good Day 600g,Snacks,South,70,64,78,61,120,15,Stormy,0,111.93,Low
2025-02-24,1,P003,Aashirvaad Atta 5kg,Staples,South,199,46,59,49,248,5,Rainy,0,226.62,Low
2025-02-24,1,P004,Maggi 2-Minute Noodles,Snacks,South,166,38,52,38,48,20,Stormy,0,49.6,Low
2025-02-24,1,P005,Tata Salt 1kg,Staples,South,265,30,46,32,22,0,Rainy,0,23.31,Low
2025-02-24,1,P006,Coca-Cola 600ml,Beverages,South,109,12,17,9,40,0,Rainy,1,39.32,Low
2025-02-24,1,P007,Parle-G 800g,Snacks,South,81,38,54,34,65,0,Stormy,0,69.79,Low
2025-02-24,1,P008,Surf Excel 1kg,Cleaning,South,190,46,59,45,220,10,Rainy,0,209.61,Low
2025-02-24,1,P009,Amul Butter 500g,Dairy,South,151,30,34,27,275,5,Rainy,0,302.29,Low
2025-02-24,1,P010,Red Label Tea 500g,Beverages,South,271,78,87,80,255,0,Stormy,0,258.69,Low
2025-02-25,1,P001,Amul Taaza Toned Milk 1L,Dairy,South,299,87,100,91,58,5,Rainy,1,59.68,Low
2025-02-25,1,P002,Britannia Good Day 600g,Snacks,South,135,31,48,35,120,0,Sunny,0,129.96,Low
2025-02-25,1,P003,Aashirvaad Atta 5kg,Staples,South,206,34,40,30,248,0,Stormy,0,263.74,Low
2025-02-25,1,P004,Maggi 2-Minute Noodles,Snacks,South,174,38,57,33,48,0,Stormy,0,52.07,Low
2025-02-25,1,P005,Tata Salt 1kg,Staples,South,53,61,79,58,22,15,Stormy,0,19.81,Low
2025-02-25,1,P006,Coca-Cola 600ml,Beverages,South,170,22,38,26,40,10,Rainy,0,40.97,Low
2025-02-25,1,P007,Parle-G 800g,Snacks,South,179,40,48,39,65,10,Sunny,0,62.13,Low
2025-02-25,1,P008,Surf Excel 1kg,Cleaning,South,88,72,78,70,220,10,Cloudy,0,213.46,Low
2025-02-25,1,P009,Amul Butter 500g,Dairy,South,191,27,32,25,275,10,Cloudy,0,301.61,Low
2025-02-25,1,P010,Red Label Tea 500g,Beverages,South,108,23,26,27,255,5,Rainy,0,238.31,Low
2025-02-26,1,P001,Amul Taaza Toned Milk 1L,Dairy,South,243,48,56,48,58,15,Stormy,0,57.1,Low
2025-02-26,1,P002,Britannia Good Day 600g,Snacks,South,293,34,43,38,120,15,Rainy,0,126.28,Low
2025-02-26,1,P003,Aashirvaad Atta 5kg,Staples,South,128,58,59,57,248,0,Stormy,0,244.29,Low
2025-02-26,1,P004,Maggi 2-Minute Noodles,Snacks,South,282,76,95,75,48,5,Sunny,1,45.45,Low
2025-02-26,1,P005,Tata Salt 1kg,Staples,South,211,43,62,39,22,0,Rainy,0,22.07,Low
2025-02-26,1,P006,Coca-Cola 600ml,Beverages,South,148,29,45,31,40,0,Stormy,0,43.04,Low
2025-02-26,1,P007,Parle-G 800g,Snacks,South,224,51,70,54,65,0,Stormy,0,68.9,Low
2025-02-26,1,P008,Surf Excel 1kg,Cleaning,South,130,29,41,27,220,5,Sunny,0,211.6,Low
2025-02-26,1,P009,Amul Butter 500g,Dairy,South,154,68,83,69,275,15,Cloudy,0,289.71,Low
2025-02-26,1,P010,Red Label Tea 500g,Beverages,South,152,32,50,34,255,0,Sunny,0,259.57,Low
2025-02-27,1,P001,Amul Taaza Toned Milk 1L,Dairy,South,175,65,70,64,58,20,Cloudy,0,52.44,Low
2025-02-27,1,P002,Britannia Good Day 600g,Snacks,South,79,71,77,74,120,0,Cloudy,0,114.39,Low
2025-02-27,1,P003,Aashirvaad Atta 5kg,Staples,South,291,40,45,39,248,20,Stormy,1,232.31,Low
2025-02-27,1,P004,Maggi 2-Minute Noodles,Snacks,South,290,56,60,58,48,0,Cloudy,0,49.3,Low
2025-02-27,1,P005,Tata Salt 1kg,Staples,South,287,85,95,89,22,5,Sunny,0,23.85,Low
2025-02-27,1,P006,Coca-Cola 600ml,Beverages,South,55,57,63,53,40,10,Cloudy,1,36.89,Low
2025-02-27,1,P007,Parle-G 800g,Snacks,South,263,80,86,80,65,20,Rainy,1,61.68,Low
2025-02-27,1,P008,Surf Excel 1kg,Cleaning,South,263,17,35,17,220,20,Rainy,0,210.45,Low
2025-02-27,1,P009,Amul Butter 500g,Dairy,South,74,23,28,19,275,20,Rainy,0,267.28,Low
2025-02-27,1,P010,Red Label Tea 500g,Beverages,South,134,18,19,16,255,0,Rainy,0,260.23,Low
2025-02-28,1,P001,Amul Taaza Toned Milk 1L,Dairy,South,197,44,50,40,58,10,Stormy,0,58.68,Low
2025-02-28,1,P002,Britannia Good Day 600g,Snacks,South,102,65,65,65,120,20,Cloudy,1,122.76,Low
2025-02-28,1,P003,Aashirvaad Atta 5kg,Staples,South,265,84,102,85,248,15,Sunny,0,237.07,Low
2025-02-28,1,P004,Maggi 2-Minute Noodles,Snacks,South,277,21,35,24,48,20,Stormy,0,52.04,Low
2025-02-28,1,P005,Tata Salt 1kg,Staples,South,82,28,36,29,22,5,Cloudy,0,20.74,Low
2025-02-28,1,P006,Coca-Cola 600ml,Beverages,South,134,57,74,56,40,5,Stormy,0,41.85,Low
2025-02-28,1,P007,Parle-G 800g,Snacks,South,115,60,65,56,65,10,Stormy,0,60.41,Low
2025-02-28,1,P008,Surf Excel 1kg,Cleaning,South,241,31,31,26,220,15,Rainy,1,206.53,Low
2025-02-28,1,P009,Amul Butter 500g,Dairy,South,294,75,86,79,275,0,Stormy,1,292.21,Low
2025-02-28,1,P010,Red Label Tea 500g,Beverages,South,210,58,65,57,255,10,Stormy,1,251.89,Low
2025-03-01,1,P001,Amul Taaza Toned Milk 1L,Dairy,South,238,51,69,49,58,0,Stormy,0,54.1,Low
2025-03-01,1,P002,Britannia Good Day 600g,Snacks,South,163,33,44,29,120,0,Cloudy,0,110.24,Low
2025-03-01,1,P003,Aashirvaad Atta 5kg,Staples,South,175,51,54,55,248,15,Sunny,0,257.39,Low
2025-03-01,1,P004,Maggi 2-Minute Noodles,Snacks,South,103,41,46,38,48,15,Cloudy,0,47.83,Low
2025-03-01,1,P005,Tata Salt 1kg,Staples,South,114,50,58,54,22,5,Cloudy,1,23.47,Low
2025-03-01,1,P006,Coca-Cola 600ml,Beverages,South,120,79,81,81,40,5,Stormy,0,36.39,Low
2025-03-01,1,P007,Parle-G 800g,Snacks,South,250,56,71,52,65,20,Rainy,0,60.47,Low
2025-03-01,1,P008,Surf Excel 1kg,Cleaning,South,165,28,45,32,220,10,Sunny,0,240.45,Low
2025-03-01,1,P009,Amul Butter 500g,Dairy,South,124,49,59,46,275,0,Rainy,0,280.72,Low
2025-03-01,1,P010,Red Label Tea 500g,Beverages,South,108,30,37,29,255,0,Rainy,0,258.6,Low
2025-03-02,1,P001,Amul Taaza Toned Milk 1L,Dairy,South,100,64,75,63,58,0,Cloudy,0,53.26,Low
2025-03-02,1,P002,Britannia Good Day 600g,Snacks,South,254,29,46,31,120,15,Cloudy,0,126.9,Low
2025-03-02,1,P003,Aashirvaad Atta 5kg,Staples,South,65,91,109,95,248,10,Rainy,1,230.09,Low
2025-03-02,1,P004,Maggi 2-Minute Noodles,Snacks,South,180,43,59,40,48,10,Sunny,0,47.96,Low
2025-03-02,1,P005,Tata Salt 1kg,Staples,South,210,55,57,53,22,0,Stormy,1,22.67,Low
2025-03-02,1,P006,Coca-Cola 600ml,Beverages,South,152,40,40,37,40,0,Cloudy,1,37.71,Low
2025-03-02,1,P007,Parle-G 800g,Snacks,South,157,38,49,38,65,15,Cloudy,0,61.74,Low
2025-03-02,1,P008,Surf Excel 1kg,Cleaning,South,63,95,96,99,220,0,Stormy,0,240.13,Low
2025-03-02,1,P009,Amul Butter 500g,Dairy,South,91,71,79,67,275,20,Rainy,0,297.98,Low
2025-03-02,1,P010,Red Label Tea 500g,Beverages,South,215,96,103,93,255,0,Stormy,0,247.27,Low
2025-03-03,1,P001,Amul Taaza Toned Milk 1L,Dairy,South,134,41,42,39,58,5,Rainy,0,61.02,Low
2025-03-03,1,P002,Britannia Good Day 600g,Snacks,South,279,52,61,51,120,5,Sunny,0,124.69,Low
2025-03-03,1,P003,Aashirvaad Atta 5kg,Staples,South,152,66,81,61,248,10,Cloudy,0,242.65,Low
2025-03-03,1,P004,Maggi 2-Minute Noodles,Snacks,South,160,28,44,29,48,0,Rainy,0,49.56,Low
2025-03-03,1,P005,Tata Salt 1kg,Staples,South,248,39,52,40,22,20,Sunny,0,23.35,Low
2025-03-03,1,P006,Coca-Cola 600ml,Beverages,South,79,37,48,37,40,0,Stormy,0,37.8,Low
2025-03-03,1,P007,Parle-G 800g,Snacks,South,269,19,21,14,65,20,Sunny,0,62.04,Low
2025-03-03,1,P008,Surf Excel 1kg,Cleaning,South,126,52,54,56,220,15,Stormy,0,222.16,Low
2025-03-03,1,P009,Amul Butter 500g,Dairy,South,247,57,59,60,275,0,Rainy,0,264.49,Low
2025-03-03,1,P010,Red Label Tea 500g,Beverages,South,71,77,86,75,255,0,Sunny,0,253.53,Low
2025-03-04,1,P001,Amul Taaza Toned Milk 1L,Dairy,South,194,55,64,55,58,0,Stormy,0,62.72,Low
2025-03-04,1,P002,Britannia Good Day 600g,Snacks,South,147,44,47,40,120,0,Sunny,0,130.65,Low
2025-03-04,1,P003,Aashirvaad Atta 5kg,Staples,South,93,61,62,57,248,10,Sunny,0,235.79,Low
2025-03-04,1,P004,Maggi 2-Minute Noodles,Snacks,South,234,59,72,54,48,0,Cloudy,0,51.01,Low
2025-03-04,1,P005,Tata Salt 1kg,Staples,South,237,63,74,67,22,20,Rainy,0,19.8,Low
2025-03-04,1,P006,Coca-Cola 600ml,Beverages,South,139,61,67,56,40,0,Sunny,0,43.98,Low
2025-03-04,1,P007,Parle-G 800g,Snacks,South,101,33,41,33,65,20,Sunny,0,67.97,Low
2025-03-04,1,P008,Surf Excel 1kg,Cleaning,South,208,20,33,18,220,0,Sunny,0,242.0,Low
2025-03-04,1,P009,Amul Butter 500g,Dairy,South,287,61,68,59,275,5,Stormy,0,284.02,Low
2025-03-04,1,P010,Red Label Tea 500g,Beverages,South,170,70,73,74,255,20,Sunny,0,271.01,Low
2025-03-05,1,P001,Amul Taaza Toned Milk 1L,Dairy,South,285,68,74,64,58,0,Sunny,0,58.6,Low
2025-03-05,1,P002,Britannia Good Day 600g,Snacks,South,165,22,36,21,120,10,Cloudy,0,114.99,Low
2025-03-05,1,P003,Aashirvaad Atta 5kg,Staples,South,246,38,41,37,248,20,Sunny,0,264.79,Low
2025-03-05,1,P004,Maggi 2-Minute Noodles,Snacks,South,118,25,36,23,48,15,Cloudy,0,51.24,Low
2025-03-05,1,P005,Tata Salt 1kg,Staples,South,280,45,47,45,22,0,Rainy,1,22.21,Low
2025-03-05,1,P006,Coca-Cola 600ml,Beverages,South,239,49,49,46,40,15,Rainy,0,36.59,Low
2025-03-05,1,P007,Parle-G 800g,Snacks,South,273,42,42,41,65,0,Stormy,1,63.76,Low
2025-03-05,1,P008,Surf Excel 1kg,Cleaning,South,102,77,89,79,220,5,Sunny,0,234.58,Low
2025-03-05,1,P009,Amul Butter 500g,Dairy,South,97,65,71,66,275,5,Rainy,1,269.7,Low
2025-03-05,1,P010,Red Label Tea 500g,Beverages,South,97,44,59,41,255,20,Rainy,0,252.76,Low
2025-03-06,1,P001,Amul Taaza Toned Milk 1L,Dairy,South,278,76,94,80,58,10,Rainy,1,59.54,Low
2025-03-06,1,P002,Britannia Good Day 600g,Snacks,South,128,72,88,73,120,20,Rainy,1,122.06,Low
2025-03-06,1,P003,Aashirvaad Atta 5kg,Staples,South,62,41,53,39,248,5,Cloudy,0,226.46,Low
2025-03-06,1,P004,Maggi 2-Minute Noodles,Snacks,South,229,65,83,61,48,5,Cloudy,1,45.91,Low
2025-03-06,1,P005,Tata Salt 1kg,Staples,South,256,41,53,36,22,15,Sunny,0,23.92,Low
2025-03-06,1,P006,Coca-Cola 600ml,Beverages,South,277,67,85,68,40,0,Cloudy,0,43.68,Low
2025-03-06,1,P007,Parle-G 800g,Snacks,South,290,62,78,61,65,15,Stormy,0,63.12,Low
2025-03-06,1,P008,Surf Excel 1kg,Cleaning,South,221,48,51,44,220,5,Sunny,0,221.51,Low
2025-03-06,1,P009,Amul Butter 500g,Dairy,South,167,36,54,32,275,10,Stormy,1,289.6,Low
2025-03-06,1,P010,Red Label Tea 500g,Beverages,South,107,49,56,50,255,15,Rainy,1,232.66,Low
2025-03-07,1,P001,Amul Taaza Toned Milk 1L,Dairy,South,207,33,47,37,58,0,Cloudy,1,57.23,Low
2025-03-07,1,P002,Britannia Good Day 600g,Snacks,South,207,57,74,59,120,10,Sunny,0,129.96,Low
2025-03-07,1,P003,Aashirvaad Atta 5kg,Staples,South,187,62,63,64,248,0,Stormy,0,240.14,Low
2025-03-07,1,P004,Maggi 2-Minute Noodles,Snacks,South,149,42,51,46,48,0,Rainy,0,51.61,Low
2025-03-07,1,P005,Tata Salt 1kg,Staples,South,126,51,69,54,22,10,Cloudy,0,20.65,Low
2025-03-07,1,P006,Coca-Cola 600ml,Beverages,South,248,63,76,65,40,5,Stormy,0,38.01,Low
2025-03-07,1,P007,Parle-G 800g,Snacks,South,67,29,47,27,65,5,Stormy,0,61.73,Low
2025-03-07,1,P008,Surf Excel 1kg,Cleaning,South,197,48,48,47,220,10,Sunny,0,209.29,Low
2025-03-07,1,P009,Amul Butter 500g,Dairy,South,57,23,23,22,275,0,Rainy,0,255.16,Low
2025-03-07,1,P010,Red Label Tea 500g,Beverages,South,136,45,53,47,255,0,Rainy,0,267.27,Low
2025-03-08,1,P001,Amul Taaza Toned Milk 1L,Dairy,South,98,85,90,81,58,20,Sunny,0,55.21,Low
2025-03-08,1,P002,Britannia Good Day 600g,Snacks,South,78,34,34,31,120,0,Cloudy,0,110.15,Low
2025-03-08,1,P003,Aashirvaad Atta 5kg,Staples,South,211,61,68,61,248,0,Stormy,1,270.65,Low
2025-03-08,1,P004,Maggi 2-Minute Noodles,Snacks,South,216,55,56,57,48,5,Cloudy,1,47.3,Low
2025-03-08,1,P005,Tata Salt 1kg,Staples,South,238,48,63,51,22,10,Rainy,1,20.81,Low
2025-03-08,1,P006,Coca-Cola 600ml,Beverages,South,264,32,45,36,40,20,Rainy,0,40.55,Low
2025-03-08,1,P007,Parle-G 800g,Snacks,South,261,39,44,42,65,0,Rainy,0,69.47,Low
2025-03-08,1,P008,Surf Excel 1kg,Cleaning,South,54,83,102,84,220,0,Stormy,0,203.49,Low
2025-03-08,1,P009,Amul Butter 500g,Dairy,South,116,109,113,110,275,10,Stormy,0,267.22,Low
2025-03-08,1,P010,Red Label Tea 500g,Beverages,South,210,61,75,60,255,5,Sunny,0,232.44,Low
2025-03-09,1,P001,Amul Taaza Toned Milk 1L,Dairy,South,133,92,110,87,58,5,Rainy,1,52.87,Low
2025-03-09,1,P002,Britannia Good Day 600g,Snacks,South,178,29,39,30,120,15,Stormy,0,113.21,Low
2025-03-09,1,P003,Aashirvaad Atta 5kg,Staples,South,268,76,86,71,248,20,Cloudy,0,237.15,Low
2025-03-09,1,P004,Maggi 2-Minute Noodles,Snacks,South,239,66,72,65,48,10,Rainy,0,48.37,Low
2025-03-09,1,P005,Tata Salt 1kg,Staples,South,77,105,122,100,22,20,Rainy,0,20.97,Low
2025-03-09,1,P006,Coca-Cola 600ml,Beverages,South,61,60,66,62,40,5,Rainy,0,38.86,Low
2025-03-09,1,P007,Parle-G 800g,Snacks,South,254,65,83,67,65,0,Rainy,0,70.4,Low
2025-03-09,1,P008,Surf Excel 1kg,Cleaning,South,170,39,55,36,220,5,Cloudy,0,206.34,Low
2025-03-09,1,P009,Amul Butter 500g,Dairy,South,159,92,110,96,275,20,Stormy,0,251.42,Low
2025-03-09,1,P010,Red Label Tea 500g,Beverages,South,293,67,83,68,255,10,Rainy,0,243.41,Low
2025-03-10,1,P001,Amul Taaza Toned Milk 1L,Dairy,South,190,49,59,52,58,0,Sunny,0,60.69,Low
2025-03-10,1,P002,Britannia Good Day 600g,Snacks,South,127,14,18,9,120,0,Stormy,0,113.97,Low
2025-03-10,1,P003,Aashirvaad Atta 5kg,Staples,South,72,67,85,71,248,0,Sunny,1,254.64,Low
2025-03-10,1,P004,Maggi 2-Minute Noodles,Snacks,South,209,41,41,37,48,0,Stormy,0,49.88,Low
2025-03-10,1,P005,Tata Salt 1kg,Staples,South,219,75,93,70,22,20,Rainy,1,23.31,Low
2025-03-10,1,P006,Coca-Cola 600ml,Beverages,South,100,60,69,64,40,0,Stormy,1,42.16,Low
2025-03-10,1,P007,Parle-G 800g,Snacks,South,136,28,41,24,65,0,Cloudy,0,70.13,Low
2025-03-10,1,P008,Surf Excel 1kg,Cleaning,South,130,58,64,60,220,0,Rainy,0,202.35,Low
2025-03-10,1,P009,Amul Butter 500g,Dairy,South,165,67,81,67,275,5,Rainy,0,251.63,Low
2025-03-10,1,P010,Red Label Tea 500g,Beverages,South,103,52,54,54,255,0,Cloudy,0,276.92,Low
2025-03-11,1,P001,Amul Taaza Toned Milk 1L,Dairy,South,238,27,41,24,58,20,Stormy,0,52.69,Low
2025-03-11,1,P002,Britannia Good Day 600g,Snacks,South,92,71,88,72,120,10,Rainy,1,121.48,Low
2025-03-11,1,P003,Aashirvaad Atta 5kg,Staples,South,83,36,45,37,248,0,Stormy,1,249.21,Low
2025-03-11,1,P004,Maggi 2-Minute Noodles,Snacks,South,163,48,55,46,48,0,Rainy,0,44.11,Low
2025-03-11,1,P005,Tata Salt 1kg,Staples,South,147,76,87,73,22,10,Rainy,1,21.94,Low
2025-03-11,1,P006,Coca-Cola 600ml,Beverages,South,183,46,54,50,40,15,Cloudy,0,36.5,Low
2025-03-11,1,P007,Parle-G 800g,Snacks,South,101,19,35,22,65,0,Stormy,0,65.81,Low
2025-03-11,1,P008,Surf Excel 1kg,Cleaning,South,178,30,38,29,220,20,Rainy,1,218.67,Low
2025-03-11,1,P009,Amul Butter 500g,Dairy,South,215,32,45,30,275,0,Cloudy,0,249.44,Low
2025-03-11,1,P010,Red Label Tea 500g,Beverages,South,298,20,23,18,255,0,Sunny,0,235.53,Low
2025-03-12,1,P001,Amul Taaza Toned Milk 1L,Dairy,South,202,71,75,69,58,10,Cloudy,0,59.03,Low
2025-03-12,1,P002,Britannia Good Day 600g,Snacks,South,168,54,59,55,120,0,Cloudy,0,114.2,Low
2025-03-12,1,P003,Aashirvaad Atta 5kg,Staples,South,100,55,61,54,248,20,Rainy,0,234.6,Low
2025-03-12,1,P004,Maggi 2-Minute Noodles,Snacks,South,190,62,66,66,48,5,Sunny,0,51.04,Low
2025-03-12,1,P005,Tata Salt 1kg,Staples,South,155,46,54,44,22,5,Rainy,0,23.46,Low
2025-03-12,1,P006,Coca-Cola 600ml,Beverages,South,105,34,44,32,40,0,Rainy,1,39.12,Low
2025-03-12,1,P007,Parle-G 800g,Snacks,South,251,70,72,65,65,15,Sunny,0,65.69,Low
2025-03-12,1,P008,Surf Excel 1kg,Cleaning,South,73,48,51,47,220,0,Sunny,1,212.55,Low
2025-03-12,1,P009,Amul Butter 500g,Dairy,South,144,46,60,47,275,0,Stormy,0,282.65,Low
2025-03-12,1,P010,Red Label Tea 500g,Beverages,South,203,58,61,62,255,5,Cloudy,0,267.98,Low
2025-03-13,1,P001,Amul Taaza Toned Milk 1L,Dairy,South,54,33,44,30,58,10,Stormy,0,61.16,Low
2025-03-13,1,P002,Britannia Good Day 600g,Snacks,South,176,70,87,73,120,10,Cloudy,0,108.61,Low
2025-03-13,1,P003,Aashirvaad Atta 5kg,Staples,South,90,43,51,38,248,20,Cloudy,0,240.02,Low
2025-03-13,1,P004,Maggi 2-Minute Noodles,Snacks,South,204,36,49,33,48,0,Rainy,1,43.57,Low
2025-03-13,1,P005,Tata Salt 1kg,Staples,South,68,57,72,61,22,20,Sunny,0,22.34,Low
2025-03-13,1,P006,Coca-Cola 600ml,Beverages,South,158,59,71,55,40,15,Sunny,0,39.41,Low
2025-03-13,1,P007,Parle-G 800g,Snacks,South,180,68,87,69,65,10,Cloudy,1,59.72,Low
2025-03-13,1,P008,Surf Excel 1kg,Cleaning,South,295,58,70,60,220,0,Stormy,0,217.73,Low
2025-03-13,1,P009,Amul Butter 500g,Dairy,South,204,23,41,18,275,15,Cloudy,0,295.73,Low
2025-03-13,1,P010,Red Label Tea 500g,Beverages,South,164,12,26,11,255,0,Stormy,1,263.68,Low
2025-03-14,1,P001,Amul Taaza Toned Milk 1L,Dairy,South,145,61,80,63,58,0,Sunny,0,54.45,Low
2025-03-14,1,P002,Britannia Good Day 600g,Snacks,South,151,30,30,30,120,10,Sunny,0,118.41,Low
2025-03-14,1,P003,Aashirvaad Atta 5kg,Staples,South,272,21,30,20,248,0,Rainy,0,258.59,Low
2025-03-14,1,P004,Maggi 2-Minute Noodles,Snacks,South,130,51,68,49,48,10,Rainy,0,46.56,Low
2025-03-14,1,P005,Tata Salt 1kg,Staples,South,245,26,33,23,22,15,Sunny,0,23.63,Low
2025-03-14,1,P006,Coca-Cola 600ml,Beverages,South,256,50,69,48,40,0,Sunny,0,37.82,Low
2025-03-14,1,P007,Parle-G 800g,Snacks,South,269,78,85,75,65,0,Stormy,1,71.12,Low
2025-03-14,1,P008,Surf Excel 1kg,Cleaning,South,134,68,75,71,220,0,Sunny,0,218.96,Low
2025-03-14,1,P009,Amul Butter 500g,Dairy,South,153,53,70,56,275,15,Cloudy,1,268.52,Low
2025-03-14,1,P010,Red Label Tea 500g,Beverages,South,199,56,67,57,255,0,Stormy,1,271.13,Low
2025-03-15,1,P001,Amul Taaza Toned Milk 1L,Dairy,South,243,85,97,86,58,5,Sunny,0,56.63,Low
2025-03-15,1,P002,Britannia Good Day 600g,Snacks,South,95,33,36,28,120,0,Cloudy,1,131.17,Low
2025-03-15,1,P003,Aashirvaad Atta 5kg,Staples,South,222,62,65,58,248,20,Rainy,0,255.22,Low
2025-03-15,1,P004,Maggi 2-Minute Noodles,Snacks,South,178,34,46,34,48,15,Sunny,0,49.49,Low
2025-03-15,1,P005,Tata Salt 1kg,Staples,South,165,75,77,78,22,15,Sunny,0,22.92,Low
2025-03-15,1,P006,Coca-Cola 600ml,Beverages,South,288,83,85,84,40,20,Cloudy,0,42.02,Low
2025-03-15,1,P007,Parle-G 800g,Snacks,South,72,45,45,41,65,5,Cloudy,1,61.48,Low
2025-03-15,1,P008,Surf Excel 1kg,Cleaning,South,67,66,83,66,220,20,Cloudy,0,235.96,Low
2025-03-15,1,P009,Amul Butter 500g,Dairy,South,110,100,104,103,275,0,Sunny,0,283.45,Low
2025-03-15,1,P010,Red Label Tea 500g,Beverages,South,139,96,114,94,255,0,Sunny,0,264.07,Low
2025-03-16,1,P001,Amul Taaza Toned Milk 1L,Dairy,South,147,45,52,46,58,0,Sunny,0,59.21,Low
2025-03-16,1,P002,Britannia Good Day 600g,Snacks,South,278,36,44,31,120,20,Cloudy,0,115.81,Low
2025-03-16,1,P003,Aashirvaad Atta 5kg,Staples,South,286,54,58,50,248,0,Stormy,0,224.74,Low
2025-03-16,1,P004,Maggi 2-Minute Noodles,Snacks,South,156,36,50,37,48,5,Cloudy,0,46.31,Low
2025-03-16,1,P005,Tata Salt 1kg,Staples,South,230,74,75,78,22,5,Sunny,0,20.99,Low
2025-03-16,1,P006,Coca-Cola 600ml,Beverages,South,160,46,47,43,40,5,Cloudy,0,40.95,Low
2025-03-16,1,P007,Parle-G 800g,Snacks,South,72,79,89,80,65,0,Sunny,0,64.14,Low
2025-03-16,1,P008,Surf Excel 1kg,Cleaning,South,285,31,46,35,220,0,Rainy,1,205.63,Low
2025-03-16,1,P009,Amul Butter 500g,Dairy,South,82,43,50,45,275,20,Stormy,0,253.27,Low
2025-03-16,1,P010,Red Label Tea 500g,Beverages,South,261,88,99,86,255,5,Stormy,0,266.54,Low
2025-03-17,1,P001,Amul Taaza Toned Milk 1L,Dairy,South,214,29,39,32,58,0,Cloudy,0,55.03,Low
2025-03-17,1,P002,Britannia Good Day 600g,Snacks,South,63,70,75,68,120,20,Sunny,0,116.54,Low
2025-03-17,1,P003,Aashirvaad Atta 5kg,Staples,South,145,31,48,34,248,20,Stormy,0,230.81,Low
2025-03-17,1,P004,Maggi 2-Minute Noodles,Snacks,South,160,77,94,74,48,0,Sunny,0,44.9,Low
2025-03-17,1,P005,Tata Salt 1kg,Staples,South,295,75,91,70,22,0,Sunny,0,22.45,Low
2025-03-17,1,P006,Coca-Cola 600ml,Beverages,South,299,77,84,72,40,0,Stormy,0,40.66,Low
2025-03-17,1,P007,Parle-G 800g,Snacks,South,128,65,67,62,65,15,Rainy,0,64.03,Low
2025-03-17,1,P008,Surf Excel 1kg,Cleaning,South,64,32,36,33,220,20,Stormy,1,211.21,Low
2025-03-17,1,P009,Amul Butter 500g,Dairy,South,81,67,77,65,275,0,Sunny,0,274.84,Low
2025-03-17,1,P010,Red Label Tea 500g,Beverages,South,279,19,24,15,255,15,Rainy,0,229.9,Low
2025-03-18,1,P001,Amul Taaza Toned Milk 1L,Dairy,South,65,54,62,53,58,5,Cloudy,0,57.06,Low
2025-03-18,1,P002,Britannia Good Day 600g,Snacks,South,288,25,34,23,120,0,Stormy,1,123.8,Low
2025-03-18,1,P003,Aashirvaad Atta 5kg,Staples,South,290,70,74,65,248,0,Rainy,1,244.69,Low
2025-03-18,1,P004,Maggi 2-Minute Noodles,Snacks,South,198,59,59,55,48,20,Cloudy,0,43.73,Low
2025-03-18,1,P005,Tata Salt 1kg,Staples,South,223,50,63,53,22,0,Rainy,0,22.34,Low
2025-03-18,1,P006,Coca-Cola 600ml,Beverages,South,127,46,58,43,40,20,Rainy,0,43.5,Low
2025-03-18,1,P007,Parle-G 800g,Snacks,South,57,42,54,43,65,20,Cloudy,0,64.88,Low
2025-03-18,1,P008,Surf Excel 1kg,Cleaning,South,250,52,60,52,220,10,Cloudy,0,206.23,Low
2025-03-18,1,P009,Amul Butter 500g,Dairy,South,56,61,80,56,275,5,Stormy,1,278.6,Low
2025-03-18,1,P010,Red Label Tea 500g,Beverages,South,113,72,88,68,255,15,Stormy,0,262.5,Low
2025-03-19,1,P001,Amul Taaza Toned Milk 1L,Dairy,South,193,73,86,70,58,15,Cloudy,0,63.46,Low
2025-03-19,1,P002,Britannia Good Day 600g,Snacks,South,75,62,64,64,120,0,Sunny,0,118.82,Low
2025-03-19,1,P003,Aashirvaad Atta 5kg,Staples,South,154,46,58,50,248,10,Rainy,1,250.07,Low
2025-03-19,1,P004,Maggi 2-Minute Noodles,Snacks,South,282,46,59,48,48,0,Rainy,1,50.69,Low
2025-03-19,1,P005,Tata Salt 1kg,Staples,South,245,66,67,69,22,20,Cloudy,0,21.31,Low
2025-03-19,1,P006,Coca-Cola 600ml,Beverages,South,166,77,83,81,40,0,Rainy,0,43.66,Low
2025-03-19,1,P007,Parle-G 800g,Snacks,South,242,46,65,45,65,10,Cloudy,0,65.54,Low
2025-03-19,1,P008,Surf Excel 1kg,Cleaning,South,272,42,58,39,220,20,Rainy,0,235.3,Low
2025-03-19,1,P009,Amul Butter 500g,Dairy,South,133,13,28,12,275,5,Sunny,0,292.66,Low
2025-03-19,1,P010,Red Label Tea 500g,Beverages,South,99,53,53,54,255,5,Stormy,1,258.02,Low
2025-03-20,1,P001,Amul Taaza Toned Milk 1L,Dairy,South,159,41,60,40,58,5,Sunny,0,63.73,Low
2025-03-20,1,P002,Britannia Good Day 600g,Snacks,South,216,41,58,45,120,5,Rainy,0,121.21,Low
2025-03-20,1,P003,Aashirvaad Atta 5kg,Staples,South,177,73,77,73,248,0,Stormy,0,233.32,Low
2025-03-20,1,P004,Maggi 2-Minute Noodles,Snacks,South,150,58,76,57,48,5,Stormy,1,49.51,Low
2025-03-20,1,P005,Tata Salt 1kg,Staples,South,244,48,62,52,22,0,Rainy,0,22.39,Low
2025-03-20,1,P006,Coca-Cola 600ml,Beverages,South,246,26,33,24,40,0,Rainy,1,36.95,Low
2025-03-20,1,P007,Parle-G 800g,Snacks,South,194,50,55,53,65,5,Cloudy,0,68.63,Low
2025-03-20,1,P008,Surf Excel 1kg,Cleaning,South,244,43,48,46,220,15,Rainy,1,232.35,Low
2025-03-20,1,P009,Amul Butter 500g,Dairy,South,145,36,46,40,275,0,Stormy,0,293.58,Low
2025-03-20,1,P010,Red Label Tea 500g,Beverages,South,248,43,43,46,255,0,Sunny,0,250.77,Low
2025-03-21,1,P001,Amul Taaza Toned Milk 1L,Dairy,South,239,48,59,52,58,20,Sunny,0,55.63,Low
2025-03-21,1,P002,Britannia Good Day 600g,Snacks,South,84,19,34,15,120,15,Sunny,0,116.05,Low
2025-03-21,1,P003,Aashirvaad Atta 5kg,Staples,South,150,55,63,54,248,20,Cloudy,0,263.09,Low
2025-03-21,1,P004,Maggi 2-Minute Noodles,Snacks,South,62,23,39,26,48,0,Cloudy,0,48.93,Low
2025-03-21,1,P005,Tata Salt 1kg,Staples,South,294,60,73,59,22,10,Stormy,0,20.52,Low
2025-03-21,1,P006,Coca-Cola 600ml,Beverages,South,181,46,63,42,40,0,Rainy,1,37.91,Low
2025-03-21,1,P007,Parle-G 800g,Snacks,South,131,66,85,67,65,10,Sunny,0,67.22,Low
2025-03-21,1,P008,Surf Excel 1kg,Cleaning,South,143,80,80,81,220,10,Sunny,0,203.76,Low
2025-03-21,1,P009,Amul Butter 500g,Dairy,South,149,26,38,21,275,0,Rainy,0,285.12,Low
2025-03-21,1,P010,Red Label Tea 500g,Beverages,South,200,43,48,39,255,15,Stormy,1,273.51,Low
2025-03-22,1,P001,Amul Taaza Toned Milk 1L,Dairy,South,164,53,63,51,58,0,Sunny,0,59.7,Low
2025-03-22,1,P002,Britannia Good Day 600g,Snacks,South,90,65,81,68,120,15,Sunny,0,121.41,Low
2025-03-22,1,P003,Aashirvaad Atta 5kg,Staples,South,228,49,49,50,248,5,Rainy,1,233.51,Low
2025-03-22,1,P004,Maggi 2-Minute Noodles,Snacks,South,236,26,34,27,48,0,Sunny,0,47.02,Low
2025-03-22,1,P005,Tata Salt 1kg,Staples,South,196,75,77,77,22,10,Sunny,0,20.57,Low
2025-03-22,1,P006,Coca-Cola 600ml,Beverages,South,109,26,26,24,40,20,Sunny,0,39.58,Low
2025-03-22,1,P007,Parle-G 800g,Snacks,South,261,41,54,43,65,0,Cloudy,0,67.36,Low
2025-03-22,1,P008,Surf Excel 1kg,Cleaning,South,93,96,110,98,220,20,Sunny,0,237.66,Low
2025-03-22,1,P009,Amul Butter 500g,Dairy,South,289,85,88,86,275,10,Cloudy,0,292.35,Low
2025-03-22,1,P010,Red Label Tea 500g,Beverages,South,124,45,61,48,255,0,Rainy,1,236.18,Low
2025-03-23,1,P001,Amul Taaza Toned Milk 1L,Dairy,South,211,62,81,57,58,0,Stormy,1,54.51,Low
2025-03-23,1,P002,Britannia Good Day 600g,Snacks,South,53,99,116,97,120,10,Rainy,0,131.52,Low
2025-03-23,1,P003,Aashirvaad Atta 5kg,Staples,South,273,57,61,60,248,15,Rainy,0,224.28,Low
2025-03-23,1,P004,Maggi 2-Minute Noodles,Snacks,South,191,42,43,46,48,0,Cloudy,0,49.41,Low
2025-03-23,1,P005,Tata Salt 1kg,Staples,South,119,98,113,96,22,0,Rainy,0,23.81,Low
2025-03-23,1,P006,Coca-Cola 600ml,Beverages,South,244,38,45,37,40,15,Rainy,0,42.94,Low
2025-03-23,1,P007,Parle-G 800g,Snacks,South,224,71,86,70,65,0,Rainy,0,62.74,Low
2025-03-23,1,P008,Surf Excel 1kg,Cleaning,South,131,47,49,48,220,15,Cloudy,0,228.06,Low
2025-03-23,1,P009,Amul Butter 500g,Dairy,South,53,66,81,68,275,10,Stormy,1,300.36,Low
2025-03-23,1,P010,Red Label Tea 500g,Beverages,South,52,60,68,59,255,20,Rainy,1,230.88,Low
2025-03-24,1,P001,Amul Taaza Toned Milk 1L,Dairy,South,178,39,46,43,58,0,Stormy,0,62.1,Low
2025-03-24,1,P002,Britannia Good Day 600g,Snacks,South,180,46,56,48,120,15,Rainy,0,119.73,Low
2025-03-24,1,P003,Aashirvaad Atta 5kg,Staples,South,140,49,59,50,248,10,Sunny,0,249.8,Low
2025-03-24,1,P004,Maggi 2-Minute Noodles,Snacks,South,214,51,58,51,48,5,Stormy,0,48.98,Low
2025-03-24,1,P005,Tata Salt 1kg,Staples,South,120,71,83,72,22,0,Sunny,0,23.33,Low
2025-03-24,1,P006,Coca-Cola 600ml,Beverages,South,209,28,47,27,40,0,Cloudy,0,40.38,Low
2025-03-24,1,P007,Parle-G 800g,Snacks,South,236,43,45,39,65,0,Cloudy,0,58.76,Low
2025-03-24,1,P008,Surf Excel 1kg,Cleaning,South,164,56,68,51,220,20,Cloudy,0,199.27,Low
2025-03-24,1,P009,Amul Butter 500g,Dairy,South,239,80,92,82,275,0,Stormy,0,262.94,Low
2025-03-24,1,P010,Red Label Tea 500g,Beverages,South,248,49,68,48,255,15,Sunny,1,277.65,Low
2025-03-25,1,P001,Amul Taaza Toned Milk 1L,Dairy,South,162,65,75,66,58,15,Rainy,0,63.28,Low
2025-03-25,1,P002,Britannia Good Day 600g,Snacks,South,95,48,63,49,120,0,Sunny,0,114.6,Low
2025-03-25,1,P003,Aashirvaad Atta 5kg,Staples,South,294,49,68,45,248,0,Cloudy,1,248.33,Low
2025-03-25,1,P004,Maggi 2-Minute Noodles,Snacks,South,60,60,70,57,48,0,Cloudy,1,52.58,Low
2025-03-25,1,P005,Tata Salt 1kg,Staples,South,104,28,47,25,22,10,Stormy,1,23.58,Low
2025-03-25,1,P006,Coca-Cola 600ml,Beverages,South,141,41,56,44,40,15,Rainy,0,38.67,Low
2025-03-25,1,P007,Parle-G 800g,Snacks,South,215,32,43,29,65,0,Cloudy,0,70.66,Low
2025-03-25,1,P008,Surf Excel 1kg,Cleaning,South,114,37,42,32,220,0,Sunny,0,208.97,Low
2025-03-25,1,P009,Amul Butter 500g,Dairy,South,106,19,32,17,275,0,Cloudy,0,274.59,Low
2025-03-25,1,P010,Red Label Tea 500g,Beverages,South,113,64,82,59,255,10,Cloudy,0,232.32,Low
2025-03-26,1,P001,Amul Taaza Toned Milk 1L,Dairy,South,223,24,27,22,58,5,Sunny,1,58.92,Low
2025-03-26,1,P002,Britannia Good Day 600g,Snacks,South,234,55,68,59,120,15,Cloudy,1,117.48,Low
2025-03-26,1,P003,Aashirvaad Atta 5kg,Staples,South,271,51,69,51,248,0,Stormy,0,257.78,Low
2025-03-26,1,P004,Maggi 2-Minute Noodles,Snacks,South,203,21,26,21,48,10,Rainy,1,44.49,Low
2025-03-26,1,P005,Tata Salt 1kg,Staples,South,158,51,67,46,22,20,Sunny,0,22.35,Low
2025-03-26,1,P006,Coca-Cola 600ml,Beverages,South,288,54,70,50,40,0,Cloudy,0,37.08,Low
2025-03-26,1,P007,Parle-G 800g,Snacks,South,119,52,57,53,65,0,Rainy,1,66.19,Low
2025-03-26,1,P008,Surf Excel 1kg,Cleaning,South,231,26,31,23,220,15,Rainy,0,206.81,Low
2025-03-26,1,P009,Amul Butter 500g,Dairy,South,219,41,43,45,275,15,Rainy,0,264.18,Low
2025-03-26,1,P010,Red Label Tea 500g,Beverages,South,154,30,41,29,255,15,Sunny,0,253.17,Low
2025-03-27,1,P001,Amul Taaza Toned Milk 1L,Dairy,South,142,65,77,65,58,0,Sunny,0,63.4,Low
2025-03-27,1,P002,Britannia Good Day 600g,Snacks,South,259,46,54,43,120,0,Rainy,0,108.32,Low
2025-03-27,1,P003,Aashirvaad Atta 5kg,Staples,South,229,69,75,70,248,0,Sunny,1,253.04,Low
2025-03-27,1,P004,Maggi 2-Minute Noodles,Snacks,South,276,45,48,46,48,0,Rainy,0,44.45,Low
2025-03-27,1,P005,Tata Salt 1kg,Staples,South,73,32,39,35,22,20,Cloudy,0,21.45,Low
2025-03-27,1,P006,Coca-Cola 600ml,Beverages,South,222,31,37,26,40,0,Sunny,1,36.64,Low
2025-03-27,1,P007,Parle-G 800g,Snacks,South,119,21,31,22,65,0,Cloudy,0,64.14,Low
2025-03-27,1,P008,Surf Excel 1kg,Cleaning,South,292,23,36,18,220,0,Stormy,1,224.47,Low
2025-03-27,1,P009,Amul Butter 500g,Dairy,South,283,42,57,45,275,0,Rainy,0,264.68,Low
2025-03-27,1,P010,Red Label Tea 500g,Beverages,South,72,56,72,60,255,0,Cloudy,0,256.45,Low
2025-03-28,1,P001,Amul Taaza Toned Milk 1L,Dairy,South,299,41,54,43,58,20,Sunny,1,61.21,Low
2025-03-28,1,P002,Britannia Good Day 600g,Snacks,South,58,51,66,54,120,5,Stormy,0,130.71,Low
2025-03-28,1,P003,Aashirvaad Atta 5kg,Staples,South,95,30,39,25,248,15,Sunny,0,250.67,Low
2025-03-28,1,P004,Maggi 2-Minute Noodles,Snacks,South,239,38,48,39,48,0,Cloudy,1,49.98,Low
2025-03-28,1,P005,Tata Salt 1kg,Staples,South,242,68,78,72,22,10,Rainy,1,23.9,Low
2025-03-28,1,P006,Coca-Cola 600ml,Beverages,South,285,55,58,51,40,5,Stormy,0,42.65,Low
2025-03-28,1,P007,Parle-G 800g,Snacks,South,245,73,83,73,65,0,Sunny,0,70.46,Low
2025-03-28,1,P008,Surf Excel 1kg,Cleaning,South,147,65,84,61,220,5,Rainy,0,236.92,Low
2025-03-28,1,P009,Amul Butter 500g,Dairy,South,235,35,37,33,275,5,Sunny,1,270.35,Low
2025-03-28,1,P010,Red Label Tea 500g,Beverages,South,63,72,87,70,255,0,Cloudy,0,266.44,Low
2025-03-29,1,P001,Amul Taaza Toned Milk 1L,Dairy,South,231,43,56,43,58,0,Stormy,1,55.8,Low
2025-03-29,1,P002,Britannia Good Day 600g,Snacks,South,54,86,96,81,120,0,Rainy,0,114.67,Low
2025-03-29,1,P003,Aashirvaad Atta 5kg,Staples,South,188,74,82,70,248,5,Stormy,0,244.88,Low
2025-03-29,1,P004,Maggi 2-Minute Noodles,Snacks,South,225,77,82,80,48,0,Rainy,0,49.19,Low
2025-03-29,1,P005,Tata Salt 1kg,Staples,South,147,104,117,106,22,0,Rainy,0,21.48,Low
2025-03-29,1,P006,Coca-Cola 600ml,Beverages,South,186,54,58,53,40,0,Cloudy,0,40.71,Low
2025-03-29,1,P007,Parle-G 800g,Snacks,South,277,76,90,77,65,20,Stormy,0,63.54,Low
2025-03-29,1,P008,Surf Excel 1kg,Cleaning,South,186,34,36,38,220,0,Rainy,0,228.31,Low
2025-03-29,1,P009,Amul Butter 500g,Dairy,South,275,48,48,46,275,0,Stormy,0,263.13,Low
2025-03-29,1,P010,Red Label Tea 500g,Beverages,South,142,42,58,42,255,0,Cloudy,1,277.59,Low
2025-03-30,1,P001,Amul Taaza Toned Milk 1L,Dairy,South,237,90,109,89,58,0,Cloudy,1,59.69,Low
2025-03-30,1,P002,Britannia Good Day 600g,Snacks,South,61,40,52,35,120,5,Rainy,1,125.79,Low
2025-03-30,1,P003,Aashirvaad Atta 5kg,Staples,South,249,73,73,70,248,0,Rainy,0,261.93,Low
2025-03-30,1,P004,Maggi 2-Minute Noodles,Snacks,South,198,38,47,39,48,20,Sunny,1,46.2,Low
2025-03-30,1,P005,Tata Salt 1kg,Staples,South,75,51,63,49,22,0,Rainy,0,22.66,Low
2025-03-30,1,P006,Coca-Cola 600ml,Beverages,South,194,52,57,56,40,0,Sunny,0,42.77,Low
2025-03-30,1,P007,Parle-G 800g,Snacks,South,282,97,112,101,65,0,Stormy,0,66.32,Low
2025-03-30,1,P008,Surf Excel 1kg,Cleaning,South,193,25,41,29,220,15,Rainy,0,211.01,Low
2025-03-30,1,P009,Amul Butter 500g,Dairy,South,89,30,34,32,275,20,Stormy,0,285.57,Low
2025-03-30,1,P010,Red Label Tea 500g,Beverages,South,122,98,99,93,255,15,Sunny,0,278.54,Low
2025-03-31,1,P001,Amul Taaza Toned Milk 1L,Dairy,South,297,34,48,34,58,5,Cloudy,0,60.5,Low
2025-03-31,1,P002,Britannia Good Day 600g,Snacks,South,164,36,52,32,120,0,Rainy,0,116.79,Low
2025-03-31,1,P003,Aashirvaad Atta 5kg,Staples,South,257,14,20,16,248,0,Rainy,0,243.75,Low
2025-03-31,1,P004,Maggi 2-Minute Noodles,Snacks,South,281,37,41,34,48,10,Rainy,0,47.18,Low
2025-03-31,1,P005,Tata Salt 1kg,Staples,South,210,43,61,44,22,0,Sunny,1,22.49,Low
2025-03-31,1,P006,Coca-Cola 600ml,Beverages,South,278,46,52,43,40,0,Stormy,0,40.46,Low
2025-03-31,1,P007,Parle-G 800g,Snacks,South,216,61,78,62,65,15,Stormy,1,60.35,Low
2025-03-31,1,P008,Surf Excel 1kg,Cleaning,South,248,79,81,82,220,10,Cloudy,0,214.47,Low
2025-03-31,1,P009,Amul Butter 500g,Dairy,South,192,57,69,58,275,0,Stormy,0,292.93,Low
2025-03-31,1,P010,Red Label Tea 500g,Beverages,South,209,57,57,53,255,0,Rainy,0,247.14,Low
2025-04-01,1,P001,Amul Taaza Toned Milk 1L,Dairy,South,54,81,85,83,58,0,Stormy,1,63.27,Low
2025-04-01,1,P002,Britannia Good Day 600g,Snacks,South,163,30,49,31,120,10,Cloudy,0,122.5,Low
2025-04-01,1,P003,Aashirvaad Atta 5kg,Staples,South,69,28,46,28,248,10,Sunny,0,252.95,Low
2025-04-01,1,P004,Maggi 2-Minute Noodles,Snacks,South,264,50,65,54,48,0,Rainy,0,47.86,Low
2025-04-01,1,P005,Tata Salt 1kg,Staples,South,107,64,69,64,22,10,Cloudy,0,22.49,Low
2025-04-01,1,P006,Coca-Cola 600ml,Beverages,South,138,42,55,44,40,0,Rainy,0,39.45,Low
2025-04-01,1,P007,Parle-G 800g,Snacks,South,181,41,42,41,65,0,Rainy,1,61.41,Low
2025-04-01,1,P008,Surf Excel 1kg,Cleaning,South,233,43,44,42,220,5,Cloudy,0,225.38,Low
2025-04-01,1,P009,Amul Butter 500g,Dairy,South,161,53,62,55,275,10,Sunny,1,259.77,Low
2025-04-01,1,P010,Red Label Tea 500g,Beverages,South,217,37,48,32,255,0,Sunny,0,256.66,Low
2025-04-02,1,P001,Amul Taaza Toned Milk 1L,Dairy,South,250,60,65,63,58,5,Cloudy,0,58.1,Low
2025-04-02,1,P002,Britannia Good Day 600g,Snacks,South,70,55,60,59,120,0,Stormy,1,131.87,Low
2025-04-02,1,P003,Aashirvaad Atta 5kg,Staples,South,183,40,50,41,248,0,Cloudy,1,249.72,Low
2025-04-02,1,P004,Maggi 2-Minute Noodles,Snacks,South,164,69,80,71,48,0,Rainy,0,49.92,Low
2025-04-02,1,P005,Tata Salt 1kg,Staples,South,279,41,51,39,22,15,Rainy,0,23.64,Low
2025-04-02,1,P006,Coca-Cola 600ml,Beverages,South,166,39,54,43,40,5,Sunny,0,38.41,Low
2025-04-02,1,P007,Parle-G 800g,Snacks,South,92,29,47,25,65,20,Cloudy,0,64.19,Low
2025-04-02,1,P008,Surf Excel 1kg,Cleaning,South,92,43,59,42,220,0,Rainy,1,229.36,Low
2025-04-02,1,P009,Amul Butter 500g,Dairy,South,93,27,27,22,275,20,Cloudy,1,297.67,Low
2025-04-02,1,P010,Red Label Tea 500g,Beverages,South,60,38,55,34,255,5,Cloudy,1,277.63,Low
2025-04-03,1,P001,Amul Taaza Toned Milk 1L,Dairy,South,125,82,99,86,58,20,Rainy,1,54.24,Low
2025-04-03,1,P002,Britannia Good Day 600g,Snacks,South,274,17,35,17,120,0,Rainy,0,119.49,Low
2025-04-03,1,P003,Aashirvaad Atta 5kg,Staples,South,142,52,66,47,248,0,Rainy,0,226.17,Low
2025-04-03,1,P004,Maggi 2-Minute Noodles,Snacks,South,202,53,70,51,48,0,Rainy,0,46.13,Low
2025-04-03,1,P005,Tata Salt 1kg,Staples,South,221,30,48,27,22,20,Sunny,0,20.67,Low
2025-04-03,1,P006,Coca-Cola 600ml,Beverages,South,81,49,57,49,40,0,Rainy,0,42.61,Low
2025-04-03,1,P007,Parle-G 800g,Snacks,South,73,55,72,59,65,20,Sunny,0,62.12,Low
2025-04-03,1,P008,Surf Excel 1kg,Cleaning,South,296,61,63,60,220,0,Rainy,1,232.62,Low
2025-04-03,1,P009,Amul Butter 500g,Dairy,South,99,70,70,68,275,5,Sunny,0,260.98,Low
2025-04-03,1,P010,Red Label Tea 500g,Beverages,South,158,50,58,51,255,10,Rainy,0,262.78,Low
2025-04-04,1,P001,Amul Taaza Toned Milk 1L,Dairy,South,114,37,45,41,58,0,Stormy,0,59.89,Low
2025-04-04,1,P002,Britannia Good Day 600g,Snacks,South,158,36,37,38,120,0,Cloudy,0,127.79,Low
2025-04-04,1,P003,Aashirvaad Atta 5kg,Staples,South,279,49,62,52,248,0,Stormy,0,263.74,Low
2025-04-04,1,P004,Maggi 2-Minute Noodles,Snacks,South,229,69,74,69,48,5,Cloudy,0,45.03,Low
2025-04-04,1,P005,Tata Salt 1kg,Staples,South,92,45,64,41,22,15,Cloudy,0,22.4,Low
2025-04-04,1,P006,Coca-Cola 600ml,Beverages,South,116,66,68,70,40,5,Sunny,0,38.47,Low
2025-04-04,1,P007,Parle-G 800g,Snacks,South,210,25,34,28,65,15,Cloudy,0,68.72,Low
2025-04-04,1,P008,Surf Excel 1kg,Cleaning,South,164,30,32,27,220,0,Cloudy,0,207.12,Low
2025-04-04,1,P009,Amul Butter 500g,Dairy,South,211,28,47,29,275,15,Cloudy,0,270.59,Low
2025-04-04,1,P010,Red Label Tea 500g,Beverages,South,90,34,37,34,255,20,Cloudy,0,229.72,Low
2025-04-05,1,P001,Amul Taaza Toned Milk 1L,Dairy,South,119,92,96,93,58,20,Sunny,0,56.21,Low
2025-04-05,1,P002,Britannia Good Day 600g,Snacks,South,278,36,37,31,120,5,Stormy,0,131.27,Low
2025-04-05,1,P003,Aashirvaad Atta 5kg,Staples,South,280,97,105,96,248,0,Sunny,0,230.06,Low
2025-04-05,1,P004,Maggi 2-Minute Noodles,Snacks,South,272,90,108,85,48,15,Stormy,0,49.91,Low
2025-04-05,1,P005,Tata Salt 1kg,Staples,South,210,74,76,73,22,0,Cloudy,1,23.12,Low
2025-04-05,1,P006,Coca-Cola 600ml,Beverages,South,283,85,92,81,40,5,Sunny,1,40.91,Low
2025-04-05,1,P007,Parle-G 800g,Snacks,South,121,38,47,34,65,0,Cloudy,0,61.95,Low
2025-04-05,1,P008,Surf Excel 1kg,Cleaning,South,196,79,94,75,220,0,Cloudy,0,232.37,Low
2025-04-05,1,P009,Amul Butter 500g,Dairy,South,67,34,40,33,275,10,Rainy,0,256.84,Low
2025-04-05,1,P010,Red Label Tea 500g,Beverages,South,214,40,44,40,255,0,Sunny,0,243.29,Low
2025-04-06,1,P001,Amul Taaza Toned Milk 1L,Dairy,South,192,78,80,80,58,20,Sunny,0,55.66,Low
2025-04-06,1,P002,Britannia Good Day 600g,Snacks,South,178,47,49,49,120,15,Stormy,0,129.76,Low
2025-04-06,1,P003,Aashirvaad Atta 5kg,Staples,South,143,32,46,32,248,15,Cloudy,0,229.6,Low
2025-04-06,1,P004,Maggi 2-Minute Noodles,Snacks,South,105,100,105,96,48,5,Rainy,0,52.48,Low
2025-04-06,1,P005,Tata Salt 1kg,Staples,South,113,22,35,24,22,10,Sunny,0,20.11,Low
2025-04-06,1,P006,Coca-Cola 600ml,Beverages,South,280,62,63,64,40,5,Sunny,0,36.96,Low
2025-04-06,1,P007,Parle-G 800g,Snacks,South,120,71,75,69,65,0,Sunny,1,64.2,Low
2025-04-06,1,P008,Surf Excel 1kg,Cleaning,South,82,72,87,67,220,10,Cloudy,0,202.78,Low
2025-04-06,1,P009,Amul Butter 500g,Dairy,South,58,87,93,86,275,0,Cloudy,0,275.77,Low
2025-04-06,1,P010,Red Label Tea 500g,Beverages,South,259,33,44,32,255,5,Stormy,0,250.35,Low
2025-04-07,1,P001,Amul Taaza Toned Milk 1L,Dairy,South,258,49,61,48,58,10,Sunny,0,57.99,Low
2025-04-07,1,P002,Britannia Good Day 600g,Snacks,South,185,59,68,62,120,0,Rainy,1,114.92,Low
2025-04-07,1,P003,Aashirvaad Atta 5kg,Staples,South,151,42,55,40,248,20,Rainy,0,241.81,Low
2025-04-07,1,P004,Maggi 2-Minute Noodles,Snacks,South,95,33,50,35,48,5,Rainy,1,51.19,Low
2025-04-07,1,P005,Tata Salt 1kg,Staples,South,206,59,67,63,22,15,Stormy,0,22.31,Low
2025-04-07,1,P006,Coca-Cola 600ml,Beverages,South,240,47,66,47,40,0,Sunny,0,36.15,Low
2025-04-07,1,P007,Parle-G 800g,Snacks,South,81,73,91,68,65,0,Cloudy,0,68.12,Low
2025-04-07,1,P008,Surf Excel 1kg,Cleaning,South,249,37,45,36,220,0,Rainy,1,210.56,Low
2025-04-07,1,P009,Amul Butter 500g,Dairy,South,195,19,32,17,275,10,Stormy,0,291.35,Low
2025-04-07,1,P010,Red Label Tea 500g,Beverages,South,130,54,66,54,255,15,Sunny,0,273.35,Low
2025-04-08,1,P001,Amul Taaza Toned Milk 1L,Dairy,South,189,34,43,34,58,10,Cloudy,0,62.74,Low
2025-04-08,1,P002,Britannia Good Day 600g,Snacks,South,230,15,22,18,120,20,Cloudy,0,110.96,Low
2025-04-08,1,P003,Aashirvaad Atta 5kg,Staples,South,205,28,42,30,248,15,Stormy,0,251.99,Low
2025-04-08,1,P004,Maggi 2-Minute Noodles,Snacks,South,73,58,60,53,48,20,Stormy,0,47.72,Low
2025-04-08,1,P005,Tata Salt 1kg,Staples,South,245,42,53,40,22,15,Cloudy,0,23.86,Low
2025-04-08,1,P006,Coca-Cola 600ml,Beverages,South,116,62,76,66,40,15,Sunny,0,41.19,Low
2025-04-08,1,P007,Parle-G 800g,Snacks,South,129,71,84,71,65,0,Sunny,0,62.53,Low
2025-04-08,1,P008,Surf Excel 1kg,Cleaning,South,223,71,90,66,220,0,Rainy,0,207.89,Low
2025-04-08,1,P009,Amul Butter 500g,Dairy,South,188,78,82,82,275,15,Stormy,0,259.38,Low
2025-04-08,1,P010,Red Label Tea 500g,Beverages,South,196,55,61,52,255,5,Rainy,0,277.17,Low
2025-04-09,1,P001,Amul Taaza Toned Milk 1L,Dairy,South,75,84,90,83,58,0,Stormy,0,63.19,Low
2025-04-09,1,P002,Britannia Good Day 600g,Snacks,South,75,65,77,65,120,10,Rainy,0,122.73,Low
2025-04-09,1,P003,Aashirvaad Atta 5kg,Staples,South,286,61,80,59,248,5,Rainy,0,267.81,Low
2025-04-09,1,P004,Maggi 2-Minute Noodles,Snacks,South,98,26,31,28,48,0,Cloudy,1,45.54,Low
2025-04-09,1,P005,Tata Salt 1kg,Staples,South,268,75,76,76,22,15,Stormy,1,23.9,Low
2025-04-09,1,P006,Coca-Cola 600ml,Beverages,South,120,71,75,75,40,0,Cloudy,0,43.56,Low
2025-04-09,1,P007,Parle-G 800g,Snacks,South,286,83,93,87,65,15,Rainy,0,58.63,Low
2025-04-09,1,P008,Surf Excel 1kg,Cleaning,South,102,25,40,26,220,10,Stormy,0,233.84,Low
2025-04-09,1,P009,Amul Butter 500g,Dairy,South,104,66,83,67,275,0,Cloudy,0,280.67,Low
2025-04-09,1,P010,Red Label Tea 500g,Beverages,South,108,67,83,67,255,5,Rainy,0,255.21,Low
2025-04-10,1,P001,Amul Taaza Toned Milk 1L,Dairy,South,209,47,61,43,58,0,Rainy,0,59.14,Low
2025-04-10,1,P002,Britannia Good Day 600g,Snacks,South,260,52,55,51,120,0,Sunny,0,120.6,Low
2025-04-10,1,P003,Aashirvaad Atta 5kg,Staples,South,144,39,48,43,248,15,Cloudy,0,234.56,Low
2025-04-10,1,P004,Maggi 2-Minute Noodles,Snacks,South,289,63,81,64,48,5,Stormy,1,44.26,Low
2025-04-10,1,P005,Tata Salt 1kg,Staples,South,268,25,30,26,22,0,Cloudy,0,23.58,Low
2025-04-10,1,P006,Coca-Cola 600ml,Beverages,South,161,60,77,62,40,0,Cloudy,0,37.78,Low
2025-04-10,1,P007,Parle-G 800g,Snacks,South,299,40,42,41,65,15,Rainy,1,66.57,Low
2025-04-10,1,P008,Surf Excel 1kg,Cleaning,South,268,32,44,36,220,0,Stormy,0,199.34,Low
2025-04-10,1,P009,Amul Butter 500g,Dairy,South,179,51,69,55,275,5,Sunny,0,269.34,Low
2025-04-10,1,P010,Red Label Tea 500g,Beverages,South,168,22,39,26,255,0,Cloudy,0,251.23,Low
2025-04-11,1,P001,Amul Taaza Toned Milk 1L,Dairy,South,86,36,44,36,58,15,Rainy,1,52.85,Low
2025-04-11,1,P002,Britannia Good Day 600g,Snacks,South,164,76,78,75,120,5,Sunny,0,126.84,Low
2025-04-11,1,P003,Aashirvaad Atta 5kg,Staples,South,229,57,73,61,248,5,Stormy,0,239.17,Low
2025-04-11,1,P004,Maggi 2-Minute Noodles,Snacks,South,152,87,87,88,48,15,Cloudy,1,44.22,Low
2025-04-11,1,P005,Tata Salt 1kg,Staples,South,57,12,19,11,22,10,Stormy,0,23.02,Low
2025-04-11,1,P006,Coca-Cola 600ml,Beverages,South,292,30,48,26,40,0,Rainy,0,41.87,Low
2025-04-11,1,P007,Parle-G 800g,Snacks,South,50,44,57,45,65,0,Rainy,0,62.09,Low
2025-04-11,1,P008,Surf Excel 1kg,Cleaning,South,63,30,49,28,220,0,Sunny,0,211.0,Low
2025-04-11,1,P009,Amul Butter 500g,Dairy,South,233,83,102,81,275,10,Cloudy,0,300.25,Low
2025-04-11,1,P010,Red Label Tea 500g,Beverages,South,186,57,69,53,255,5,Stormy,0,233.01,Low
2025-04-12,1,P001,Amul Taaza Toned Milk 1L,Dairy,South,244,37,54,37,58,0,Sunny,0,59.71,Low
2025-04-12,1,P002,Britannia Good Day 600g,Snacks,South,156,73,74,76,120,0,Rainy,0,131.81,Low
2025-04-12,1,P003,Aashirvaad Atta 5kg,Staples,South,211,21,30,25,248,0,Rainy,1,251.66,Low
2025-04-12,1,P004,Maggi 2-Minute Noodles,Snacks,South,261,27,46,30,48,0,Sunny,1,43.3,Low
2025-04-12,1,P005,Tata Salt 1kg,Staples,South,262,72,86,75,22,0,Stormy,0,21.81,Low
2025-04-12,1,P006,Coca-Cola 600ml,Beverages,South,174,56,75,54,40,15,Cloudy,0,42.42,Low
2025-04-12,1,P007,Parle-G 800g,Snacks,South,107,34,48,31,65,0,Cloudy,0,64.09,Low
2025-04-12,1,P008,Surf Excel 1kg,Cleaning,South,130,48,53,43,220,0,Cloudy,0,223.9,Low
2025-04-12,1,P009,Amul Butter 500g,Dairy,South,295,83,96,79,275,5,Stormy,1,293.62,Low
2025-04-12,1,P010,Red Label Tea 500g,Beverages,South,109,70,88,74,255,20,Cloudy,0,231.85,Low
2025-04-13,1,P001,Amul Taaza Toned Milk 1L,Dairy,South,165,83,85,81,58,15,Sunny,0,62.56,Low
2025-04-13,1,P002,Britannia Good Day 600g,Snacks,South,151,104,115,99,120,15,Cloudy,0,111.7,Low
2025-04-13,1,P003,Aashirvaad Atta 5kg,Staples,South,277,29,34,28,248,10,Cloudy,0,239.84,Low
2025-04-13,1,P004,Maggi 2-Minute Noodles,Snacks,South,72,31,38,30,48,10,Stormy,1,47.85,Low
2025-04-13,1,P005,Tata Salt 1kg,Staples,South,268,92,99,91,22,0,Sunny,1,22.86,Low
2025-04-13,1,P006,Coca-Cola 600ml,Beverages,South,96,61,64,58,40,5,Cloudy,0,39.21,Low
2025-04-13,1,P007,Parle-G 800g,Snacks,South,168,38,43,42,65,20,Rainy,1,66.94,Low
2025-04-13,1,P008,Surf Excel 1kg,Cleaning,South,243,85,100,89,220,0,Stormy,0,214.38,Low
2025-04-13,1,P009,Amul Butter 500g,Dairy,South,204,40,54,39,275,5,Rainy,0,301.77,Low
2025-04-13,1,P010,Red Label Tea 500g,Beverages,South,285,71,90,67,255,5,Stormy,0,242.44,Low
2025-04-14,1,P001,Amul Taaza Toned Milk 1L,Dairy,South,174,24,41,27,58,0,Stormy,0,61.59,Low
2025-04-14,1,P002,Britannia Good Day 600g,Snacks,South,174,35,45,33,120,20,Sunny,0,108.65,Low
2025-04-14,1,P003,Aashirvaad Atta 5kg,Staples,South,158,80,87,76,248,0,Sunny,0,227.55,Low
2025-04-14,1,P004,Maggi 2-Minute Noodles,Snacks,South,87,35,42,37,48,20,Sunny,1,50.22,Low
2025-04-14,1,P005,Tata Salt 1kg,Staples,South,274,31,35,32,22,5,Cloudy,0,24.15,Low
2025-04-14,1,P006,Coca-Cola 600ml,Beverages,South,283,42,48,37,40,0,Sunny,1,43.04,Low
2025-04-14,1,P007,Parle-G 800g,Snacks,South,90,72,73,75,65,0,Cloudy,0,67.53,Low
2025-04-14,1,P008,Surf Excel 1kg,Cleaning,South,266,66,74,70,220,15,Sunny,0,200.33,Low
2025-04-14,1,P009,Amul Butter 500g,Dairy,South,255,65,80,68,275,20,Sunny,0,263.66,Low
2025-04-14,1,P010,Red Label Tea 500g,Beverages,South,176,69,82,67,255,5,Rainy,1,272.0,Low
2025-04-15,1,P001,Amul Taaza Toned Milk 1L,Dairy,South,53,43,45,40,58,0,Stormy,0,63.26,Low
2025-04-15,1,P002,Britannia Good Day 600g,Snacks,South,125,63,82,63,120,5,Sunny,0,108.14,Low
2025-04-15,1,P003,Aashirvaad Atta 5kg,Staples,South,271,25,30,21,248,10,Cloudy,0,238.86,Low
2025-04-15,1,P004,Maggi 2-Minute Noodles,Snacks,South,212,28,38,24,48,0,Rainy,1,43.46,Low
2025-04-15,1,P005,Tata Salt 1kg,Staples,South,276,51,67,46,22,0,Stormy,0,24.16,Low
2025-04-15,1,P006,Coca-Cola 600ml,Beverages,South,206,26,45,26,40,0,Sunny,0,36.25,Low
2025-04-15,1,P007,Parle-G 800g,Snacks,South,230,50,56,51,65,15,Cloudy,0,62.35,Low
2025-04-15,1,P008,Surf Excel 1kg,Cleaning,South,146,15,17,12,220,0,Cloudy,0,200.9,Low
2025-04-15,1,P009,Amul Butter 500g,Dairy,South,263,40,55,42,275,0,Stormy,0,249.81,Low
2025-04-15,1,P010,Red Label Tea 500g,Beverages,South,184,67,86,63,255,15,Stormy,0,262.71,Low
2025-04-16,1,P001,Amul Taaza Toned Milk 1L,Dairy,South,102,68,77,71,58,10,Rainy,0,58.93,Low
2025-04-16,1,P002,Britannia Good Day 600g,Snacks,South,143,52,67,51,120,20,Sunny,1,126.04,Low
2025-04-16,1,P003,Aashirvaad Atta 5kg,Staples,South,173,78,85,78,248,20,Stormy,0,257.44,Low
2025-04-16,1,P004,Maggi 2-Minute Noodles,Snacks,South,187,77,87,79,48,15,Rainy,1,47.62,Low
2025-04-16,1,P005,Tata Salt 1kg,Staples,South,216,23,39,24,22,10,Cloudy,0,22.75,Low
2025-04-16,1,P006,Coca-Cola 600ml,Beverages,South,244,66,69,64,40,5,Stormy,0,39.93,Low
2025-04-16,1,P007,Parle-G 800g,Snacks,South,200,69,80,73,65,20,Stormy,1,67.23,Low
2025-04-16,1,P008,Surf Excel 1kg,Cleaning,South,78,85,103,85,220,0,Stormy,0,218.64,Low
2025-04-16,1,P009,Amul Butter 500g,Dairy,South,243,70,77,65,275,5,Sunny,0,260.51,Low
2025-04-16,1,P010,Red Label Tea 500g,Beverages,South,269,53,64,55,255,0,Stormy,0,265.12,Low
2025-04-17,1,P001,Amul Taaza Toned Milk 1L,Dairy,South,201,37,51,37,58,10,Sunny,0,53.86,Low
2025-04-17,1,P002,Britannia Good Day 600g,Snacks,South,298,73,76,71,120,0,Rainy,1,111.11,Low
2025-04-17,1,P003,Aashirvaad Atta 5kg,Staples,South,186,20,30,22,248,10,Sunny,1,268.78,Low
2025-04-17,1,P004,Maggi 2-Minute Noodles,Snacks,South,178,32,51,34,48,5,Stormy,0,45.36,Low
2025-04-17,1,P005,Tata Salt 1kg,Staples,South,129,70,77,73,22,0,Cloudy,1,21.59,Low
2025-04-17,1,P006,Coca-Cola 600ml,Beverages,South,112,81,93,85,40,15,Rainy,0,39.21,Low
2025-04-17,1,P007,Parle-G 800g,Snacks,South,62,17,30,21,65,0,Rainy,0,61.61,Low
2025-04-17,1,P008,Surf Excel 1kg,Cleaning,South,288,56,69,53,220,5,Stormy,0,229.25,Low
2025-04-17,1,P009,Amul Butter 500g,Dairy,South,184,30,43,34,275,15,Sunny,0,252.17,Low
2025-04-17,1,P010,Red Label Tea 500g,Beverages,South,232,73,74,70,255,5,Stormy,0,279.41,Low
2025-04-18,1,P001,Amul Taaza Toned Milk 1L,Dairy,South,240,69,80,70,58,5,Cloudy,0,53.36,Low
2025-04-18,1,P002,Britannia Good Day 600g,Snacks,South,136,40,46,40,120,5,Cloudy,0,112.01,Low
2025-04-18,1,P003,Aashirvaad Atta 5kg,Staples,South,117,39,58,38,248,15,Sunny,0,246.89,Low
2025-04-18,1,P004,Maggi 2-Minute Noodles,Snacks,South,185,21,30,17,48,15,Rainy,1,50.03,Low
2025-04-18,1,P005,Tata Salt 1kg,Staples,South,289,42,46,46,22,0,Sunny,1,22.2,Low
2025-04-18,1,P006,Coca-Cola 600ml,Beverages,South,186,45,45,46,40,0,Stormy,1,39.09,Low
2025-04-18,1,P007,Parle-G 800g,Snacks,South,235,72,83,74,65,0,Rainy,1,58.62,Low
2025-04-18,1,P008,Surf Excel 1kg,Cleaning,South,184,72,86,72,220,20,Cloudy,0,226.59,Low
2025-04-18,1,P009,Amul Butter 500g,Dairy,South,116,51,70,51,275,20,Sunny,0,269.69,Low
2025-04-18,1,P010,Red Label Tea 500g,Beverages,South,161,27,46,29,255,10,Rainy,1,262.42,Low
2025-04-19,1,P001,Amul Taaza Toned Milk 1L,Dairy,South,179,92,95,89,58,0,Rainy,1,53.29,Low
2025-04-19,1,P002,Britannia Good Day 600g,Snacks,South,54,36,44,38,120,15,Rainy,0,121.77,Low
2025-04-19,1,P003,Aashirvaad Atta 5kg,Staples,South,188,62,77,64,248,5,Cloudy,0,231.13,Low
2025-04-19,1,P004,Maggi 2-Minute Noodles,Snacks,South,193,91,102,92,48,20,Rainy,1,47.81,Low
2025-04-19,1,P005,Tata Salt 1kg,Staples,South,111,96,114,98,22,5,Rainy,0,22.6,Low
2025-04-19,1,P006,Coca-Cola 600ml,Beverages,South,273,31,38,28,40,0,Cloudy,0,43.6,Low
2025-04-19,1,P007,Parle-G 800g,Snacks,South,166,21,40,24,65,5,Stormy,0,66.62,Low
2025-04-19,1,P008,Surf Excel 1kg,Cleaning,South,162,67,82,63,220,20,Rainy,0,214.53,Low
2025-04-19,1,P009,Amul Butter 500g,Dairy,South,253,30,38,31,275,0,Stormy,1,298.0,Low
2025-04-19,1,P010,Red Label Tea 500g,Beverages,South,238,86,105,83,255,0,Cloudy,0,256.74,Low
2025-04-20,1,P001,Amul Taaza Toned Milk 1L,Dairy,South,152,53,67,48,58,0,Stormy,1,56.43,Low
2025-04-20,1,P002,Britannia Good Day 600g,Snacks,South,226,20,36,16,120,15,Cloudy,0,113.23,Low
2025-04-20,1,P003,Aashirvaad Atta 5kg,Staples,South,92,107,108,109,248,10,Cloudy,0,263.21,Low
2025-04-20,1,P004,Maggi 2-Minute Noodles,Snacks,South,77,84,97,86,48,5,Cloudy,0,46.32,Low
2025-04-20,1,P005,Tata Salt 1kg,Staples,South,238,38,45,36,22,0,Rainy,0,20.53,Low
2025-04-20,1,P006,Coca-Cola 600ml,Beverages,South,269,24,35,21,40,0,Cloudy,1,39.45,Low
2025-04-20,1,P007,Parle-G 800g,Snacks,South,73,110,129,108,65,0,Rainy,0,67.46,Low
2025-04-20,1,P008,Surf Excel 1kg,Cleaning,South,168,52,65,50,220,15,Stormy,0,204.11,Low
2025-04-20,1,P009,Amul Butter 500g,Dairy,South,103,80,90,78,275,5,Sunny,0,290.66,Low
2025-04-20,1,P010,Red Label Tea 500g,Beverages,South,275,52,53,55,255,0,Rainy,0,231.72,Low
2025-04-21,1,P001,Amul Taaza Toned Milk 1L,Dairy,South,243,74,85,69,58,0,Cloudy,1,57.7,Low
2025-04-21,1,P002,Britannia Good Day 600g,Snacks,South,66,72,80,68,120,0,Stormy,0,126.72,Low
2025-04-21,1,P003,Aashirvaad Atta 5kg,Staples,South,268,41,44,42,248,0,Cloudy,0,264.28,Low
2025-04-21,1,P004,Maggi 2-Minute Noodles,Snacks,South,89,34,51,30,48,15,Stormy,0,43.75,Low
2025-04-21,1,P005,Tata Salt 1kg,Staples,South,111,23,32,25,22,0,Sunny,0,21.59,Low
2025-04-21,1,P006,Coca-Cola 600ml,Beverages,South,142,58,66,57,40,10,Stormy,0,39.63,Low
2025-04-21,1,P007,Parle-G 800g,Snacks,South,55,77,86,73,65,0,Stormy,1,69.87,Low
2025-04-21,1,P008,Surf Excel 1kg,Cleaning,South,153,61,79,58,220,0,Sunny,0,238.23,Low
2025-04-21,1,P009,Amul Butter 500g,Dairy,South,298,46,62,48,275,0,Rainy,1,260.0,Low
2025-04-21,1,P010,Red Label Tea 500g,Beverages,South,109,54,71,53,255,15,Stormy,0,250.37,Low
2025-04-22,1,P001,Amul Taaza Toned Milk 1L,Dairy,South,131,83,93,86,58,15,Stormy,1,59.55,Low
2025-04-22,1,P002,Britannia Good Day 600g,Snacks,South,167,62,75,64,120,0,Rainy,0,113.32,Low
2025-04-22,1,P003,Aashirvaad Atta 5kg,Staples,South,234,34,42,32,248,15,Rainy,0,241.06,Low
2025-04-22,1,P004,Maggi 2-Minute Noodles,Snacks,South,266,15,31,12,48,0,Cloudy,1,52.74,Low
2025-04-22,1,P005,Tata Salt 1kg,Staples,South,181,56,61,55,22,10,Sunny,0,23.79,Low
2025-04-22,1,P006,Coca-Cola 600ml,Beverages,South,82,41,42,41,40,15,Sunny,0,41.75,Low
2025-04-22,1,P007,Parle-G 800g,Snacks,South,94,37,48,35,65,20,Stormy,0,67.12,Low
2025-04-22,1,P008,Surf Excel 1kg,Cleaning,South,92,17,17,16,220,10,Stormy,0,231.72,Low
2025-04-22,1,P009,Amul Butter 500g,Dairy,South,162,59,66,56,275,20,Rainy,1,287.51,Low
2025-04-22,1,P010,Red Label Tea 500g,Beverages,South,55,56,71,60,255,0,Cloudy,0,246.6,Low
2025-04-23,1,P001,Amul Taaza Toned Milk 1L,Dairy,South,103,74,85,77,58,15,Stormy,1,59.13,Low
2025-04-23,1,P002,Britannia Good Day 600g,Snacks,South,191,31,33,34,120,0,Stormy,1,114.99,Low
2025-04-23,1,P003,Aashirvaad Atta 5kg,Staples,South,227,59,59,63,248,20,Cloudy,1,241.31,Low
2025-04-23,1,P004,Maggi 2-Minute Noodles,Snacks,South,172,43,46,41,48,5,Sunny,1,48.46,Low
2025-04-23,1,P005,Tata Salt 1kg,Staples,South,137,72,86,68,22,0,Cloudy,0,24.13,Low
2025-04-23,1,P006,Coca-Cola 600ml,Beverages,South,147,56,62,58,40,15,Cloudy,0,42.05,Low
2025-04-23,1,P007,Parle-G 800g,Snacks,South,197,35,38,39,65,10,Sunny,0,67.83,Low
2025-04-23,1,P008,Surf Excel 1kg,Cleaning,South,102,27,33,30,220,5,Stormy,0,201.05,Low
2025-04-23,1,P009,Amul Butter 500g,Dairy,South,53,26,43,23,275,20,Cloudy,0,282.72,Low
2025-04-23,1,P010,Red Label Tea 500g,Beverages,South,79,67,73,65,255,20,Stormy,0,264.89,Low
2025-04-24,1,P001,Amul Taaza Toned Milk 1L,Dairy,South,152,39,47,34,58,0,Rainy,0,61.86,Low
2025-04-24,1,P002,Britannia Good Day 600g,Snacks,South,200,63,79,64,120,10,Stormy,0,117.22,Low
2025-04-24,1,P003,Aashirvaad Atta 5kg,Staples,South,193,71,81,67,248,0,Cloudy,0,236.25,Low
2025-04-24,1,P004,Maggi 2-Minute Noodles,Snacks,South,183,47,55,47,48,10,Sunny,1,45.51,Low
2025-04-24,1,P005,Tata Salt 1kg,Staples,South,168,71,81,67,22,15,Rainy,0,23.42,Low
2025-04-24,1,P006,Coca-Cola 600ml,Beverages,South,135,41,58,36,40,0,Cloudy,1,39.39,Low
2025-04-24,1,P007,Parle-G 800g,Snacks,South,103,60,65,63,65,5,Cloudy,0,60.91,Low
2025-04-24,1,P008,Surf Excel 1kg,Cleaning,South,210,26,33,25,220,10,Rainy,0,234.05,Low
2025-04-24,1,P009,Amul Butter 500g,Dairy,South,292,76,93,72,275,0,Rainy,1,279.65,Low
2025-04-24,1,P010,Red Label Tea 500g,Beverages,South,103,30,36,25,255,10,Stormy,0,265.4,Low
2025-04-25,1,P001,Amul Taaza Toned Milk 1L,Dairy,South,157,30,33,30,58,15,Rainy,1,61.01,Low
2025-04-25,1,P002,Britannia Good Day 600g,Snacks,South,100,21,36,18,120,15,Rainy,0,120.49,Low
2025-04-25,1,P003,Aashirvaad Atta 5kg,Staples,South,291,31,38,30,248,5,Cloudy,0,246.39,Low
2025-04-25,1,P004,Maggi 2-Minute Noodles,Snacks,South,294,75,86,78,48,20,Cloudy,1,45.45,Low
2025-04-25,1,P005,Tata Salt 1kg,Staples,South,236,38,45,38,22,5,Sunny,0,20.9,Low
2025-04-25,1,P006,Coca-Cola 600ml,Beverages,South,291,37,39,38,40,15,Stormy,0,36.42,Low
2025-04-25,1,P007,Parle-G 800g,Snacks,South,156,25,28,20,65,15,Sunny,1,60.79,Low
2025-04-25,1,P008,Surf Excel 1kg,Cleaning,South,255,27,43,24,220,20,Cloudy,1,231.49,Low
2025-04-25,1,P009,Amul Butter 500g,Dairy,South,86,58,58,61,275,20,Stormy,0,258.95,Low
2025-04-25,1,P010,Red Label Tea 500g,Beverages,South,53,22,33,24,255,0,Cloudy,1,254.76,Low
2025-04-26,1,P001,Amul Taaza Toned Milk 1L,Dairy,South,278,80,98,82,58,5,Cloudy,0,58.46,Low
2025-04-26,1,P002,Britannia Good Day 600g,Snacks,South,60,48,64,50,120,10,Rainy,0,120.77,Low
2025-04-26,1,P003,Aashirvaad Atta 5kg,Staples,South,127,89,89,85,248,10,Rainy,0,240.13,Low
2025-04-26,1,P004,Maggi 2-Minute Noodles,Snacks,South,254,71,82,75,48,0,Cloudy,0,46.75,Low
2025-04-26,1,P005,Tata Salt 1kg,Staples,South,263,46,59,46,22,20,Rainy,0,20.89,Low
2025-04-26,1,P006,Coca-Cola 600ml,Beverages,South,118,67,78,62,40,10,Cloudy,1,37.15,Low
2025-04-26,1,P007,Parle-G 800g,Snacks,South,267,60,68,61,65,20,Stormy,0,68.39,Low
2025-04-26,1,P008,Surf Excel 1kg,Cleaning,South,264,84,89,81,220,15,Sunny,1,213.66,Low
2025-04-26,1,P009,Amul Butter 500g,Dairy,South,267,30,31,25,275,0,Sunny,0,277.35,Low
2025-04-26,1,P010,Red Label Tea 500g,Beverages,South,165,86,94,83,255,10,Rainy,1,250.4,Low
2025-04-27,1,P001,Amul Taaza Toned Milk 1L,Dairy,South,199,36,44,37,58,0,Stormy,0,57.14,Low
2025-04-27,1,P002,Britannia Good Day 600g,Snacks,South,186,38,43,38,120,5,Stormy,0,119.71,Low
2025-04-27,1,P003,Aashirvaad Atta 5kg,Staples,South,209,104,119,103,248,10,Stormy,0,240.42,Low
2025-04-27,1,P004,Maggi 2-Minute Noodles,Snacks,South,63,32,51,30,48,0,Rainy,0,46.56,Low
2025-04-27,1,P005,Tata Salt 1kg,Staples,South,238,93,98,95,22,0,Rainy,1,19.94,Low
2025-04-27,1,P006,Coca-Cola 600ml,Beverages,South,85,28,29,26,40,0,Sunny,0,39.92,Low
2025-04-27,1,P007,Parle-G 800g,Snacks,South,215,46,59,45,65,0,Cloudy,0,60.62,Low
2025-04-27,1,P008,Surf Excel 1kg,Cleaning,South,148,52,66,53,220,0,Stormy,0,227.09,Low
2025-04-27,1,P009,Amul Butter 500g,Dairy,South,98,82,97,81,275,0,Rainy,1,293.65,Low
2025-04-27,1,P010,Red Label Tea 500g,Beverages,South,225,68,70,63,255,0,Cloudy,1,256.14,Low
2025-04-28,1,P001,Amul Taaza Toned Milk 1L,Dairy,South,188,36,42,40,58,20,Stormy,1,56.62,Low
2025-04-28,1,P002,Britannia Good Day 600g,Snacks,South,74,48,62,51,120,0,Stormy,1,129.62,Low
2025-04-28,1,P003,Aashirvaad Atta 5kg,Staples,South,240,40,55,43,248,0,Stormy,0,227.67,Low
2025-04-28,1,P004,Maggi 2-Minute Noodles,Snacks,South,103,59,62,60,48,20,Cloudy,0,48.53,Low
2025-04-28,1,P005,Tata Salt 1kg,Staples,South,75,45,61,47,22,10,Sunny,0,20.97,Low
2025-04-28,1,P006,Coca-Cola 600ml,Beverages,South,294,66,68,64,40,0,Stormy,1,36.96,Low
2025-04-28,1,P007,Parle-G 800g,Snacks,South,271,73,79,74,65,10,Sunny,1,69.27,Low
2025-04-28,1,P008,Surf Excel 1kg,Cleaning,South,73,51,70,53,220,0,Sunny,0,202.48,Low
2025-04-28,1,P009,Amul Butter 500g,Dairy,South,60,39,50,39,275,0,Rainy,1,257.61,Low
2025-04-28,1,P010,Red Label Tea 500g,Beverages,South,143,50,56,54,255,0,Rainy,0,229.52,Low
2025-04-29,1,P001,Amul Taaza Toned Milk 1L,Dairy,South,162,26,35,24,58,0,Cloudy,0,56.35,Low
2025-04-29,1,P002,Britannia Good Day 600g,Snacks,South,134,78,87,76,120,0,Sunny,0,115.11,Low
2025-04-29,1,P003,Aashirvaad Atta 5kg,Staples,South,131,32,44,35,248,0,Rainy,0,240.62,Low
2025-04-29,1,P004,Maggi 2-Minute Noodles,Snacks,South,123,55,63,50,48,0,Cloudy,1,43.45,Low
2025-04-29,1,P005,Tata Salt 1kg,Staples,South,245,35,44,34,22,15,Sunny,0,22.08,Low
2025-04-29,1,P006,Coca-Cola 600ml,Beverages,South,296,42,54,38,40,20,Sunny,0,37.2,Low
2025-04-29,1,P007,Parle-G 800g,Snacks,South,57,43,60,42,65,0,Stormy,0,62.61,Low
2025-04-29,1,P008,Surf Excel 1kg,Cleaning,South,242,79,98,77,220,0,Cloudy,0,199.53,Low
2025-04-29,1,P009,Amul Butter 500g,Dairy,South,90,58,76,55,275,20,Sunny,0,286.88,Low
2025-04-29,1,P010,Red Label Tea 500g,Beverages,South,286,70,76,73,255,0,Sunny,0,279.51,Low
2025-04-30,1,P001,Amul Taaza Toned Milk 1L,Dairy,South,62,50,57,49,58,20,Sunny,0,58.9,Low
2025-04-30,1,P002,Britannia Good Day 600g,Snacks,South,232,57,67,55,120,5,Sunny,1,118.67,Low
2025-04-30,1,P003,Aashirvaad Atta 5kg,Staples,South,266,78,86,73,248,20,Rainy,1,266.01,Low
2025-04-30,1,P004,Maggi 2-Minute Noodles,Snacks,South,104,68,80,63,48,20,Sunny,1,46.96,Low
2025-04-30,1,P005,Tata Salt 1kg,Staples,South,160,61,80,58,22,15,Cloudy,1,22.7,Low
2025-04-30,1,P006,Coca-Cola 600ml,Beverages,South,126,42,53,38,40,5,Cloudy,0,38.09,Low
2025-04-30,1,P007,Parle-G 800g,Snacks,South,99,76,87,71,65,5,Stormy,0,69.97,Low
2025-04-30,1,P008,Surf Excel 1kg,Cleaning,South,50,30,35,27,220,5,Cloudy,0,214.09,Low
2025-04-30,1,P009,Amul Butter 500g,Dairy,South,293,73,79,72,275,20,Rainy,0,283.48,Low
2025-04-30,1,P010,Red Label Tea 500g,Beverages,South,233,45,64,49,255,0,Sunny,0,258.72,Low
2025-05-01,1,P001,Amul Taaza Toned Milk 1L,Dairy,South,52,30,31,28,58,0,Rainy,0,58.08,Low
2025-05-01,1,P002,Britannia Good Day 600g,Snacks,South,151,47,58,46,120,5,Sunny,0,116.03,Low
2025-05-01,1,P003,Aashirvaad Atta 5kg,Staples,South,126,22,37,20,248,5,Stormy,0,227.56,Low
2025-05-01,1,P004,Maggi 2-Minute Noodles,Snacks,South,175,37,47,41,48,0,Stormy,0,50.47,Low
2025-05-01,1,P005,Tata Salt 1kg,Staples,South,235,38,46,42,22,15,Sunny,0,19.84,Low
2025-05-01,1,P006,Coca-Cola 600ml,Beverages,South,240,25,31,20,40,0,Stormy,1,36.88,Low
2025-05-01,1,P007,Parle-G 800g,Snacks,South,240,83,85,82,65,10,Sunny,0,70.19,Low
2025-05-01,1,P008,Surf Excel 1kg,Cleaning,South,170,77,90,73,220,5,Rainy,1,228.87,Low
2025-05-01,1,P009,Amul Butter 500g,Dairy,South,127,39,53,41,275,5,Sunny,1,288.3,Low
2025-05-01,1,P010,Red Label Tea 500g,Beverages,South,210,19,36,20,255,5,Stormy,0,265.74,Low
2025-05-02,1,P001,Amul Taaza Toned Milk 1L,Dairy,South,111,50,60,47,58,0,Stormy,0,61.01,Low
2025-05-02,1,P002,Britannia Good Day 600g,Snacks,South,164,46,59,42,120,20,Cloudy,0,131.49,Low
2025-05-02,1,P003,Aashirvaad Atta 5kg,Staples,South,155,65,78,60,248,20,Stormy,0,237.4,Low
2025-05-02,1,P004,Maggi 2-Minute Noodles,Snacks,South,260,42,57,41,48,0,Stormy,0,50.03,Low
2025-05-02,1,P005,Tata Salt 1kg,Staples,South,93,35,45,36,22,5,Rainy,0,22.7,Low
2025-05-02,1,P006,Coca-Cola 600ml,Beverages,South,189,31,40,30,40,0,Stormy,0,41.51,Low
2025-05-02,1,P007,Parle-G 800g,Snacks,South,195,46,53,44,65,0,Stormy,0,61.29,Low
2025-05-02,1,P008,Surf Excel 1kg,Cleaning,South,148,34,40,30,220,10,Rainy,0,202.98,Low
2025-05-02,1,P009,Amul Butter 500g,Dairy,South,216,42,43,43,275,15,Rainy,1,257.05,Low
2025-05-02,1,P010,Red Label Tea 500g,Beverages,South,134,32,38,34,255,5,Cloudy,0,231.58,Low
2025-05-03,1,P001,Amul Taaza Toned Milk 1L,Dairy,South,219,88,94,92,58,10,Sunny,0,60.07,Low
2025-05-03,1,P002,Britannia Good Day 600g,Snacks,South,97,57,70,54,120,0,Cloudy,0,117.37,Low
2025-05-03,1,P003,Aashirvaad Atta 5kg,Staples,South,107,81,90,83,248,0,Sunny,1,239.11,Low
2025-05-03,1,P004,Maggi 2-Minute Noodles,Snacks,South,211,54,57,55,48,15,Cloudy,0,50.81,Low
2025-05-03,1,P005,Tata Salt 1kg,Staples,South,94,31,33,28,22,5,Rainy,0,23.49,Low
2025-05-03,1,P006,Coca-Cola 600ml,Beverages,South,167,31,38,27,40,20,Stormy,1,40.38,Low
2025-05-03,1,P007,Parle-G 800g,Snacks,South,296,89,105,84,65,0,Sunny,0,60.65,Low
2025-05-03,1,P008,Surf Excel 1kg,Cleaning,South,278,38,41,36,220,20,Cloudy,1,202.66,Low
2025-05-03,1,P009,Amul Butter 500g,Dairy,South,204,79,88,80,275,0,Cloudy,0,267.64,Low
2025-05-03,1,P010,Red Label Tea 500g,Beverages,South,109,75,82,72,255,15,Sunny,0,253.72,Low
2025-05-04,1,P001,Amul Taaza Toned Milk 1L,Dairy,South,202,68,71,69,58,0,Sunny,0,62.41,Low
2025-05-04,1,P002,Britannia Good Day 600g,Snacks,South,79,82,84,81,120,0,Rainy,0,119.31,Low
2025-05-04,1,P003,Aashirvaad Atta 5kg,Staples,South,176,100,118,95,248,10,Stormy,1,248.36,Low
2025-05-04,1,P004,Maggi 2-Minute Noodles,Snacks,South,102,31,43,35,48,10,Rainy,0,50.34,Low
2025-05-04,1,P005,Tata Salt 1kg,Staples,South,171,73,78,70,22,10,Stormy,0,21.17,Low
2025-05-04,1,P006,Coca-Cola 600ml,Beverages,South,153,35,47,30,40,20,Sunny,0,38.3,Low
2025-05-04,1,P007,Parle-G 800g,Snacks,South,135,72,86,69,65,0,Stormy,0,61.43,Low
2025-05-04,1,P008,Surf Excel 1kg,Cleaning,South,268,59,70,58,220,5,Rainy,0,234.18,Low
2025-05-04,1,P009,Amul Butter 500g,Dairy,South,162,43,51,41,275,10,Stormy,0,262.12,Low
2025-05-04,1,P010,Red Label Tea 500g,Beverages,South,251,77,87,78,255,0,Rainy,0,248.35,Low
2025-05-05,1,P001,Amul Taaza Toned Milk 1L,Dairy,South,296,40,42,36,58,0,Sunny,0,59.41,Low
2025-05-05,1,P002,Britannia Good Day 600g,Snacks,South,224,65,84,60,120,5,Rainy,0,115.11,Low
2025-05-05,1,P003,Aashirvaad Atta 5kg,Staples,South,188,69,87,69,248,5,Rainy,0,228.59,Low
2025-05-05,1,P004,Maggi 2-Minute Noodles,Snacks,South,294,75,94,75,48,5,Sunny,0,49.37,Low
2025-05-05,1,P005,Tata Salt 1kg,Staples,South,199,84,102,87,22,5,Rainy,0,21.2,Low
2025-05-05,1,P006,Coca-Cola 600ml,Beverages,South,79,37,55,41,40,0,Cloudy,0,42.88,Low
2025-05-05,1,P007,Parle-G 800g,Snacks,South,134,79,84,76,65,15,Cloudy,1,65.27,Low
2025-05-05,1,P008,Surf Excel 1kg,Cleaning,South,141,30,32,26,220,5,Cloudy,0,227.69,Low
2025-05-05,1,P009,Amul Butter 500g,Dairy,South,54,24,36,25,275,10,Sunny,0,278.97,Low
2025-05-05,1,P010,Red Label Tea 500g,Beverages,South,150,70,88,68,255,15,Stormy,0,275.21,Low
2025-05-06,1,P001,Amul Taaza Toned Milk 1L,Dairy,South,257,33,39,32,58,0,Rainy,0,61.8,Low
2025-05-06,1,P002,Britannia Good Day 600g,Snacks,South,296,87,88,89,120,15,Cloudy,1,113.04,Low
2025-05-06,1,P003,Aashirvaad Atta 5kg,Staples,South,193,69,84,64,248,15,Cloudy,0,242.49,Low
2025-05-06,1,P004,Maggi 2-Minute Noodles,Snacks,South,173,46,59,44,48,20,Sunny,0,51.68,Low
2025-05-06,1,P005,Tata Salt 1kg,Staples,South,206,24,38,24,22,5,Rainy,1,22.82,Low
2025-05-06,1,P006,Coca-Cola 600ml,Beverages,South,71,75,75,79,40,15,Stormy,0,42.37,Low
2025-05-06,1,P007,Parle-G 800g,Snacks,South,173,59,67,56,65,20,Cloudy,0,67.05,Low
2025-05-06,1,P008,Surf Excel 1kg,Cleaning,South,271,56,64,58,220,15,Stormy,0,223.9,Low
2025-05-06,1,P009,Amul Butter 500g,Dairy,South,279,61,71,64,275,0,Sunny,0,285.89,Low
2025-05-06,1,P010,Red Label Tea 500g,Beverages,South,240,74,90,74,255,0,Cloudy,0,268.97,Low
2025-05-07,1,P001,Amul Taaza Toned Milk 1L,Dairy,South,107,66,70,67,58,15,Cloudy,0,57.57,Low
2025-05-07,1,P002,Britannia Good Day 600g,Snacks,South,64,51,65,54,120,15,Sunny,0,119.86,Low
2025-05-07,1,P003,Aashirvaad Atta 5kg,Staples,South,105,45,53,45,248,10,Sunny,1,232.76,Low
2025-05-07,1,P004,Maggi 2-Minute Noodles,Snacks,South,234,45,49,42,48,0,Rainy,0,43.67,Low
2025-05-07,1,P005,Tata Salt 1kg,Staples,South,155,55,65,53,22,0,Rainy,0,22.22,Low
2025-05-07,1,P006,Coca-Cola 600ml,Beverages,South,249,43,45,46,40,0,Stormy,0,39.9,Low
2025-05-07,1,P007,Parle-G 800g,Snacks,South,233,34,53,32,65,0,Stormy,1,65.63,Low
2025-05-07,1,P008,Surf Excel 1kg,Cleaning,South,239,22,35,19,220,0,Cloudy,0,237.63,Low
2025-05-07,1,P009,Amul Butter 500g,Dairy,South,248,22,27,18,275,5,Stormy,1,298.59,Low
2025-05-07,1,P010,Red Label Tea 500g,Beverages,South,260,64,72,67,255,5,Rainy,0,256.05,Low
2025-05-08,1,P001,Amul Taaza Toned Milk 1L,Dairy,South,240,26,27,23,58,15,Sunny,0,60.17,Low
2025-05-08,1,P002,Britannia Good Day 600g,Snacks,South,208,61,66,59,120,20,Stormy,1,110.63,Low
2025-05-08,1,P003,Aashirvaad Atta 5kg,Staples,South,91,18,19,18,248,5,Sunny,0,239.61,Low
2025-05-08,1,P004,Maggi 2-Minute Noodles,Snacks,South,256,34,51,29,48,0,Rainy,0,44.39,Low
2025-05-08,1,P005,Tata Salt 1kg,Staples,South,246,79,94,82,22,15,Rainy,1,20.12,Low
2025-05-08,1,P006,Coca-Cola 600ml,Beverages,South,122,18,37,20,40,0,Cloudy,0,43.6,Low
2025-05-08,1,P007,Parle-G 800g,Snacks,South,203,69,76,72,65,0,Stormy,0,70.47,Low
2025-05-08,1,P008,Surf Excel 1kg,Cleaning,South,123,31,50,26,220,0,Rainy,0,239.55,Low
2025-05-08,1,P009,Amul Butter 500g,Dairy,South,272,71,89,70,275,0,Sunny,0,263.5,Low
2025-05-08,1,P010,Red Label Tea 500g,Beverages,South,104,45,56,47,255,5,Sunny,0,237.65,Low
2025-05-09,1,P001,Amul Taaza Toned Milk 1L,Dairy,South,184,34,34,30,58,0,Cloudy,0,56.76,Low
2025-05-09,1,P002,Britannia Good Day 600g,Snacks,South,192,24,27,28,120,15,Sunny,0,115.59,Low
2025-05-09,1,P003,Aashirvaad Atta 5kg,Staples,South,69,55,74,57,248,15,Cloudy,1,235.16,Low
2025-05-09,1,P004,Maggi 2-Minute Noodles,Snacks,South,102,62,70,62,48,15,Rainy,0,48.57,Low
2025-05-09,1,P005,Tata Salt 1kg,Staples,South,53,56,72,57,22,15,Stormy,1,20.52,Low
2025-05-09,1,P006,Coca-Cola 600ml,Beverages,South,154,23,23,20,40,0,Rainy,0,36.54,Low
2025-05-09,1,P007,Parle-G 800g,Snacks,South,266,32,33,30,65,10,Sunny,0,62.67,Low
2025-05-09,1,P008,Surf Excel 1kg,Cleaning,South,198,44,56,44,220,15,Stormy,0,202.71,Low
2025-05-09,1,P009,Amul Butter 500g,Dairy,South,135,18,34,19,275,5,Cloudy,1,261.22,Low
2025-05-09,1,P010,Red Label Tea 500g,Beverages,South,186,40,58,35,255,0,Cloudy,0,274.42,Low
2025-05-10,1,P001,Amul Taaza Toned Milk 1L,Dairy,South,296,89,105,84,58,0,Sunny,0,58.01,Low
2025-05-10,1,P002,Britannia Good Day 600g,Snacks,South,274,49,61,50,120,15,Cloudy,0,119.17,Low
2025-05-10,1,P003,Aashirvaad Atta 5kg,Staples,South,226,41,46,38,248,0,Stormy,0,252.93,Low
2025-05-10,1,P004,Maggi 2-Minute Noodles,Snacks,South,123,79,98,83,48,20,Stormy,0,45.69,Low
2025-05-10,1,P005,Tata Salt 1kg,Staples,South,222,32,42,33,22,0,Rainy,0,20.81,Low
2025-05-10,1,P006,Coca-Cola 600ml,Beverages,South,167,36,39,39,40,20,Sunny,0,40.93,Low
2025-05-10,1,P007,Parle-G 800g,Snacks,South,274,78,93,79,65,15,Rainy,0,68.78,Low
2025-05-10,1,P008,Surf Excel 1kg,Cleaning,South,278,67,81,62,220,0,Rainy,0,231.98,Low
2025-05-10,1,P009,Amul Butter 500g,Dairy,South,262,92,99,91,275,10,Cloudy,1,272.63,Low
2025-05-10,1,P010,Red Label Tea 500g,Beverages,South,292,51,63,50,255,0,Rainy,0,272.11,Low
2025-05-11,1,P001,Amul Taaza Toned Milk 1L,Dairy,South,124,27,34,27,58,0,Stormy,0,53.56,Low
2025-05-11,1,P002,Britannia Good Day 600g,Snacks,South,283,43,47,40,120,20,Sunny,1,109.54,Low
2025-05-11,1,P003,Aashirvaad Atta 5kg,Staples,South,116,49,59,49,248,15,Rainy,0,224.28,Low
2025-05-11,1,P004,Maggi 2-Minute Noodles,Snacks,South,140,36,43,37,48,10,Stormy,0,48.63,Low
2025-05-11,1,P005,Tata Salt 1kg,Staples,South,283,73,77,72,22,0,Cloudy,0,23.42,Low
2025-05-11,1,P006,Coca-Cola 600ml,Beverages,South,197,43,43,42,40,0,Rainy,0,39.09,Low
2025-05-11,1,P007,Parle-G 800g,Snacks,South,58,102,116,105,65,0,Rainy,0,64.5,Low
2025-05-11,1,P008,Surf Excel 1kg,Cleaning,South,159,96,110,95,220,0,Stormy,0,225.04,Low
2025-05-11,1,P009,Amul Butter 500g,Dairy,South,166,55,59,52,275,10,Cloudy,0,265.48,Low
2025-05-11,1,P010,Red Label Tea 500g,Beverages,South,248,103,117,100,255,20,Sunny,0,274.13,Low
2025-05-12,1,P001,Amul Taaza Toned Milk 1L,Dairy,South,140,40,45,35,58,15,Sunny,0,54.2,Low
2025-05-12,1,P002,Britannia Good Day 600g,Snacks,South,94,49,57,44,120,0,Rainy,0,126.22,Low
2025-05-12,1,P003,Aashirvaad Atta 5kg,Staples,South,264,48,48,51,248,15,Stormy,0,241.77,Low
2025-05-12,1,P004,Maggi 2-Minute Noodles,Snacks,South,208,57,62,58,48,15,Stormy,0,46.0,Low
2025-05-12,1,P005,Tata Salt 1kg,Staples,South,56,44,52,39,22,0,Stormy,1,22.07,Low
2025-05-12,1,P006,Coca-Cola 600ml,Beverages,South,224,55,55,54,40,0,Rainy,0,40.82,Low
2025-05-12,1,P007,Parle-G 800g,Snacks,South,184,79,89,75,65,0,Cloudy,1,60.54,Low
2025-05-12,1,P008,Surf Excel 1kg,Cleaning,South,156,74,83,72,220,0,Cloudy,0,220.54,Low
2025-05-12,1,P009,Amul Butter 500g,Dairy,South,73,61,65,58,275,5,Rainy,0,289.66,Low
2025-05-12,1,P010,Red Label Tea 500g,Beverages,South,236,58,58,61,255,0,Cloudy,0,280.0,Low
2025-05-13,1,P001,Amul Taaza Toned Milk 1L,Dairy,South,227,37,56,38,58,0,Cloudy,0,58.71,Low
2025-05-13,1,P002,Britannia Good Day 600g,Snacks,South,97,60,65,57,120,5,Stormy,1,115.5,Low
2025-05-13,1,P003,Aashirvaad Atta 5kg,Staples,South,193,59,77,62,248,5,Cloudy,0,264.68,Low
2025-05-13,1,P004,Maggi 2-Minute Noodles,Snacks,South,203,47,64,45,48,10,Sunny,0,46.23,Low
2025-05-13,1,P005,Tata Salt 1kg,Staples,South,229,48,49,47,22,15,Rainy,0,20.35,Low
2025-05-13,1,P006,Coca-Cola 600ml,Beverages,South,121,37,46,33,40,0,Stormy,0,41.48,Low
2025-05-13,1,P007,Parle-G 800g,Snacks,South,266,86,94,88,65,0,Rainy,0,59.12,Low
2025-05-13,1,P008,Surf Excel 1kg,Cleaning,South,245,71,89,73,220,10,Cloudy,0,218.96,Low
2025-05-13,1,P009,Amul Butter 500g,Dairy,South,243,68,77,68,275,5,Rainy,0,256.81,Low
2025-05-13,1,P010,Red Label Tea 500g,Beverages,South,62,53,57,53,255,0,Sunny,0,257.81,Low
2025-05-14,1,P001,Amul Taaza Toned Milk 1L,Dairy,South,188,43,57,45,58,5,Sunny,0,59.45,Low
2025-05-14,1,P002,Britannia Good Day 600g,Snacks,South,238,69,72,71,120,20,Stormy,0,127.13,Low
2025-05-14,1,P003,Aashirvaad Atta 5kg,Staples,South,212,72,83,74,248,10,Sunny,0,267.35,Low
2025-05-14,1,P004,Maggi 2-Minute Noodles,Snacks,South,241,51,55,50,48,0,Cloudy,0,43.68,Low
2025-05-14,1,P005,Tata Salt 1kg,Staples,South,289,28,42,30,22,10,Rainy,0,23.61,Low
2025-05-14,1,P006,Coca-Cola 600ml,Beverages,South,246,22,30,25,40,0,Rainy,0,42.03,Low
2025-05-14,1,P007,Parle-G 800g,Snacks,South,119,54,73,51,65,5,Stormy,0,63.04,Low
2025-05-14,1,P008,Surf Excel 1kg,Cleaning,South,247,80,93,78,220,0,Cloudy,1,234.39,Low
2025-05-14,1,P009,Amul Butter 500g,Dairy,South,298,50,67,48,275,5,Stormy,0,300.4,Low
2025-05-14,1,P010,Red Label Tea 500g,Beverages,South,282,17,27,16,255,20,Cloudy,0,274.92,Low
2025-05-15,1,P001,Amul Taaza Toned Milk 1L,Dairy,South,228,61,65,59,58,5,Cloudy,1,54.66,Low
2025-05-15,1,P002,Britannia Good Day 600g,Snacks,South,288,39,50,37,120,0,Sunny,0,112.2,Low
2025-05-15,1,P003,Aashirvaad Atta 5kg,Staples,South,166,71,77,72,248,20,Sunny,0,240.84,Low
2025-05-15,1,P004,Maggi 2-Minute Noodles,Snacks,South,245,75,76,75,48,10,Stormy,0,49.27,Low
2025-05-15,1,P005,Tata Salt 1kg,Staples,South,204,63,67,62,22,5,Cloudy,0,22.95,Low
2025-05-15,1,P006,Coca-Cola 600ml,Beverages,South,271,68,82,72,40,0,Stormy,0,41.06,Low
2025-05-15,1,P007,Parle-G 800g,Snacks,South,143,56,59,57,65,0,Stormy,1,62.24,Low
2025-05-15,1,P008,Surf Excel 1kg,Cleaning,South,279,59,67,62,220,0,Stormy,1,209.54,Low
2025-05-15,1,P009,Amul Butter 500g,Dairy,South,136,22,22,25,275,0,Rainy,1,277.57,Low
2025-05-15,1,P010,Red Label Tea 500g,Beverages,South,291,78,82,74,255,0,Cloudy,0,274.73,Low
2025-05-16,1,P001,Amul Taaza Toned Milk 1L,Dairy,South,233,74,81,75,58,20,Cloudy,0,53.14,Low
2025-05-16,1,P002,Britannia Good Day 600g,Snacks,South,197,66,83,67,120,5,Cloudy,0,116.31,Low
2025-05-16,1,P003,Aashirvaad Atta 5kg,Staples,South,206,16,25,20,248,5,Rainy,0,265.12,Low
2025-05-16,1,P004,Maggi 2-Minute Noodles,Snacks,South,76,45,47,48,48,10,Cloudy,0,48.6,Low
2025-05-16,1,P005,Tata Salt 1kg,Staples,South,65,70,78,71,22,0,Stormy,0,21.84,Low
2025-05-16,1,P006,Coca-Cola 600ml,Beverages,South,197,73,90,68,40,0,Stormy,0,38.27,Low
2025-05-16,1,P007,Parle-G 800g,Snacks,South,297,51,54,55,65,15,Rainy,0,62.06,Low
2025-05-16,1,P008,Surf Excel 1kg,Cleaning,South,209,78,90,81,220,15,Rainy,1,218.15,Low
2025-05-16,1,P009,Amul Butter 500g,Dairy,South,136,68,83,64,275,15,Sunny,0,284.92,Low
2025-05-16,1,P010,Red Label Tea 500g,Beverages,South,93,18,24,17,255,0,Stormy,1,268.89,Low
2025-05-17,1,P001,Amul Taaza Toned Milk 1L,Dairy,South,95,83,91,81,58,0,Rainy,1,62.6,Low
2025-05-17,1,P002,Britannia Good Day 600g,Snacks,South,289,92,97,89,120,0,Sunny,0,127.92,Low
2025-05-17,1,P003,Aashirvaad Atta 5kg,Staples,South,106,91,108,90,248,5,Rainy,0,240.97,Low
2025-05-17,1,P004,Maggi 2-Minute Noodles,Snacks,South,281,64,72,68,48,5,Cloudy,0,46.02,Low
2025-05-17,1,P005,Tata Salt 1kg,Staples,South,278,36,49,36,22,0,Cloudy,0,24.17,Low
2025-05-17,1,P006,Coca-Cola 600ml,Beverages,South,102,70,75,74,40,0,Stormy,1,39.73,Low
2025-05-17,1,P007,Parle-G 800g,Snacks,South,201,59,60,61,65,10,Sunny,0,70.99,Low
2025-05-17,1,P008,Surf Excel 1kg,Cleaning,South,225,93,101,89,220,0,Cloudy,0,208.18,Low
2025-05-17,1,P009,Amul Butter 500g,Dairy,South,101,107,118,105,275,15,Rainy,0,263.59,Low
2025-05-17,1,P010,Red Label Tea 500g,Beverages,South,288,32,37,34,255,0,Cloudy,0,264.82,Low
2025-05-18,1,P001,Amul Taaza Toned Milk 1L,Dairy,South,176,29,41,30,58,15,Cloudy,1,62.58,Low
2025-05-18,1,P002,Britannia Good Day 600g,Snacks,South,189,32,37,31,120,0,Stormy,0,109.33,Low
2025-05-18,1,P003,Aashirvaad Atta 5kg,Staples,South,135,98,101,96,248,10,Sunny,0,261.39,Low
2025-05-18,1,P004,Maggi 2-Minute Noodles,Snacks,South,72,52,53,51,48,0,Sunny,0,47.72,Low
2025-05-18,1,P005,Tata Salt 1kg,Staples,South,229,94,94,90,22,0,Stormy,0,24.0,Low
2025-05-18,1,P006,Coca-Cola 600ml,Beverages,South,292,89,102,87,40,0,Cloudy,0,43.15,Low
2025-05-18,1,P007,Parle-G 800g,Snacks,South,84,60,75,64,65,0,Cloudy,1,70.51,Low
2025-05-18,1,P008,Surf Excel 1kg,Cleaning,South,55,69,83,72,220,0,Cloudy,0,198.07,Low
2025-05-18,1,P009,Amul Butter 500g,Dairy,South,201,48,61,49,275,0,Cloudy,0,280.43,Low
2025-05-18,1,P010,Red Label Tea 500g,Beverages,South,152,101,119,100,255,10,Cloudy,0,260.98,Low
2025-05-19,1,P001,Amul Taaza Toned Milk 1L,Dairy,South,226,59,67,63,58,10,Sunny,1,52.56,Low
2025-05-19,1,P002,Britannia Good Day 600g,Snacks,South,184,13,32,12,120,20,Stormy,0,126.99,Low
2025-05-19,1,P003,Aashirvaad Atta 5kg,Staples,South,128,69,71,64,248,15,Rainy,0,259.95,Low
2025-05-19,1,P004,Maggi 2-Minute Noodles,Snacks,South,262,69,78,68,48,0,Sunny,1,46.26,Low
2025-05-19,1,P005,Tata Salt 1kg,Staples,South,129,40,42,39,22,0,Rainy,0,23.41,Low
2025-05-19,1,P006,Coca-Cola 600ml,Beverages,South,273,18,20,22,40,10,Sunny,0,40.99,Low
2025-05-19,1,P007,Parle-G 800g,Snacks,South,100,34,42,35,65,5,Stormy,0,68.37,Low
2025-05-19,1,P008,Surf Excel 1kg,Cleaning,South,236,34,36,30,220,0,Cloudy,0,217.34,Low
2025-05-19,1,P009,Amul Butter 500g,Dairy,South,179,39,53,41,275,0,Rainy,1,279.18,Low
2025-05-19,1,P010,Red Label Tea 500g,Beverages,South,244,64,77,63,255,15,Rainy,1,256.4,Low
2025-05-20,1,P001,Amul Taaza Toned Milk 1L,Dairy,South,69,64,64,67,58,0,Rainy,0,58.92,Low
2025-05-20,1,P002,Britannia Good Day 600g,Snacks,South,133,52,57,55,120,15,Rainy,0,125.62,Low
2025-05-20,1,P003,Aashirvaad Atta 5kg,Staples,South,66,21,26,24,248,0,Rainy,0,246.3,Low
2025-05-20,1,P004,Maggi 2-Minute Noodles,Snacks,South,136,40,48,38,48,15,Stormy,1,50.63,Low
2025-05-20,1,P005,Tata Salt 1kg,Staples,South,89,38,43,42,22,15,Cloudy,0,23.94,Low
2025-05-20,1,P006,Coca-Cola 600ml,Beverages,South,72,49,68,44,40,5,Stormy,0,39.02,Low
2025-05-20,1,P007,Parle-G 800g,Snacks,South,206,49,61,47,65,0,Sunny,0,63.08,Low
2025-05-20,1,P008,Surf Excel 1kg,Cleaning,South,280,56,75,55,220,0,Rainy,0,225.13,Low
2025-05-20,1,P009,Amul Butter 500g,Dairy,South,277,69,78,64,275,0,Sunny,0,266.58,Low
2025-05-20,1,P010,Red Label Tea 500g,Beverages,South,270,14,22,13,255,5,Stormy,0,233.42,Low
2025-05-21,1,P001,Amul Taaza Toned Milk 1L,Dairy,South,120,26,32,27,58,5,Sunny,0,56.31,Low
2025-05-21,1,P002,Britannia Good Day 600g,Snacks,South,152,76,85,77,120,0,Rainy,0,114.07,Low
2025-05-21,1,P003,Aashirvaad Atta 5kg,Staples,South,102,48,53,50,248,0,Rainy,1,250.3,Low
2025-05-21,1,P004,Maggi 2-Minute Noodles,Snacks,South,235,18,37,17,48,0,Rainy,1,49.57,Low
2025-05-21,1,P005,Tata Salt 1kg,Staples,South,81,19,38,18,22,0,Cloudy,0,23.95,Low
2025-05-21,1,P006,Coca-Cola 600ml,Beverages,South,226,72,87,72,40,15,Cloudy,0,39.97,Low
2025-05-21,1,P007,Parle-G 800g,Snacks,South,51,77,93,79,65,20,Stormy,0,69.48,Low
2025-05-21,1,P008,Surf Excel 1kg,Cleaning,South,203,35,51,31,220,15,Cloudy,0,216.08,Low
2025-05-21,1,P009,Amul Butter 500g,Dairy,South,117,67,85,67,275,0,Stormy,0,250.75,Low
2025-05-21,1,P010,Red Label Tea 500g,Beverages,South,234,63,79,60,255,15,Rainy,0,248.18,Low
2025-05-22,1,P001,Amul Taaza Toned Milk 1L,Dairy,South,171,70,86,73,58,20,Cloudy,0,60.69,Low
2025-05-22,1,P002,Britannia Good Day 600g,Snacks,South,250,37,48,39,120,0,Stormy,0,111.68,Low
2025-05-22,1,P003,Aashirvaad Atta 5kg,Staples,South,58,29,43,31,248,10,Cloudy,1,247.77,Low
2025-05-22,1,P004,Maggi 2-Minute Noodles,Snacks,South,193,34,41,35,48,0,Stormy,1,47.87,Low
2025-05-22,1,P005,Tata Salt 1kg,Staples,South,116,39,45,39,22,10,Cloudy,0,23.47,Low
2025-05-22,1,P006,Coca-Cola 600ml,Beverages,South,173,59,60,59,40,20,Rainy,1,37.79,Low
2025-05-22,1,P007,Parle-G 800g,Snacks,South,252,29,39,26,65,5,Rainy,0,62.65,Low
2025-05-22,1,P008,Surf Excel 1kg,Cleaning,South,271,40,41,44,220,0,Sunny,0,206.28,Low
2025-05-22,1,P009,Amul Butter 500g,Dairy,South,194,76,89,72,275,0,Stormy,0,291.35,Low
2025-05-22,1,P010,Red Label Tea 500g,Beverages,South,75,45,52,43,255,20,Stormy,0,241.85,Low
2025-05-23,1,P001,Amul Taaza Toned Milk 1L,Dairy,South,164,65,70,60,58,5,Sunny,0,63.64,Low
2025-05-23,1,P002,Britannia Good Day 600g,Snacks,South,177,86,91,90,120,0,Stormy,0,128.41,Low
2025-05-23,1,P003,Aashirvaad Atta 5kg,Staples,South,71,64,72,68,248,0,Cloudy,0,237.76,Low
2025-05-23,1,P004,Maggi 2-Minute Noodles,Snacks,South,251,74,85,77,48,5,Sunny,0,45.83,Low
2025-05-23,1,P005,Tata Salt 1kg,Staples,South,88,24,34,19,22,10,Sunny,0,23.81,Low
2025-05-23,1,P006,Coca-Cola 600ml,Beverages,South,183,51,65,48,40,20,Stormy,0,40.61,Low
2025-05-23,1,P007,Parle-G 800g,Snacks,South,289,77,84,74,65,20,Sunny,1,62.52,Low
2025-05-23,1,P008,Surf Excel 1kg,Cleaning,South,175,35,44,30,220,20,Rainy,0,240.23,Low
2025-05-23,1,P009,Amul Butter 500g,Dairy,South,211,76,77,72,275,5,Rainy,0,288.67,Low
2025-05-23,1,P010,Red Label Tea 500g,Beverages,South,124,70,77,68,255,0,Stormy,0,235.44,Low
2025-05-24,1,P001,Amul Taaza Toned Milk 1L,Dairy,South,189,90,90,86,58,0,Rainy,1,62.16,Low
2025-05-24,1,P002,Britannia Good Day 600g,Snacks,South,259,35,43,35,120,0,Stormy,0,111.05,Low
2025-05-24,1,P003,Aashirvaad Atta 5kg,Staples,South,97,57,69,60,248,5,Rainy,0,256.56,Low
2025-05-24,1,P004,Maggi 2-Minute Noodles,Snacks,South,169,71,78,67,48,0,Rainy,1,49.11,Low
2025-05-24,1,P005,Tata Salt 1kg,Staples,South,133,76,95,74,22,0,Rainy,0,22.33,Low
2025-05-24,1,P006,Coca-Cola 600ml,Beverages,South,90,22,23,22,40,5,Cloudy,0,40.39,Low
2025-05-24,1,P007,Parle-G 800g,Snacks,South,93,68,74,65,65,0,Rainy,0,62.0,Low
2025-05-24,1,P008,Surf Excel 1kg,Cleaning,South,68,67,85,63,220,15,Rainy,0,211.09,Low
2025-05-24,1,P009,Amul Butter 500g,Dairy,South,265,32,49,30,275,5,Stormy,0,260.8,Low
2025-05-24,1,P010,Red Label Tea 500g,Beverages,South,277,73,78,73,255,10,Cloudy,0,234.08,Low
2025-05-25,1,P001,Amul Taaza Toned Milk 1L,Dairy,South,153,74,90,74,58,10,Stormy,0,52.44,Low
2025-05-25,1,P002,Britannia Good Day 600g,Snacks,South,268,45,46,47,120,20,Sunny,0,110.34,Low
2025-05-25,1,P003,Aashirvaad Atta 5kg,Staples,South,220,61,63,57,248,0,Stormy,0,247.59,Low
2025-05-25,1,P004,Maggi 2-Minute Noodles,Snacks,South,223,82,92,82,48,20,Sunny,0,46.41,Low
2025-05-25,1,P005,Tata Salt 1kg,Staples,South,198,88,100,86,22,0,Rainy,0,20.61,Low
2025-05-25,1,P006,Coca-Cola 600ml,Beverages,South,114,92,94,90,40,0,Sunny,0,42.33,Low
2025-05-25,1,P007,Parle-G 800g,Snacks,South,270,82,91,80,65,5,Cloudy,0,60.63,Low
2025-05-25,1,P008,Surf Excel 1kg,Cleaning,South,100,86,94,85,220,0,Sunny,0,199.17,Low
2025-05-25,1,P009,Amul Butter 500g,Dairy,South,251,96,100,91,275,0,Cloudy,0,248.16,Low
2025-05-25,1,P010,Red Label Tea 500g,Beverages,South,205,85,97,84,255,10,Sunny,0,236.97,Low
2025-05-26,1,P001,Amul Taaza Toned Milk 1L,Dairy,South,53,85,91,86,58,0,Rainy,0,60.61,Low
2025-05-26,1,P002,Britannia Good Day 600g,Snacks,South,233,43,52,46,120,0,Cloudy,0,131.74,Low
2025-05-26,1,P003,Aashirvaad Atta 5kg,Staples,South,278,56,71,60,248,20,Stormy,0,271.65,Low
2025-05-26,1,P004,Maggi 2-Minute Noodles,Snacks,South,253,64,79,62,48,0,Rainy,0,45.0,Low
2025-05-26,1,P005,Tata Salt 1kg,Staples,South,88,29,30,24,22,0,Stormy,1,23.12,Low
2025-05-26,1,P006,Coca-Cola 600ml,Beverages,South,135,68,78,69,40,0,Rainy,1,43.44,Low
2025-05-26,1,P007,Parle-G 800g,Snacks,South,73,79,97,81,65,0,Cloudy,1,65.02,Low
2025-05-26,1,P008,Surf Excel 1kg,Cleaning,South,117,60,67,61,220,0,Rainy,1,221.64,Low
2025-05-26,1,P009,Amul Butter 500g,Dairy,South,84,66,74,67,275,5,Sunny,1,284.88,Low
2025-05-26,1,P010,Red Label Tea 500g,Beverages,South,115,15,21,17,255,20,Sunny,0,240.62,Low
2025-05-27,1,P001,Amul Taaza Toned Milk 1L,Dairy,South,117,49,61,44,58,20,Rainy,1,59.1,Low
2025-05-27,1,P002,Britannia Good Day 600g,Snacks,South,228,70,73,70,120,0,Rainy,1,125.76,Low
2025-05-27,1,P003,Aashirvaad Atta 5kg,Staples,South,298,18,31,21,248,20,Cloudy,0,240.55,Low
2025-05-27,1,P004,Maggi 2-Minute Noodles,Snacks,South,214,26,38,30,48,0,Rainy,0,50.08,Low
2025-05-27,1,P005,Tata Salt 1kg,Staples,South,299,61,69,63,22,5,Rainy,1,20.94,Low
2025-05-27,1,P006,Coca-Cola 600ml,Beverages,South,275,17,36,15,40,0,Sunny,0,43.15,Low
2025-05-27,1,P007,Parle-G 800g,Snacks,South,183,82,85,85,65,0,Cloudy,0,60.87,Low
2025-05-27,1,P008,Surf Excel 1kg,Cleaning,South,258,15,20,11,220,5,Sunny,0,206.75,Low
2025-05-27,1,P009,Amul Butter 500g,Dairy,South,151,87,103,90,275,20,Stormy,0,302.38,Low
2025-05-27,1,P010,Red Label Tea 500g,Beverages,South,131,52,60,51,255,15,Rainy,0,246.6,Low
2025-05-28,1,P001,Amul Taaza Toned Milk 1L,Dairy,South,183,67,71,68,58,10,Rainy,1,52.9,Low
2025-05-28,1,P002,Britannia Good Day 600g,Snacks,South,241,68,78,68,120,0,Cloudy,0,117.25,Low
2025-05-28,1,P003,Aashirvaad Atta 5kg,Staples,South,107,44,45,45,248,0,Stormy,1,272.3,Low
2025-05-28,1,P004,Maggi 2-Minute Noodles,Snacks,South,213,84,88,85,48,15,Sunny,0,49.43,Low
2025-05-28,1,P005,Tata Salt 1kg,Staples,South,102,20,34,22,22,0,Sunny,0,20.05,Low
2025-05-28,1,P006,Coca-Cola 600ml,Beverages,South,72,17,20,17,40,0,Stormy,0,37.16,Low
2025-05-28,1,P007,Parle-G 800g,Snacks,South,165,54,57,58,65,0,Rainy,0,59.63,Low
2025-05-28,1,P008,Surf Excel 1kg,Cleaning,South,53,39,55,36,220,0,Cloudy,0,208.22,Low
2025-05-28,1,P009,Amul Butter 500g,Dairy,South,94,67,74,70,275,0,Sunny,0,284.52,Low
2025-05-28,1,P010,Red Label Tea 500g,Beverages,South,238,58,65,58,255,15,Rainy,0,267.92,Low
2025-05-29,1,P001,Amul Taaza Toned Milk 1L,Dairy,South,272,42,57,42,58,0,Cloudy,1,52.69,Low
2025-05-29,1,P002,Britannia Good Day 600g,Snacks,South,159,33,43,32,120,0,Stormy,0,113.94,Low
2025-05-29,1,P003,Aashirvaad Atta 5kg,Staples,South,266,54,66,56,248,20,Stormy,0,234.86,Low
2025-05-29,1,P004,Maggi 2-Minute Noodles,Snacks,South,283,84,100,83,48,10,Stormy,1,51.41,Low
2025-05-29,1,P005,Tata Salt 1kg,Staples,South,207,35,45,32,22,15,Stormy,0,22.33,Low
2025-05-29,1,P006,Coca-Cola 600ml,Beverages,South,194,64,81,66,40,5,Rainy,0,36.93,Low
2025-05-29,1,P007,Parle-G 800g,Snacks,South,62,80,95,83,65,20,Rainy,0,61.5,Low
2025-05-29,1,P008,Surf Excel 1kg,Cleaning,South,298,43,49,40,220,20,Stormy,0,200.79,Low
2025-05-29,1,P009,Amul Butter 500g,Dairy,South,133,37,56,38,275,10,Sunny,0,251.8,Low
2025-05-29,1,P010,Red Label Tea 500g,Beverages,South,225,30,37,26,255,20,Sunny,0,241.31,Low
2025-05-30,1,P001,Amul Taaza Toned Milk 1L,Dairy,South,134,71,75,72,58,0,Stormy,1,60.98,Low
2025-05-30,1,P002,Britannia Good Day 600g,Snacks,South,101,68,87,70,120,0,Sunny,0,122.28,Low
2025-05-30,1,P003,Aashirvaad Atta 5kg,Staples,South,93,59,65,54,248,20,Rainy,1,229.45,Low
2025-05-30,1,P004,Maggi 2-Minute Noodles,Snacks,South,271,21,23,16,48,15,Stormy,0,51.03,Low
2025-05-30,1,P005,Tata Salt 1kg,Staples,South,75,29,40,31,22,0,Sunny,0,22.61,Low
2025-05-30,1,P006,Coca-Cola 600ml,Beverages,South,220,48,60,43,40,20,Rainy,0,38.74,Low
2025-05-30,1,P007,Parle-G 800g,Snacks,South,143,81,90,85,65,0,Sunny,1,66.51,Low
2025-05-30,1,P008,Surf Excel 1kg,Cleaning,South,92,51,64,52,220,0,Cloudy,0,237.8,Low
2025-05-30,1,P009,Amul Butter 500g,Dairy,South,194,37,38,37,275,15,Cloudy,0,254.96,Low
2025-05-30,1,P010,Red Label Tea 500g,Beverages,South,119,35,54,36,255,0,Sunny,0,254.67,Low
2025-05-31,1,P001,Amul Taaza Toned Milk 1L,Dairy,South,65,62,69,63,58,0,Cloudy,0,63.25,Low
2025-05-31,1,P002,Britannia Good Day 600g,Snacks,South,102,38,51,34,120,20,Stormy,0,123.78,Low
2025-05-31,1,P003,Aashirvaad Atta 5kg,Staples,South,236,45,47,43,248,10,Stormy,0,260.56,Low
2025-05-31,1,P004,Maggi 2-Minute Noodles,Snacks,South,253,92,103,94,48,20,Rainy,0,48.44,Low
2025-05-31,1,P005,Tata Salt 1kg,Staples,South,156,39,40,34,22,15,Sunny,0,20.51,Low
2025-05-31,1,P006,Coca-Cola 600ml,Beverages,South,236,69,88,65,40,5,Rainy,0,39.86,Low
2025-05-31,1,P007,Parle-G 800g,Snacks,South,179,101,112,97,65,0,Sunny,0,64.35,Low
2025-05-31,1,P008,Surf Excel 1kg,Cleaning,South,216,56,74,54,220,0,Sunny,0,212.25,Low
2025-05-31,1,P009,Amul Butter 500g,Dairy,South,54,69,73,73,275,5,Stormy,0,256.75,Low
2025-05-31,1,P010,Red Label Tea 500g,Beverages,South,201,70,74,68,255,0,Cloudy,0,265.7,Low
2025-06-01,1,P001,Amul Taaza Toned Milk 1L,Dairy,South,218,85,96,89,58,0,Cloudy,0,55.02,Medium
2025-06-01,1,P002,Britannia Good Day 600g,Snacks,South,299,34,47,34,120,15,Stormy,0,111.48,Medium
2025-06-01,1,P003,Aashirvaad Atta 5kg,Staples,South,242,64,75,65,248,5,Sunny,0,236.43,Medium
2025-06-01,1,P004,Maggi 2-Minute Noodles,Snacks,South,87,97,100,96,48,0,Sunny,0,49.31,Medium
2025-06-01,1,P005,Tata Salt 1kg,Staples,South,171,84,85,83,22,0,Sunny,0,22.78,Medium
2025-06-01,1,P006,Coca-Cola 600ml,Beverages,South,248,107,109,111,40,5,Sunny,0,41.13,Medium
2025-06-01,1,P007,Parle-G 800g,Snacks,South,194,71,82,69,65,0,Sunny,0,60.49,Medium
2025-06-01,1,P008,Surf Excel 1kg,Cleaning,South,292,52,69,50,220,0,Sunny,1,208.37,Medium
2025-06-01,1,P009,Amul Butter 500g,Dairy,South,65,76,88,77,275,15,Rainy,0,265.96,Medium
2025-06-01,1,P010,Red Label Tea 500g,Beverages,South,73,76,80,74,255,0,Cloudy,0,238.2,Medium
2025-06-02,1,P001,Amul Taaza Toned Milk 1L,Dairy,South,108,61,76,59,58,0,Sunny,0,55.06,Medium
2025-06-02,1,P002,Britannia Good Day 600g,Snacks,South,295,22,41,20,120,20,Sunny,1,109.67,Medium
2025-06-02,1,P003,Aashirvaad Atta 5kg,Staples,South,115,82,95,86,248,10,Stormy,0,267.1,Medium
2025-06-02,1,P004,Maggi 2-Minute Noodles,Snacks,South,269,74,85,76,48,20,Stormy,0,48.46,Medium
2025-06-02,1,P005,Tata Salt 1kg,Staples,South,293,64,78,65,22,5,Sunny,0,20.54,Medium
2025-06-02,1,P006,Coca-Cola 600ml,Beverages,South,297,46,50,44,40,0,Rainy,0,37.11,Medium
2025-06-02,1,P007,Parle-G 800g,Snacks,South,78,44,46,47,65,15,Rainy,1,68.48,Medium
2025-06-02,1,P008,Surf Excel 1kg,Cleaning,South,82,65,71,61,220,0,Stormy,0,199.17,Medium
2025-06-02,1,P009,Amul Butter 500g,Dairy,South,247,59,75,61,275,10,Sunny,0,266.12,Medium
2025-06-02,1,P010,Red Label Tea 500g,Beverages,South,155,73,87,72,255,20,Stormy,0,270.91,Medium
2025-06-03,1,P001,Amul Taaza Toned Milk 1L,Dairy,South,69,30,38,34,58,15,Sunny,0,57.68,Medium
2025-06-03,1,P002,Britannia Good Day 600g,Snacks,South,157,57,65,60,120,0,Cloudy,0,125.64,Medium
2025-06-03,1,P003,Aashirvaad Atta 5kg,Staples,South,99,77,88,76,248,0,Cloudy,0,264.93,Medium
2025-06-03,1,P004,Maggi 2-Minute Noodles,Snacks,South,219,65,66,69,48,10,Stormy,0,47.21,Medium
2025-06-03,1,P005,Tata Salt 1kg,Staples,South,197,50,64,50,22,0,Cloudy,1,21.95,Medium
2025-06-03,1,P006,Coca-Cola 600ml,Beverages,South,136,40,50,41,40,0,Sunny,0,41.59,Medium
2025-06-03,1,P007,Parle-G 800g,Snacks,South,95,75,80,77,65,5,Sunny,0,67.63,Medium
2025-06-03,1,P008,Surf Excel 1kg,Cleaning,South,193,56,56,60,220,0,Rainy,0,230.61,Medium
2025-06-03,1,P009,Amul Butter 500g,Dairy,South,259,68,81,69,275,15,Rainy,0,266.72,Medium
2025-06-03,1,P010,Red Label Tea 500g,Beverages,South,183,63,68,64,255,0,Cloudy,1,272.92,Medium
2025-06-04,1,P001,Amul Taaza Toned Milk 1L,Dairy,South,164,58,64,56,58,0,Sunny,1,54.66,Medium
2025-06-04,1,P002,Britannia Good Day 600g,Snacks,South,111,72,90,69,120,10,Cloudy,0,111.12,Medium
2025-06-04,1,P003,Aashirvaad Atta 5kg,Staples,South,295,54,69,50,248,15,Stormy,0,261.02,Medium
2025-06-04,1,P004,Maggi 2-Minute Noodles,Snacks,South,292,51,65,47,48,15,Sunny,1,49.89,Medium
2025-06-04,1,P005,Tata Salt 1kg,Staples,South,191,40,50,42,22,0,Cloudy,1,21.13,Medium
2025-06-04,1,P006,Coca-Cola 600ml,Beverages,South,149,71,82,67,40,15,Rainy,1,41.92,Medium
2025-06-04,1,P007,Parle-G 800g,Snacks,South,137,52,54,47,65,10,Stormy,1,65.63,Medium
2025-06-04,1,P008,Surf Excel 1kg,Cleaning,South,258,73,81,72,220,10,Rainy,1,200.15,Medium
2025-06-04,1,P009,Amul Butter 500g,Dairy,South,239,24,39,19,275,0,Rainy,1,274.92,Medium
2025-06-04,1,P010,Red Label Tea 500g,Beverages,South,131,78,91,78,255,0,Stormy,0,278.81,Medium
2025-06-05,1,P001,Amul Taaza Toned Milk 1L,Dairy,South,147,48,48,51,58,10,Cloudy,0,62.36,Medium
2025-06-05,1,P002,Britannia Good Day 600g,Snacks,South,203,79,83,76,120,0,Sunny,0,117.45,Medium
2025-06-05,1,P003,Aashirvaad Atta 5kg,Staples,South,175,28,45,23,248,0,Stormy,0,269.04,Medium
2025-06-05,1,P004,Maggi 2-Minute Noodles,Snacks,South,173,35,35,32,48,15,Sunny,1,46.57,Medium
2025-06-05,1,P005,Tata Salt 1kg,Staples,South,50,76,95,78,22,10,Stormy,1,23.14,Medium
2025-06-05,1,P006,Coca-Cola 600ml,Beverages,South,293,71,78,67,40,20,Rainy,0,43.02,Medium
2025-06-05,1,P007,Parle-G 800g,Snacks,South,143,40,53,42,65,10,Cloudy,0,67.7,Medium
2025-06-05,1,P008,Surf Excel 1kg,Cleaning,South,75,53,60,54,220,0,Sunny,1,199.14,Medium
2025-06-05,1,P009,Amul Butter 500g,Dairy,South,299,80,86,84,275,10,Stormy,0,276.08,Medium
2025-06-05,1,P010,Red Label Tea 500g,Beverages,South,234,66,80,64,255,15,Rainy,0,279.73,Medium
2025-06-06,1,P001,Amul Taaza Toned Milk 1L,Dairy,South,132,34,53,37,58,0,Cloudy,1,63.31,Medium
2025-06-06,1,P002,Britannia Good Day 600g,Snacks,South,202,95,111,96,120,0,Rainy,0,117.81,Medium
2025-06-06,1,P003,Aashirvaad Atta 5kg,Staples,South,110,75,86,70,248,0,Stormy,0,238.73,Medium
2025-06-06,1,P004,Maggi 2-Minute Noodles,Snacks,South,134,45,50,42,48,10,Cloudy,1,49.97,Medium
2025-06-06,1,P005,Tata Salt 1kg,Staples,South,260,53,63,57,22,20,Cloudy,1,21.64,Medium
2025-06-06,1,P006,Coca-Cola 600ml,Beverages,South,284,45,62,43,40,0,Stormy,0,40.23,Medium
2025-06-06,1,P007,Parle-G 800g,Snacks,South,174,82,99,77,65,5,Rainy,0,63.78,Medium
2025-06-06,1,P008,Surf Excel 1kg,Cleaning,South,167,96,110,97,220,0,Stormy,1,212.43,Medium
2025-06-06,1,P009,Amul Butter 500g,Dairy,South,137,48,52,52,275,20,Stormy,0,255.83,Medium
2025-06-06,1,P010,Red Label Tea 500g,Beverages,South,68,61,75,64,255,20,Rainy,1,232.19,Medium
2025-06-07,1,P001,Amul Taaza Toned Milk 1L,Dairy,South,221,89,94,87,58,10,Rainy,0,60.67,Medium
2025-06-07,1,P002,Britannia Good Day 600g,Snacks,South,287,48,51,50,120,5,Stormy,1,124.36,Medium
2025-06-07,1,P003,Aashirvaad Atta 5kg,Staples,South,292,109,123,105,248,0,Rainy,0,245.07,Medium
2025-06-07,1,P004,Maggi 2-Minute Noodles,Snacks,South,174,76,80,77,48,15,Stormy,0,52.11,Medium
2025-06-07,1,P005,Tata Salt 1kg,Staples,South,81,35,40,31,22,20,Sunny,0,23.23,Medium
2025-06-07,1,P006,Coca-Cola 600ml,Beverages,South,167,58,66,55,40,15,Sunny,0,41.09,Medium
2025-06-07,1,P007,Parle-G 800g,Snacks,South,86,73,76,76,65,5,Rainy,0,62.44,Medium
2025-06-07,1,P008,Surf Excel 1kg,Cleaning,South,76,103,112,104,220,10,Cloudy,0,222.8,Medium
2025-06-07,1,P009,Amul Butter 500g,Dairy,South,148,116,122,120,275,0,Stormy,0,254.81,Medium
2025-06-07,1,P010,Red Label Tea 500g,Beverages,South,54,63,79,66,255,15,Rainy,0,229.85,Medium
2025-06-08,1,P001,Amul Taaza Toned Milk 1L,Dairy,South,118,29,33,24,58,10,Rainy,0,53.21,Medium
2025-06-08,1,P002,Britannia Good Day 600g,Snacks,South,162,83,94,81,120,5,Stormy,0,117.67,Medium
2025-06-08,1,P003,Aashirvaad Atta 5kg,Staples,South,116,80,84,81,248,10,Sunny,1,239.12,Medium
2025-06-08,1,P004,Maggi 2-Minute Noodles,Snacks,South,279,84,84,84,48,5,Cloudy,0,46.34,Medium
2025-06-08,1,P005,Tata Salt 1kg,Staples,South,59,59,78,57,22,0,Cloudy,0,22.75,Medium
2025-06-08,1,P006,Coca-Cola 600ml,Beverages,South,54,121,139,123,40,15,Stormy,0,39.59,Medium
2025-06-08,1,P007,Parle-G 800g,Snacks,South,216,36,49,40,65,15,Sunny,1,64.04,Medium
2025-06-08,1,P008,Surf Excel 1kg,Cleaning,South,191,75,86,73,220,10,Cloudy,0,232.98,Medium
2025-06-08,1,P009,Amul Butter 500g,Dairy,South,132,56,70,53,275,0,Stormy,1,274.85,Medium
2025-06-08,1,P010,Red Label Tea 500g,Beverages,South,245,40,45,36,255,5,Cloudy,0,278.99,Medium
2025-06-09,1,P001,Amul Taaza Toned Milk 1L,Dairy,South,56,70,77,68,58,0,Rainy,0,56.58,Medium
2025-06-09,1,P002,Britannia Good Day 600g,Snacks,South,121,80,84,76,120,10,Rainy,0,114.0,Medium
2025-06-09,1,P003,Aashirvaad Atta 5kg,Staples,South,204,52,53,51,248,0,Stormy,1,256.49,Medium
2025-06-09,1,P004,Maggi 2-Minute Noodles,Snacks,South,70,39,40,43,48,0,Sunny,1,44.19,Medium
2025-06-09,1,P005,Tata Salt 1kg,Staples,South,218,79,91,79,22,5,Stormy,0,21.5,Medium
2025-06-09,1,P006,Coca-Cola 600ml,Beverages,South,169,76,79,80,40,0,Stormy,0,42.2,Medium
2025-06-09,1,P007,Parle-G 800g,Snacks,South,180,49,65,46,65,0,Stormy,0,62.38,Medium
2025-06-09,1,P008,Surf Excel 1kg,Cleaning,South,253,40,42,39,220,0,Cloudy,0,240.04,Medium
2025-06-09,1,P009,Amul Butter 500g,Dairy,South,145,43,55,42,275,0,Stormy,0,293.14,Medium
2025-06-09,1,P010,Red Label Tea 500g,Beverages,South,61,93,99,89,255,0,Stormy,0,239.21,Medium
2025-06-10,1,P001,Amul Taaza Toned Milk 1L,Dairy,South,178,27,36,29,58,10,Rainy,0,53.38,Medium
2025-06-10,1,P002,Britannia Good Day 600g,Snacks,South,112,48,54,48,120,0,Stormy,0,118.82,Medium
2025-06-10,1,P003,Aashirvaad Atta 5kg,Staples,South,208,74,87,69,248,5,Cloudy,0,243.32,Medium
2025-06-10,1,P004,Maggi 2-Minute Noodles,Snacks,South,148,50,53,46,48,0,Sunny,0,51.96,Medium
2025-06-10,1,P005,Tata Salt 1kg,Staples,South,94,34,47,32,22,0,Rainy,0,22.92,Medium
2025-06-10,1,P006,Coca-Cola 600ml,Beverages,South,229,32,50,33,40,15,Sunny,0,43.0,Medium
2025-06-10,1,P007,Parle-G 800g,Snacks,South,138,23,26,18,65,0,Stormy,0,64.7,Medium
2025-06-10,1,P008,Surf Excel 1kg,Cleaning,South,274,84,85,87,220,20,Cloudy,0,240.14,Medium
2025-06-10,1,P009,Amul Butter 500g,Dairy,South,196,48,52,46,275,10,Cloudy,1,276.79,Medium
2025-06-10,1,P010,Red Label Tea 500g,Beverages,South,162,43,47,42,255,0,Stormy,0,253.22,Medium
2025-06-11,1,P001,Amul Taaza Toned Milk 1L,Dairy,South,218,65,78,63,58,20,Cloudy,0,53.4,Medium
2025-06-11,1,P002,Britannia Good Day 600g,Snacks,South,294,52,65,53,120,15,Sunny,0,116.81,Medium
2025-06-11,1,P003,Aashirvaad Atta 5kg,Staples,South,284,22,41,26,248,0,Cloudy,0,262.94,Medium
2025-06-11,1,P004,Maggi 2-Minute Noodles,Snacks,South,202,86,101,89,48,15,Rainy,0,45.73,Medium
2025-06-11,1,P005,Tata Salt 1kg,Staples,South,163,36,43,37,22,0,Stormy,0,21.12,Medium
2025-06-11,1,P006,Coca-Cola 600ml,Beverages,South,158,81,92,80,40,20,Sunny,0,37.34,Medium
2025-06-11,1,P007,Parle-G 800g,Snacks,South,298,38,44,34,65,0,Rainy,0,59.8,Medium
2025-06-11,1,P008,Surf Excel 1kg,Cleaning,South,220,37,39,32,220,0,Stormy,0,220.65,Medium
2025-06-11,1,P009,Amul Butter 500g,Dairy,South,234,67,83,71,275,5,Sunny,1,301.53,Medium
2025-06-11,1,P010,Red Label Tea 500g,Beverages,South,298,20,27,23,255,20,Rainy,0,234.16,Medium
2025-06-12,1,P001,Amul Taaza Toned Milk 1L,Dairy,South,283,36,51,36,58,0,Stormy,0,52.21,Medium
2025-06-12,1,P002,Britannia Good Day 600g,Snacks,South,208,27,38,22,120,10,Cloudy,0,119.57,Medium
2025-06-12,1,P003,Aashirvaad Atta 5kg,Staples,South,150,24,24,20,248,15,Cloudy,0,238.57,Medium
2025-06-12,1,P004,Maggi 2-Minute Noodles,Snacks,South,86,76,77,79,48,10,Cloudy,1,52.5,Medium
2025-06-12,1,P005,Tata Salt 1kg,Staples,South,86,84,101,82,22,0,Cloudy,1,20.13,Medium
2025-06-12,1,P006,Coca-Cola 600ml,Beverages,South,104,99,102,102,40,0,Stormy,0,39.85,Medium
2025-06-12,1,P007,Parle-G 800g,Snacks,South,200,32,50,30,65,15,Sunny,0,70.67,Medium
2025-06-12,1,P008,Surf Excel 1kg,Cleaning,South,296,93,101,93,220,10,Stormy,1,228.53,Medium
2025-06-12,1,P009,Amul Butter 500g,Dairy,South,194,73,75,71,275,15,Rainy,0,283.99,Medium
2025-06-12,1,P010,Red Label Tea 500g,Beverages,South,227,74,80,71,255,15,Rainy,1,274.1,Medium
2025-06-13,1,P001,Amul Taaza Toned Milk 1L,Dairy,South,179,71,74,75,58,0,Rainy,0,57.16,Medium
2025-06-13,1,P002,Britannia Good Day 600g,Snacks,South,278,77,90,72,120,5,Stormy,1,127.87,Medium
2025-06-13,1,P003,Aashirvaad Atta 5kg,Staples,South,281,59,59,63,248,0,Sunny,1,233.88,Medium
2025-06-13,1,P004,Maggi 2-Minute Noodles,Snacks,South,255,51,56,52,48,0,Stormy,1,50.34,Medium
2025-06-13,1,P005,Tata Salt 1kg,Staples,South,141,42,45,45,22,20,Stormy,0,20.29,Medium
2025-06-13,1,P006,Coca-Cola 600ml,Beverages,South,201,50,60,49,40,5,Sunny,0,37.43,Medium
2025-06-13,1,P007,Parle-G 800g,Snacks,South,150,89,108,90,65,15,Rainy,1,59.38,Medium
2025-06-13,1,P008,Surf Excel 1kg,Cleaning,South,130,92,98,91,220,0,Sunny,0,218.51,Medium
2025-06-13,1,P009,Amul Butter 500g,Dairy,South,293,38,50,40,275,20,Rainy,1,261.02,Medium
2025-06-13,1,P010,Red Label Tea 500g,Beverages,South,158,56,70,54,255,0,Rainy,0,262.74,Medium
2025-06-14,1,P001,Amul Taaza Toned Milk 1L,Dairy,South,181,107,123,108,58,0,Stormy,0,61.94,Medium
2025-06-14,1,P002,Britannia Good Day 600g,Snacks,South,108,64,82,68,120,20,Sunny,0,124.07,Medium
2025-06-14,1,P003,Aashirvaad Atta 5kg,Staples,South,100,60,68,64,248,20,Cloudy,0,232.83,Medium
2025-06-14,1,P004,Maggi 2-Minute Noodles,Snacks,South,127,82,89,86,48,0,Rainy,0,49.09,Medium
2025-06-14,1,P005,Tata Salt 1kg,Staples,South,127,44,63,46,22,0,Stormy,1,24.08,Medium
2025-06-14,1,P006,Coca-Cola 600ml,Beverages,South,52,124,132,125,40,0,Sunny,1,36.15,Medium
2025-06-14,1,P007,Parle-G 800g,Snacks,South,147,75,90,72,65,15,Cloudy,1,69.6,Medium
2025-06-14,1,P008,Surf Excel 1kg,Cleaning,South,136,44,59,43,220,5,Stormy,0,215.27,Medium
2025-06-14,1,P009,Amul Butter 500g,Dairy,South,77,103,106,107,275,15,Cloudy,0,261.4,Medium
2025-06-14,1,P010,Red Label Tea 500g,Beverages,South,271,30,48,28,255,15,Stormy,0,247.63,Medium
2025-06-15,1,P001,Amul Taaza Toned Milk 1L,Dairy,South,94,90,101,94,58,0,Cloudy,0,52.98,Medium
2025-06-15,1,P002,Britannia Good Day 600g,Snacks,South,135,40,48,44,120,0,Stormy,0,128.31,Medium
2025-06-15,1,P003,Aashirvaad Atta 5kg,Staples,South,95,56,69,59,248,0,Cloudy,1,243.72,Medium
2025-06-15,1,P004,Maggi 2-Minute Noodles,Snacks,South,289,38,56,41,48,15,Stormy,0,51.9,Medium
2025-06-15,1,P005,Tata Salt 1kg,Staples,South,223,111,127,109,22,20,Rainy,0,23.4,Medium
2025-06-15,1,P006,Coca-Cola 600ml,Beverages,South,221,101,111,101,40,0,Rainy,1,40.28,Medium
2025-06-15,1,P007,Parle-G 800g,Snacks,South,87,39,43,34,65,0,Rainy,0,70.17,Medium
2025-06-15,1,P008,Surf Excel 1kg,Cleaning,South,156,64,71,67,220,5,Cloudy,0,214.72,Medium
2025-06-15,1,P009,Amul Butter 500g,Dairy,South,164,70,78,74,275,0,Sunny,0,278.0,Medium
2025-06-15,1,P010,Red Label Tea 500g,Beverages,South,145,53,56,52,255,15,Stormy,0,270.21,Medium
2025-06-16,1,P001,Amul Taaza Toned Milk 1L,Dairy,South,261,82,84,80,58,0,Cloudy,1,57.12,Medium
2025-06-16,1,P002,Britannia Good Day 600g,Snacks,South,153,52,70,55,120,0,Stormy,1,117.76,Medium
2025-06-16,1,P003,Aashirvaad Atta 5kg,Staples,South,237,86,97,87,248,0,Rainy,1,247.79,Medium
2025-06-16,1,P004,Maggi 2-Minute Noodles,Snacks,South,279,23,37,19,48,0,Stormy,0,45.13,Medium
2025-06-16,1,P005,Tata Salt 1kg,Staples,South,224,59,67,57,22,20,Cloudy,1,23.59,Medium
2025-06-16,1,P006,Coca-Cola 600ml,Beverages,South,143,88,90,84,40,0,Cloudy,1,36.6,Medium
2025-06-16,1,P007,Parle-G 800g,Snacks,South,183,75,82,76,65,20,Stormy,0,59.7,Medium
2025-06-16,1,P008,Surf Excel 1kg,Cleaning,South,268,57,63,59,220,0,Sunny,0,228.59,Medium
2025-06-16,1,P009,Amul Butter 500g,Dairy,South,152,93,109,93,275,0,Rainy,1,248.64,Medium
2025-06-16,1,P010,Red Label Tea 500g,Beverages,South,216,69,84,64,255,0,Stormy,0,273.13,Medium
2025-06-17,1,P001,Amul Taaza Toned Milk 1L,Dairy,South,184,34,52,36,58,0,Stormy,0,57.51,Medium
2025-06-17,1,P002,Britannia Good Day 600g,Snacks,South,276,89,97,93,120,15,Cloudy,1,114.08,Medium
2025-06-17,1,P003,Aashirvaad Atta 5kg,Staples,South,142,73,74,74,248,20,Sunny,0,227.88,Medium
2025-06-17,1,P004,Maggi 2-Minute Noodles,Snacks,South,244,38,52,38,48,20,Rainy,1,48.16,Medium
2025-06-17,1,P005,Tata Salt 1kg,Staples,South,198,17,30,21,22,0,Stormy,0,21.51,Medium
2025-06-17,1,P006,Coca-Cola 600ml,Beverages,South,69,80,99,76,40,10,Stormy,0,40.9,Medium
2025-06-17,1,P007,Parle-G 800g,Snacks,South,207,43,46,42,65,10,Cloudy,0,58.63,Medium
2025-06-17,1,P008,Surf Excel 1kg,Cleaning,South,190,25,33,20,220,20,Cloudy,1,238.5,Medium
2025-06-17,1,P009,Amul Butter 500g,Dairy,South,294,78,96,82,275,0,Cloudy,0,294.04,Medium
2025-06-17,1,P010,Red Label Tea 500g,Beverages,South,149,68,80,63,255,10,Sunny,0,273.71,Medium
2025-06-18,1,P001,Amul Taaza Toned Milk 1L,Dairy,South,175,70,87,68,58,15,Stormy,0,63.78,Medium
2025-06-18,1,P002,Britannia Good Day 600g,Snacks,South,80,75,76,79,120,5,Sunny,1,120.4,Medium
2025-06-18,1,P003,Aashirvaad Atta 5kg,Staples,South,188,93,99,88,248,5,Sunny,0,236.41,Medium
2025-06-18,1,P004,Maggi 2-Minute Noodles,Snacks,South,65,34,40,31,48,0,Stormy,0,45.17,Medium
2025-06-18,1,P005,Tata Salt 1kg,Staples,South,252,76,76,77,22,15,Sunny,0,21.89,Medium
2025-06-18,1,P006,Coca-Cola 600ml,Beverages,South,245,77,93,79,40,20,Stormy,0,37.74,Medium
2025-06-18,1,P007,Parle-G 800g,Snacks,South,201,74,80,73,65,10,Sunny,0,71.02,Medium
2025-06-18,1,P008,Surf Excel 1kg,Cleaning,South,54,29,40,27,220,0,Rainy,0,219.82,Medium
2025-06-18,1,P009,Amul Butter 500g,Dairy,South,112,50,53,53,275,0,Stormy,0,256.97,Medium
2025-06-18,1,P010,Red Label Tea 500g,Beverages,South,234,51,61,48,255,0,Sunny,0,261.17,Medium
2025-06-19,1,P001,Amul Taaza Toned Milk 1L,Dairy,South,211,75,91,72,58,20,Rainy,0,58.57,Medium
2025-06-19,1,P002,Britannia Good Day 600g,Snacks,South,164,87,97,87,120,20,Cloudy,1,130.83,Medium
2025-06-19,1,P003,Aashirvaad Atta 5kg,Staples,South,175,34,40,31,248,15,Sunny,0,259.09,Medium
2025-06-19,1,P004,Maggi 2-Minute Noodles,Snacks,South,257,32,51,27,48,15,Stormy,0,45.54,Medium
2025-06-19,1,P005,Tata Salt 1kg,Staples,South,211,29,41,24,22,15,Cloudy,0,20.78,Medium
2025-06-19,1,P006,Coca-Cola 600ml,Beverages,South,189,23,39,27,40,10,Stormy,0,41.2,Medium
2025-06-19,1,P007,Parle-G 800g,Snacks,South,168,58,67,59,65,15,Cloudy,1,69.65,Medium
2025-06-19,1,P008,Surf Excel 1kg,Cleaning,South,121,93,96,88,220,5,Cloudy,1,219.8,Medium
2025-06-19,1,P009,Amul Butter 500g,Dairy,South,71,68,81,69,275,5,Rainy,0,288.74,Medium
2025-06-19,1,P010,Red Label Tea 500g,Beverages,South,216,64,83,64,255,15,Sunny,0,260.0,Medium
2025-06-20,1,P001,Amul Taaza Toned Milk 1L,Dairy,South,178,53,72,49,58,10,Sunny,0,62.07,Medium
2025-06-20,1,P002,Britannia Good Day 600g,Snacks,South,91,65,71,61,120,5,Sunny,0,112.84,Medium
2025-06-20,1,P003,Aashirvaad Atta 5kg,Staples,South,195,67,73,67,248,5,Cloudy,1,260.18,Medium
2025-06-20,1,P004,Maggi 2-Minute Noodles,Snacks,South,68,85,90,82,48,20,Sunny,1,44.14,Medium
2025-06-20,1,P005,Tata Salt 1kg,Staples,South,150,56,58,56,22,15,Sunny,0,21.33,Medium
2025-06-20,1,P006,Coca-Cola 600ml,Beverages,South,69,85,92,82,40,15,Rainy,0,39.17,Medium
2025-06-20,1,P007,Parle-G 800g,Snacks,South,242,76,86,71,65,0,Stormy,1,71.33,Medium
2025-06-20,1,P008,Surf Excel 1kg,Cleaning,South,129,70,71,73,220,0,Rainy,0,220.73,Medium
2025-06-20,1,P009,Amul Butter 500g,Dairy,South,79,76,90,75,275,20,Rainy,0,256.7,Medium
2025-06-20,1,P010,Red Label Tea 500g,Beverages,South,291,24,41,21,255,0,Sunny,0,264.37,Medium
2025-06-21,1,P001,Amul Taaza Toned Milk 1L,Dairy,South,78,44,50,40,58,0,Stormy,0,59.54,Medium
2025-06-21,1,P002,Britannia Good Day 600g,Snacks,South,85,65,81,69,120,10,Rainy,0,123.5,Medium
2025-06-21,1,P003,Aashirvaad Atta 5kg,Staples,South,190,94,99,98,248,0,Cloudy,1,257.36,Medium
2025-06-21,1,P004,Maggi 2-Minute Noodles,Snacks,South,51,100,118,103,48,10,Sunny,0,46.43,Medium
2025-06-21,1,P005,Tata Salt 1kg,Staples,South,105,66,79,64,22,20,Cloudy,0,20.99,Medium
2025-06-21,1,P006,Coca-Cola 600ml,Beverages,South,256,102,108,102,40,10,Sunny,0,40.56,Medium
2025-06-21,1,P007,Parle-G 800g,Snacks,South,67,55,62,59,65,15,Cloudy,1,60.19,Medium
2025-06-21,1,P008,Surf Excel 1kg,Cleaning,South,261,57,63,58,220,15,Cloudy,0,225.61,Medium
2025-06-21,1,P009,Amul Butter 500g,Dairy,South,142,49,63,51,275,20,Cloudy,0,260.51,Medium
2025-06-21,1,P010,Red Label Tea 500g,Beverages,South,93,66,79,63,255,5,Cloudy,0,259.23,Medium
2025-06-22,1,P001,Amul Taaza Toned Milk 1L,Dairy,South,179,61,66,58,58,20,Cloudy,0,55.87,Medium
2025-06-22,1,P002,Britannia Good Day 600g,Snacks,South,208,84,93,84,120,0,Sunny,1,127.08,Medium
2025-06-22,1,P003,Aashirvaad Atta 5kg,Staples,South,167,57,76,56,248,10,Stormy,1,258.62,Medium
2025-06-22,1,P004,Maggi 2-Minute Noodles,Snacks,South,207,59,62,57,48,0,Rainy,0,46.3,Medium
2025-06-22,1,P005,Tata Salt 1kg,Staples,South,51,41,48,41,22,15,Cloudy,0,20.54,Medium
2025-06-22,1,P006,Coca-Cola 600ml,Beverages,South,59,36,36,38,40,0,Cloudy,0,40.05,Medium
2025-06-22,1,P007,Parle-G 800g,Snacks,South,194,70,75,68,65,0,Stormy,0,63.09,Medium
2025-06-22,1,P008,Surf Excel 1kg,Cleaning,South,177,108,119,104,220,15,Cloudy,1,227.3,Medium
2025-06-22,1,P009,Amul Butter 500g,Dairy,South,227,103,110,101,275,0,Sunny,0,252.38,Medium
2025-06-22,1,P010,Red Label Tea 500g,Beverages,South,294,88,104,89,255,0,Rainy,0,263.3,Medium
2025-06-23,1,P001,Amul Taaza Toned Milk 1L,Dairy,South,218,71,90,71,58,0,Rainy,1,62.38,Medium
2025-06-23,1,P002,Britannia Good Day 600g,Snacks,South,293,42,51,44,120,0,Cloudy,0,115.42,Medium
2025-06-23,1,P003,Aashirvaad Atta 5kg,Staples,South,169,83,87,81,248,10,Rainy,0,227.65,Medium
2025-06-23,1,P004,Maggi 2-Minute Noodles,Snacks,South,178,46,46,44,48,15,Stormy,0,50.6,Medium
2025-06-23,1,P005,Tata Salt 1kg,Staples,South,260,64,64,61,22,15,Rainy,0,22.2,Medium
2025-06-23,1,P006,Coca-Cola 600ml,Beverages,South,232,37,41,36,40,0,Sunny,0,38.71,Medium
2025-06-23,1,P007,Parle-G 800g,Snacks,South,149,90,109,88,65,0,Cloudy,0,63.48,Medium
2025-06-23,1,P008,Surf Excel 1kg,Cleaning,South,182,70,85,68,220,0,Sunny,0,202.65,Medium
2025-06-23,1,P009,Amul Butter 500g,Dairy,South,277,50,51,45,275,10,Cloudy,1,263.83,Medium
2025-06-23,1,P010,Red Label Tea 500g,Beverages,South,115,39,51,40,255,20,Stormy,1,271.52,Medium
2025-06-24,1,P001,Amul Taaza Toned Milk 1L,Dairy,South,189,81,93,79,58,0,Cloudy,0,62.7,Medium
2025-06-24,1,P002,Britannia Good Day 600g,Snacks,South,211,56,72,56,120,5,Sunny,0,111.1,Medium
2025-06-24,1,P003,Aashirvaad Atta 5kg,Staples,South,65,30,48,34,248,15,Stormy,0,271.21,Medium
2025-06-24,1,P004,Maggi 2-Minute Noodles,Snacks,South,293,18,19,17,48,0,Cloudy,0,52.12,Medium
2025-06-24,1,P005,Tata Salt 1kg,Staples,South,59,82,84,80,22,0,Stormy,1,22.16,Medium
2025-06-24,1,P006,Coca-Cola 600ml,Beverages,South,121,72,87,72,40,0,Cloudy,1,41.35,Medium
2025-06-24,1,P007,Parle-G 800g,Snacks,South,133,89,107,92,65,15,Rainy,0,69.15,Medium
2025-06-24,1,P008,Surf Excel 1kg,Cleaning,South,166,79,83,82,220,5,Sunny,0,217.43,Medium
2025-06-24,1,P009,Amul Butter 500g,Dairy,South,78,68,73,63,275,15,Cloudy,1,295.11,Medium
2025-06-24,1,P010,Red Label Tea 500g,Beverages,South,107,44,53,43,255,0,Rainy,0,273.66,Medium
2025-06-25,1,P001,Amul Taaza Toned Milk 1L,Dairy,South,124,29,34,33,58,10,Stormy,0,56.4,Medium
2025-06-25,1,P002,Britannia Good Day 600g,Snacks,South,187,46,57,44,120,0,Stormy,0,108.71,Medium
2025-06-25,1,P003,Aashirvaad Atta 5kg,Staples,South,178,86,87,83,248,0,Sunny,0,227.18,Medium
2025-06-25,1,P004,Maggi 2-Minute Noodles,Snacks,South,253,59,66,54,48,10,Stormy,0,49.65,Medium
2025-06-25,1,P005,Tata Salt 1kg,Staples,South,53,57,71,59,22,5,Stormy,0,22.37,Medium
2025-06-25,1,P006,Coca-Cola 600ml,Beverages,South,88,52,56,53,40,20,Sunny,1,39.48,Medium
2025-06-25,1,P007,Parle-G 800g,Snacks,South,126,64,81,66,65,20,Cloudy,0,61.15,Medium
2025-06-25,1,P008,Surf Excel 1kg,Cleaning,South,225,67,73,68,220,10,Sunny,0,224.32,Medium
2025-06-25,1,P009,Amul Butter 500g,Dairy,South,133,51,68,53,275,0,Cloudy,1,284.15,Medium
2025-06-25,1,P010,Red Label Tea 500g,Beverages,South,121,70,72,73,255,15,Stormy,0,251.09,Medium
2025-06-26,1,P001,Amul Taaza Toned Milk 1L,Dairy,South,92,76,85,79,58,0,Sunny,0,63.48,Medium
2025-06-26,1,P002,Britannia Good Day 600g,Snacks,South,112,69,75,70,120,10,Sunny,0,114.29,Medium
2025-06-26,1,P003,Aashirvaad Atta 5kg,Staples,South,76,64,75,60,248,0,Rainy,0,242.82,Medium
2025-06-26,1,P004,Maggi 2-Minute Noodles,Snacks,South,242,61,63,59,48,0,Cloudy,0,44.62,Medium
2025-06-26,1,P005,Tata Salt 1kg,Staples,South,69,63,73,59,22,20,Rainy,0,23.96,Medium
2025-06-26,1,P006,Coca-Cola 600ml,Beverages,South,179,38,55,38,40,20,Cloudy,0,38.76,Medium
2025-06-26,1,P007,Parle-G 800g,Snacks,South,117,92,92,88,65,20,Stormy,0,70.38,Medium
2025-06-26,1,P008,Surf Excel 1kg,Cleaning,South,111,87,89,88,220,20,Sunny,1,220.08,Medium
2025-06-26,1,P009,Amul Butter 500g,Dairy,South,180,27,37,22,275,5,Cloudy,0,261.39,Medium
2025-06-26,1,P010,Red Label Tea 500g,Beverages,South,233,33,41,35,255,0,Stormy,0,234.14,Medium
2025-06-27,1,P001,Amul Taaza Toned Milk 1L,Dairy,South,160,46,52,41,58,0,Sunny,0,53.98,Medium
2025-06-27,1,P002,Britannia Good Day 600g,Snacks,South,273,64,68,64,120,0,Cloudy,0,118.28,Medium
2025-06-27,1,P003,Aashirvaad Atta 5kg,Staples,South,173,58,71,57,248,15,Rainy,1,246.22,Medium
2025-06-27,1,P004,Maggi 2-Minute Noodles,Snacks,South,94,78,85,79,48,10,Cloudy,0,49.2,Medium
2025-06-27,1,P005,Tata Salt 1kg,Staples,South,224,39,58,43,22,0,Sunny,0,21.04,Medium
2025-06-27,1,P006,Coca-Cola 600ml,Beverages,South,238,59,70,59,40,20,Cloudy,1,39.84,Medium
2025-06-27,1,P007,Parle-G 800g,Snacks,South,274,76,85,74,65,10,Cloudy,0,61.07,Medium
2025-06-27,1,P008,Surf Excel 1kg,Cleaning,South,114,68,72,67,220,0,Sunny,0,222.51,Medium
2025-06-27,1,P009,Amul Butter 500g,Dairy,South,211,67,79,67,275,0,Sunny,0,256.08,Medium
2025-06-27,1,P010,Red Label Tea 500g,Beverages,South,283,44,53,41,255,0,Rainy,1,254.28,Medium
2025-06-28,1,P001,Amul Taaza Toned Milk 1L,Dairy,South,173,79,84,75,58,0,Sunny,0,57.57,Medium
2025-06-28,1,P002,Britannia Good Day 600g,Snacks,South,236,108,111,106,120,0,Sunny,1,120.12,Medium
2025-06-28,1,P003,Aashirvaad Atta 5kg,Staples,South,78,67,72,63,248,20,Cloudy,0,257.83,Medium
2025-06-28,1,P004,Maggi 2-Minute Noodles,Snacks,South,198,65,80,63,48,0,Cloudy,1,49.35,Medium
2025-06-28,1,P005,Tata Salt 1kg,Staples,South,298,114,117,112,22,20,Stormy,0,20.08,Medium
2025-06-28,1,P006,Coca-Cola 600ml,Beverages,South,218,68,83,68,40,20,Rainy,0,41.91,Medium
2025-06-28,1,P007,Parle-G 800g,Snacks,South,143,105,111,101,65,5,Rainy,0,64.55,Medium
2025-06-28,1,P008,Surf Excel 1kg,Cleaning,South,179,32,40,30,220,0,Cloudy,0,200.61,Medium
2025-06-28,1,P009,Amul Butter 500g,Dairy,South,250,28,35,27,275,5,Sunny,1,288.63,Medium
2025-06-28,1,P010,Red Label Tea 500g,Beverages,South,75,109,128,109,255,0,Sunny,1,246.24,Medium
2025-06-29,1,P001,Amul Taaza Toned Milk 1L,Dairy,South,116,40,56,41,58,0,Stormy,0,62.2,Medium
2025-06-29,1,P002,Britannia Good Day 600g,Snacks,South,71,59,74,55,120,15,Sunny,0,131.72,Medium
2025-06-29,1,P003,Aashirvaad Atta 5kg,Staples,South,226,87,89,85,248,0,Sunny,0,238.98,Medium
2025-06-29,1,P004,Maggi 2-Minute Noodles,Snacks,South,122,31,47,28,48,0,Sunny,0,43.32,Medium
2025-06-29,1,P005,Tata Salt 1kg,Staples,South,188,96,107,97,22,5,Rainy,0,21.49,Medium
2025-06-29,1,P006,Coca-Cola 600ml,Beverages,South,209,83,96,84,40,0,Sunny,0,36.93,Medium
2025-06-29,1,P007,Parle-G 800g,Snacks,South,163,85,95,87,65,20,Rainy,0,58.75,Medium
2025-06-29,1,P008,Surf Excel 1kg,Cleaning,South,153,108,116,110,220,0,Cloudy,0,223.02,Medium
2025-06-29,1,P009,Amul Butter 500g,Dairy,South,159,86,88,84,275,20,Cloudy,0,294.23,Medium
2025-06-29,1,P010,Red Label Tea 500g,Beverages,South,55,123,135,122,255,20,Cloudy,1,252.94,Medium
2025-06-30,1,P001,Amul Taaza Toned Milk 1L,Dairy,South,185,49,61,45,58,0,Stormy,0,52.52,Medium
2025-06-30,1,P002,Britannia Good Day 600g,Snacks,South,237,22,26,23,120,5,Cloudy,0,108.99,Medium
2025-06-30,1,P003,Aashirvaad Atta 5kg,Staples,South,211,25,26,24,248,5,Cloudy,1,270.98,Medium
2025-06-30,1,P004,Maggi 2-Minute Noodles,Snacks,South,90,67,70,69,48,15,Cloudy,0,50.14,Medium
2025-06-30,1,P005,Tata Salt 1kg,Staples,South,87,81,99,80,22,0,Rainy,0,23.07,Medium
2025-06-30,1,P006,Coca-Cola 600ml,Beverages,South,90,59,66,60,40,0,Sunny,0,40.62,Medium
2025-06-30,1,P007,Parle-G 800g,Snacks,South,142,18,34,14,65,5,Sunny,0,63.35,Medium
2025-06-30,1,P008,Surf Excel 1kg,Cleaning,South,250,25,33,23,220,20,Sunny,1,212.78,Medium
2025-06-30,1,P009,Amul Butter 500g,Dairy,South,273,41,55,44,275,0,Stormy,0,256.4,Medium
2025-06-30,1,P010,Red Label Tea 500g,Beverages,South,227,50,50,54,255,5,Sunny,0,248.12,Medium
2025-07-01,1,P001,Amul Taaza Toned Milk 1L,Dairy,South,243,82,93,82,58,20,Rainy,0,55.9,Medium
2025-07-01,1,P002,Britannia Good Day 600g,Snacks,South,56,72,83,68,120,0,Rainy,1,118.62,Medium
2025-07-01,1,P003,Aashirvaad Atta 5kg,Staples,South,175,60,61,60,248,0,Cloudy,1,236.06,Medium
2025-07-01,1,P004,Maggi 2-Minute Noodles,Snacks,South,286,22,37,22,48,5,Stormy,0,49.3,Medium
2025-07-01,1,P005,Tata Salt 1kg,Staples,South,274,66,78,64,22,5,Cloudy,0,22.01,Medium
2025-07-01,1,P006,Coca-Cola 600ml,Beverages,South,72,61,76,56,40,0,Rainy,0,40.03,Medium
2025-07-01,1,P007,Parle-G 800g,Snacks,South,234,68,75,71,65,20,Cloudy,0,61.34,Medium
2025-07-01,1,P008,Surf Excel 1kg,Cleaning,South,121,72,73,72,220,0,Rainy,0,235.12,Medium
2025-07-01,1,P009,Amul Butter 500g,Dairy,South,289,46,61,47,275,15,Rainy,0,248.31,Medium
2025-07-01,1,P010,Red Label Tea 500g,Beverages,South,280,56,73,57,255,10,Rainy,0,267.69,Medium
2025-07-02,1,P001,Amul Taaza Toned Milk 1L,Dairy,South,67,45,59,46,58,0,Stormy,0,57.97,Medium
2025-07-02,1,P002,Britannia Good Day 600g,Snacks,South,122,31,31,28,120,0,Stormy,0,118.4,Medium
2025-07-02,1,P003,Aashirvaad Atta 5kg,Staples,South,159,73,83,74,248,0,Sunny,0,245.51,Medium
2025-07-02,1,P004,Maggi 2-Minute Noodles,Snacks,South,138,21,24,23,48,15,Sunny,0,52.24,Medium
2025-07-02,1,P005,Tata Salt 1kg,Staples,South,221,82,95,79,22,0,Sunny,0,22.54,Medium
2025-07-02,1,P006,Coca-Cola 600ml,Beverages,South,162,64,66,67,40,0,Sunny,1,36.47,Medium
2025-07-02,1,P007,Parle-G 800g,Snacks,South,97,69,74,65,65,0,Sunny,0,68.46,Medium
2025-07-02,1,P008,Surf Excel 1kg,Cleaning,South,206,89,98,93,220,20,Cloudy,0,227.61,Medium
2025-07-02,1,P009,Amul Butter 500g,Dairy,South,221,43,46,41,275,5,Cloudy,0,256.77,Medium
2025-07-02,1,P010,Red Label Tea 500g,Beverages,South,178,83,87,78,255,0,Cloudy,0,235.78,Medium
2025-07-03,1,P001,Amul Taaza Toned Milk 1L,Dairy,South,239,19,21,15,58,15,Cloudy,0,53.26,Medium
2025-07-03,1,P002,Britannia Good Day 600g,Snacks,South,236,48,62,51,120,10,Stormy,0,123.12,Medium
2025-07-03,1,P003,Aashirvaad Atta 5kg,Staples,South,112,40,45,44,248,5,Cloudy,0,250.4,Medium
2025-07-03,1,P004,Maggi 2-Minute Noodles,Snacks,South,144,57,68,55,48,0,Rainy,0,48.47,Medium
2025-07-03,1,P005,Tata Salt 1kg,Staples,South,83,41,44,37,22,15,Cloudy,1,21.73,Medium
2025-07-03,1,P006,Coca-Cola 600ml,Beverages,South,295,94,111,91,40,10,Stormy,0,43.35,Medium
2025-07-03,1,P007,Parle-G 800g,Snacks,South,67,46,54,42,65,15,Sunny,0,70.34,Medium
2025-07-03,1,P008,Surf Excel 1kg,Cleaning,South,92,79,86,83,220,0,Sunny,0,203.46,Medium
2025-07-03,1,P009,Amul Butter 500g,Dairy,South,155,69,86,69,275,10,Sunny,0,279.98,Medium
2025-07-03,1,P010,Red Label Tea 500g,Beverages,South,57,72,76,74,255,10,Cloudy,0,235.05,Medium
2025-07-04,1,P001,Amul Taaza Toned Milk 1L,Dairy,South,90,71,80,72,58,20,Rainy,0,57.78,Medium
2025-07-04,1,P002,Britannia Good Day 600g,Snacks,South,216,57,61,55,120,0,Cloudy,1,130.13,Medium
2025-07-04,1,P003,Aashirvaad Atta 5kg,Staples,South,103,52,57,48,248,0,Sunny,0,238.66,Medium
2025-07-04,1,P004,Maggi 2-Minute Noodles,Snacks,South,201,70,87,66,48,20,Cloudy,0,44.02,Medium
2025-07-04,1,P005,Tata Salt 1kg,Staples,South,257,27,46,23,22,0,Sunny,0,23.38,Medium
2025-07-04,1,P006,Coca-Cola 600ml,Beverages,South,164,64,68,66,40,20,Rainy,1,38.93,Medium
2025-07-04,1,P007,Parle-G 800g,Snacks,South,145,80,83,83,65,20,Rainy,0,62.32,Medium
2025-07-04,1,P008,Surf Excel 1kg,Cleaning,South,233,69,79,73,220,0,Rainy,0,224.1,Medium
2025-07-04,1,P009,Amul Butter 500g,Dairy,South,209,36,36,32,275,15,Cloudy,0,264.48,Medium
2025-07-04,1,P010,Red Label Tea 500g,Beverages,South,195,56,69,52,255,5,Rainy,1,270.3,Medium
2025-07-05,1,P001,Amul Taaza Toned Milk 1L,Dairy,South,220,110,127,105,58,0,Rainy,0,56.01,Medium
2025-07-05,1,P002,Britannia Good Day 600g,Snacks,South,59,112,112,108,120,0,Cloudy,0,116.06,Medium
2025-07-05,1,P003,Aashirvaad Atta 5kg,Staples,South,281,50,62,53,248,0,Sunny,1,240.23,Medium
2025-07-05,1,P004,Maggi 2-Minute Noodles,Snacks,South,165,66,70,61,48,20,Stormy,0,52.02,Medium
2025-07-05,1,P005,Tata Salt 1kg,Staples,South,213,37,50,40,22,0,Rainy,1,21.57,Medium
2025-07-05,1,P006,Coca-Cola 600ml,Beverages,South,224,95,102,99,40,10,Sunny,0,37.43,Medium
2025-07-05,1,P007,Parle-G 800g,Snacks,South,112,108,118,108,65,0,Cloudy,0,66.09,Medium
2025-07-05,1,P008,Surf Excel 1kg,Cleaning,South,214,76,87,73,220,0,Cloudy,1,209.44,Medium
2025-07-05,1,P009,Amul Butter 500g,Dairy,South,224,107,121,103,275,0,Rainy,0,286.31,Medium
2025-07-05,1,P010,Red Label Tea 500g,Beverages,South,177,68,75,72,255,20,Stormy,0,274.74,Medium
2025-07-06,1,P001,Amul Taaza Toned Milk 1L,Dairy,South,118,60,66,60,58,0,Rainy,0,59.54,Medium
2025-07-06,1,P002,Britannia Good Day 600g,Snacks,South,175,68,81,69,120,20,Stormy,1,109.32,Medium
2025-07-06,1,P003,Aashirvaad Atta 5kg,Staples,South,89,105,117,104,248,0,Rainy,0,238.38,Medium
2025-07-06,1,P004,Maggi 2-Minute Noodles,Snacks,South,276,47,58,47,48,10,Stormy,1,45.2,Medium
2025-07-06,1,P005,Tata Salt 1kg,Staples,South,112,62,73,61,22,15,Stormy,1,21.19,Medium
2025-07-06,1,P006,Coca-Cola 600ml,Beverages,South,240,62,64,61,40,15,Stormy,1,41.05,Medium
2025-07-06,1,P007,Parle-G 800g,Snacks,South,239,100,114,101,65,20,Cloudy,0,60.77,Medium
2025-07-06,1,P008,Surf Excel 1kg,Cleaning,South,236,51,56,54,220,0,Rainy,0,221.92,Medium
2025-07-06,1,P009,Amul Butter 500g,Dairy,South,60,79,97,82,275,0,Sunny,1,284.57,Medium
2025-07-06,1,P010,Red Label Tea 500g,Beverages,South,279,95,113,91,255,0,Sunny,0,259.79,Medium
2025-07-07,1,P001,Amul Taaza Toned Milk 1L,Dairy,South,223,77,84,81,58,20,Stormy,0,60.04,Medium
2025-07-07,1,P002,Britannia Good Day 600g,Snacks,South,73,24,41,26,120,10,Sunny,1,111.05,Medium
2025-07-07,1,P003,Aashirvaad Atta 5kg,Staples,South,72,75,76,76,248,0,Rainy,0,236.76,Medium
2025-07-07,1,P004,Maggi 2-Minute Noodles,Snacks,South,243,53,55,51,48,0,Sunny,0,45.69,Medium
2025-07-07,1,P005,Tata Salt 1kg,Staples,South,274,41,46,41,22,0,Cloudy,0,20.98,Medium
2025-07-07,1,P006,Coca-Cola 600ml,Beverages,South,153,62,70,64,40,0,Cloudy,0,42.88,Medium
2025-07-07,1,P007,Parle-G 800g,Snacks,South,178,56,65,58,65,15,Stormy,1,59.53,Medium
2025-07-07,1,P008,Surf Excel 1kg,Cleaning,South,133,73,81,75,220,5,Stormy,0,227.05,Medium
2025-07-07,1,P009,Amul Butter 500g,Dairy,South,90,47,63,47,275,0,Stormy,0,275.21,Medium
2025-07-07,1,P010,Red Label Tea 500g,Beverages,South,208,31,40,31,255,0,Cloudy,0,274.68,Medium
2025-07-08,1,P001,Amul Taaza Toned Milk 1L,Dairy,South,204,20,32,24,58,0,Stormy,0,57.81,Medium
2025-07-08,1,P002,Britannia Good Day 600g,Snacks,South,297,61,67,60,120,10,Sunny,0,109.89,Medium
2025-07-08,1,P003,Aashirvaad Atta 5kg,Staples,South,79,90,107,89,248,15,Cloudy,0,257.39,Medium
2025-07-08,1,P004,Maggi 2-Minute Noodles,Snacks,South,119,79,88,83,48,10,Stormy,1,43.2,Medium
2025-07-08,1,P005,Tata Salt 1kg,Staples,South,257,87,105,87,22,0,Cloudy,0,20.0,Medium
2025-07-08,1,P006,Coca-Cola 600ml,Beverages,South,116,30,46,27,40,15,Rainy,0,38.72,Medium
2025-07-08,1,P007,Parle-G 800g,Snacks,South,163,63,74,66,65,15,Sunny,1,60.3,Medium
2025-07-08,1,P008,Surf Excel 1kg,Cleaning,South,283,57,74,53,220,10,Stormy,0,222.04,Medium
2025-07-08,1,P009,Amul Butter 500g,Dairy,South,52,22,37,26,275,0,Rainy,0,295.08,Medium
2025-07-08,1,P010,Red Label Tea 500g,Beverages,South,265,74,86,70,255,0,Stormy,1,236.51,Medium
2025-07-09,1,P001,Amul Taaza Toned Milk 1L,Dairy,South,240,42,52,46,58,20,Cloudy,0,57.3,Medium
2025-07-09,1,P002,Britannia Good Day 600g,Snacks,South,58,78,84,77,120,15,Rainy,0,128.11,Medium
2025-07-09,1,P003,Aashirvaad Atta 5kg,Staples,South,130,89,89,93,248,0,Cloudy,0,230.09,Medium
2025-07-09,1,P004,Maggi 2-Minute Noodles,Snacks,South,153,68,71,65,48,5,Sunny,0,44.17,Medium
2025-07-09,1,P005,Tata Salt 1kg,Staples,South,198,90,109,91,22,10,Stormy,0,23.79,Medium
2025-07-09,1,P006,Coca-Cola 600ml,Beverages,South,280,29,33,30,40,0,Sunny,0,39.94,Medium
2025-07-09,1,P007,Parle-G 800g,Snacks,South,274,92,107,90,65,0,Cloudy,0,66.7,Medium
2025-07-09,1,P008,Surf Excel 1kg,Cleaning,South,74,84,92,80,220,0,Sunny,0,202.64,Medium
2025-07-09,1,P009,Amul Butter 500g,Dairy,South,257,42,54,46,275,20,Stormy,0,291.39,Medium
2025-07-09,1,P010,Red Label Tea 500g,Beverages,South,58,55,68,54,255,0,Cloudy,1,242.05,Medium
2025-07-10,1,P001,Amul Taaza Toned Milk 1L,Dairy,South,104,48,49,47,58,0,Cloudy,0,61.33,Medium
2025-07-10,1,P002,Britannia Good Day 600g,Snacks,South,51,63,71,66,120,0,Cloudy,0,121.49,Medium
2025-07-10,1,P003,Aashirvaad Atta 5kg,Staples,South,247,36,44,38,248,0,Stormy,0,237.78,Medium
2025-07-10,1,P004,Maggi 2-Minute Noodles,Snacks,South,272,59,60,59,48,20,Stormy,1,46.67,Medium
2025-07-10,1,P005,Tata Salt 1kg,Staples,South,145,41,41,45,22,0,Rainy,0,21.37,Medium
2025-07-10,1,P006,Coca-Cola 600ml,Beverages,South,182,81,82,85,40,20,Sunny,0,43.08,Medium
2025-07-10,1,P007,Parle-G 800g,Snacks,South,156,90,94,89,65,0,Sunny,0,61.24,Medium
2025-07-10,1,P008,Surf Excel 1kg,Cleaning,South,221,46,64,50,220,0,Stormy,1,230.47,Medium
2025-07-10,1,P009,Amul Butter 500g,Dairy,South,181,82,90,85,275,0,Sunny,0,276.12,Medium
2025-07-10,1,P010,Red Label Tea 500g,Beverages,South,281,73,81,75,255,20,Sunny,0,231.07,Medium
2025-07-11,1,P001,Amul Taaza Toned Milk 1L,Dairy,South,152,85,104,86,58,0,Sunny,0,55.16,Medium
2025-07-11,1,P002,Britannia Good Day 600g,Snacks,South,250,32,33,36,120,0,Stormy,0,126.57,Medium
2025-07-11,1,P003,Aashirvaad Atta 5kg,Staples,South,120,16,24,16,248,5,Stormy,0,245.3,Medium
2025-07-11,1,P004,Maggi 2-Minute Noodles,Snacks,South,84,62,76,64,48,20,Sunny,0,48.31,Medium
2025-07-11,1,P005,Tata Salt 1kg,Staples,South,271,82,92,82,22,0,Stormy,0,21.01,Medium
2025-07-11,1,P006,Coca-Cola 600ml,Beverages,South,218,55,67,55,40,0,Stormy,1,37.84,Medium
2025-07-11,1,P007,Parle-G 800g,Snacks,South,189,76,88,80,65,20,Sunny,1,63.98,Medium
2025-07-11,1,P008,Surf Excel 1kg,Cleaning,South,75,21,28,18,220,10,Cloudy,1,227.76,Medium
2025-07-11,1,P009,Amul Butter 500g,Dairy,South,261,28,47,25,275,0,Stormy,1,286.87,Medium
2025-07-11,1,P010,Red Label Tea 500g,Beverages,South,91,65,74,68,255,0,Rainy,1,262.02,Medium
2025-07-12,1,P001,Amul Taaza Toned Milk 1L,Dairy,South,59,55,60,58,58,10,Stormy,1,60.43,Medium
2025-07-12,1,P002,Britannia Good Day 600g,Snacks,South,283,57,60,57,120,15,Rainy,1,122.47,Medium
2025-07-12,1,P003,Aashirvaad Atta 5kg,Staples,South,85,113,122,117,248,10,Sunny,1,244.53,Medium
2025-07-12,1,P004,Maggi 2-Minute Noodles,Snacks,South,216,63,64,67,48,5,Stormy,1,51.82,Medium
2025-07-12,1,P005,Tata Salt 1kg,Staples,South,245,46,64,44,22,0,Cloudy,0,22.07,Medium
2025-07-12,1,P006,Coca-Cola 600ml,Beverages,South,58,64,78,60,40,5,Sunny,0,42.74,Medium
2025-07-12,1,P007,Parle-G 800g,Snacks,South,249,78,92,78,65,10,Stormy,1,68.69,Medium
2025-07-12,1,P008,Surf Excel 1kg,Cleaning,South,256,104,118,102,220,5,Sunny,0,231.91,Medium
2025-07-12,1,P009,Amul Butter 500g,Dairy,South,247,51,67,54,275,10,Rainy,0,256.4,Medium
2025-07-12,1,P010,Red Label Tea 500g,Beverages,South,270,110,124,108,255,20,Stormy,0,274.12,Medium
2025-07-13,1,P001,Amul Taaza Toned Milk 1L,Dairy,South,107,119,122,117,58,5,Cloudy,0,61.27,Medium
2025-07-13,1,P002,Britannia Good Day 600g,Snacks,South,190,96,114,100,120,0,Rainy,0,125.79,Medium
2025-07-13,1,P003,Aashirvaad Atta 5kg,Staples,South,220,71,74,67,248,5,Cloudy,0,225.44,Medium
2025-07-13,1,P004,Maggi 2-Minute Noodles,Snacks,South,60,72,91,73,48,15,Cloudy,0,48.53,Medium
2025-07-13,1,P005,Tata Salt 1kg,Staples,South,149,112,114,113,22,0,Stormy,1,23.71,Medium
2025-07-13,1,P006,Coca-Cola 600ml,Beverages,South,115,66,76,65,40,5,Sunny,1,39.59,Medium
2025-07-13,1,P007,Parle-G 800g,Snacks,South,283,74,80,70,65,5,Cloudy,0,61.85,Medium
2025-07-13,1,P008,Surf Excel 1kg,Cleaning,South,149,86,94,88,220,0,Cloudy,0,204.01,Medium
2025-07-13,1,P009,Amul Butter 500g,Dairy,South,243,88,98,86,275,20,Stormy,1,270.78,Medium
2025-07-13,1,P010,Red Label Tea 500g,Beverages,South,198,66,82,69,255,0,Stormy,0,244.29,Medium
2025-07-14,1,P001,Amul Taaza Toned Milk 1L,Dairy,South,178,78,78,82,58,10,Cloudy,0,58.6,Medium
2025-07-14,1,P002,Britannia Good Day 600g,Snacks,South,110,82,100,80,120,20,Sunny,0,131.57,Medium
2025-07-14,1,P003,Aashirvaad Atta 5kg,Staples,South,78,53,64,51,248,0,Rainy,0,229.5,Medium
2025-07-14,1,P004,Maggi 2-Minute Noodles,Snacks,South,157,34,35,34,48,10,Sunny,0,43.23,Medium
2025-07-14,1,P005,Tata Salt 1kg,Staples,South,53,93,100,88,22,10,Rainy,1,22.35,Medium
2025-07-14,1,P006,Coca-Cola 600ml,Beverages,South,139,30,45,27,40,0,Sunny,0,40.93,Medium
2025-07-14,1,P007,Parle-G 800g,Snacks,South,112,79,84,77,65,0,Rainy,0,68.93,Medium
2025-07-14,1,P008,Surf Excel 1kg,Cleaning,South,244,34,36,30,220,5,Rainy,0,234.47,Medium
2025-07-14,1,P009,Amul Butter 500g,Dairy,South,58,72,84,72,275,15,Rainy,0,282.97,Medium
2025-07-14,1,P010,Red Label Tea 500g,Beverages,South,152,48,64,48,255,15,Stormy,0,261.66,Medium
2025-07-15,1,P001,Amul Taaza Toned Milk 1L,Dairy,South,255,45,50,46,58,0,Sunny,0,57.72,Medium
2025-07-15,1,P002,Britannia Good Day 600g,Snacks,South,158,30,37,32,120,0,Sunny,0,121.84,Medium
2025-07-15,1,P003,Aashirvaad Atta 5kg,Staples,South,124,45,46,41,248,15,Cloudy,0,231.09,Medium
2025-07-15,1,P004,Maggi 2-Minute Noodles,Snacks,South,119,64,65,68,48,10,Sunny,0,47.79,Medium
2025-07-15,1,P005,Tata Salt 1kg,Staples,South,96,77,87,75,22,5,Rainy,0,22.89,Medium
2025-07-15,1,P006,Coca-Cola 600ml,Beverages,South,180,49,54,50,40,0,Rainy,0,40.58,Medium
2025-07-15,1,P007,Parle-G 800g,Snacks,South,120,22,38,23,65,0,Stormy,0,68.79,Medium
2025-07-15,1,P008,Surf Excel 1kg,Cleaning,South,95,47,60,47,220,15,Cloudy,1,228.54,Medium
2025-07-15,1,P009,Amul Butter 500g,Dairy,South,213,94,105,90,275,0,Stormy,1,282.59,Medium
2025-07-15,1,P010,Red Label Tea 500g,Beverages,South,142,58,61,61,255,10,Cloudy,0,246.48,Medium
2025-07-16,1,P001,Amul Taaza Toned Milk 1L,Dairy,South,154,73,79,69,58,20,Sunny,0,61.82,Medium
2025-07-16,1,P002,Britannia Good Day 600g,Snacks,South,71,37,52,41,120,15,Rainy,0,114.06,Medium
2025-07-16,1,P003,Aashirvaad Atta 5kg,Staples,South,172,57,66,56,248,10,Rainy,1,250.23,Medium
2025-07-16,1,P004,Maggi 2-Minute Noodles,Snacks,South,108,36,51,33,48,0,Stormy,0,46.72,Medium
2025-07-16,1,P005,Tata Salt 1kg,Staples,South,134,60,62,60,22,0,Rainy,0,21.16,Medium
2025-07-16,1,P006,Coca-Cola 600ml,Beverages,South,296,26,45,27,40,0,Sunny,0,41.24,Medium
2025-07-16,1,P007,Parle-G 800g,Snacks,South,120,28,37,28,65,20,Sunny,0,68.04,Medium
2025-07-16,1,P008,Surf Excel 1kg,Cleaning,South,235,39,52,38,220,15,Cloudy,0,241.37,Medium
2025-07-16,1,P009,Amul Butter 500g,Dairy,South,159,45,52,40,275,0,Sunny,0,294.51,Medium
2025-07-16,1,P010,Red Label Tea 500g,Beverages,South,296,41,57,45,255,10,Sunny,0,242.76,Medium
2025-07-17,1,P001,Amul Taaza Toned Milk 1L,Dairy,South,164,32,45,29,58,0,Sunny,1,60.46,Medium
2025-07-17,1,P002,Britannia Good Day 600g,Snacks,South,117,72,76,71,120,0,Stormy,0,121.06,Medium
2025-07-17,1,P003,Aashirvaad Atta 5kg,Staples,South,136,83,96,83,248,0,Stormy,1,244.99,Medium
2025-07-17,1,P004,Maggi 2-Minute Noodles,Snacks,South,59,26,28,27,48,15,Stormy,0,44.49,Medium
2025-07-17,1,P005,Tata Salt 1kg,Staples,South,207,37,49,41,22,0,Stormy,0,23.66,Medium
2025-07-17,1,P006,Coca-Cola 600ml,Beverages,South,226,28,36,27,40,10,Stormy,1,37.49,Medium
2025-07-17,1,P007,Parle-G 800g,Snacks,South,66,57,65,60,65,10,Stormy,1,65.04,Medium
2025-07-17,1,P008,Surf Excel 1kg,Cleaning,South,200,86,105,81,220,0,Rainy,0,231.03,Medium
2025-07-17,1,P009,Amul Butter 500g,Dairy,South,137,57,62,58,275,0,Stormy,0,293.9,Medium
2025-07-17,1,P010,Red Label Tea 500g,Beverages,South,171,62,81,65,255,0,Cloudy,0,266.06,Medium
2025-07-18,1,P001,Amul Taaza Toned Milk 1L,Dairy,South,58,74,81,78,58,0,Stormy,1,61.79,Medium
2025-07-18,1,P002,Britannia Good Day 600g,Snacks,South,228,79,94,80,120,0,Rainy,1,121.17,Medium
2025-07-18,1,P003,Aashirvaad Atta 5kg,Staples,South,229,85,87,87,248,0,Cloudy,0,232.24,Medium
2025-07-18,1,P004,Maggi 2-Minute Noodles,Snacks,South,196,57,66,56,48,10,Cloudy,0,45.8,Medium
2025-07-18,1,P005,Tata Salt 1kg,Staples,South,74,71,73,72,22,5,Cloudy,0,23.01,Medium
2025-07-18,1,P006,Coca-Cola 600ml,Beverages,South,180,84,97,81,40,15,Rainy,0,39.56,Medium
2025-07-18,1,P007,Parle-G 800g,Snacks,South,246,60,60,63,65,0,Cloudy,0,71.41,Medium
2025-07-18,1,P008,Surf Excel 1kg,Cleaning,South,217,33,34,34,220,0,Sunny,0,238.51,Medium
2025-07-18,1,P009,Amul Butter 500g,Dairy,South,106,54,54,51,275,10,Sunny,1,298.49,Medium
2025-07-18,1,P010,Red Label Tea 500g,Beverages,South,61,35,47,33,255,0,Rainy,0,246.72,Medium
2025-07-19,1,P001,Amul Taaza Toned Milk 1L,Dairy,South,133,80,84,84,58,10,Cloudy,0,57.96,Medium
2025-07-19,1,P002,Britannia Good Day 600g,Snacks,South,295,32,43,28,120,0,Sunny,1,116.95,Medium
2025-07-19,1,P003,Aashirvaad Atta 5kg,Staples,South,288,59,74,59,248,0,Rainy,0,240.9,Medium
2025-07-19,1,P004,Maggi 2-Minute Noodles,Snacks,South,198,45,59,46,48,0,Rainy,1,45.08,Medium
2025-07-19,1,P005,Tata Salt 1kg,Staples,South,264,122,135,126,22,0,Cloudy,0,22.41,Medium
2025-07-19,1,P006,Coca-Cola 600ml,Beverages,South,179,99,109,101,40,0,Sunny,1,43.5,Medium
2025-07-19,1,P007,Parle-G 800g,Snacks,South,156,66,68,64,65,10,Sunny,0,65.09,Medium
2025-07-19,1,P008,Surf Excel 1kg,Cleaning,South,219,68,79,70,220,0,Sunny,0,237.47,Medium
2025-07-19,1,P009,Amul Butter 500g,Dairy,South,111,107,116,108,275,0,Stormy,1,270.46,Medium
2025-07-19,1,P010,Red Label Tea 500g,Beverages,South,54,36,36,39,255,5,Cloudy,0,250.27,Medium
2025-07-20,1,P001,Amul Taaza Toned Milk 1L,Dairy,South,235,49,49,47,58,0,Rainy,0,58.63,Medium
2025-07-20,1,P002,Britannia Good Day 600g,Snacks,South,108,35,43,30,120,15,Rainy,0,118.08,Medium
2025-07-20,1,P003,Aashirvaad Atta 5kg,Staples,South,50,35,52,33,248,10,Sunny,1,252.26,Medium
2025-07-20,1,P004,Maggi 2-Minute Noodles,Snacks,South,253,114,127,112,48,5,Rainy,0,44.62,Medium
2025-07-20,1,P005,Tata Salt 1kg,Staples,South,221,43,50,41,22,0,Rainy,0,23.01,Medium
2025-07-20,1,P006,Coca-Cola 600ml,Beverages,South,98,115,120,115,40,0,Rainy,1,36.89,Medium
2025-07-20,1,P007,Parle-G 800g,Snacks,South,210,64,81,62,65,5,Stormy,0,66.62,Medium
2025-07-20,1,P008,Surf Excel 1kg,Cleaning,South,130,116,125,119,220,5,Sunny,0,228.51,Medium
2025-07-20,1,P009,Amul Butter 500g,Dairy,South,50,101,108,98,275,0,Sunny,1,288.94,Medium
2025-07-20,1,P010,Red Label Tea 500g,Beverages,South,193,49,61,46,255,10,Rainy,0,277.59,Medium
2025-07-21,1,P001,Amul Taaza Toned Milk 1L,Dairy,South,148,42,60,46,58,15,Stormy,1,63.02,Medium
2025-07-21,1,P002,Britannia Good Day 600g,Snacks,South,294,59,69,60,120,0,Cloudy,1,110.42,Medium
2025-07-21,1,P003,Aashirvaad Atta 5kg,Staples,South,58,34,35,31,248,10,Stormy,0,236.79,Medium
2025-07-21,1,P004,Maggi 2-Minute Noodles,Snacks,South,185,35,35,32,48,15,Cloudy,0,43.33,Medium
2025-07-21,1,P005,Tata Salt 1kg,Staples,South,178,72,81,70,22,0,Rainy,0,21.31,Medium
2025-07-21,1,P006,Coca-Cola 600ml,Beverages,South,294,54,67,51,40,10,Stormy,0,36.21,Medium
2025-07-21,1,P007,Parle-G 800g,Snacks,South,290,26,26,21,65,0,Sunny,1,65.65,Medium
2025-07-21,1,P008,Surf Excel 1kg,Cleaning,South,116,25,42,27,220,20,Cloudy,1,199.04,Medium
2025-07-21,1,P009,Amul Butter 500g,Dairy,South,281,83,88,79,275,0,Cloudy,0,301.15,Medium
2025-07-21,1,P010,Red Label Tea 500g,Beverages,South,62,47,65,46,255,5,Rainy,0,246.93,Medium
2025-07-22,1,P001,Amul Taaza Toned Milk 1L,Dairy,South,225,25,35,28,58,10,Sunny,0,52.42,Medium
2025-07-22,1,P002,Britannia Good Day 600g,Snacks,South,134,78,83,82,120,0,Cloudy,0,123.75,Medium
2025-07-22,1,P003,Aashirvaad Atta 5kg,Staples,South,199,78,79,73,248,15,Sunny,0,264.48,Medium
2025-07-22,1,P004,Maggi 2-Minute Noodles,Snacks,South,215,40,46,37,48,15,Sunny,0,46.72,Medium
2025-07-22,1,P005,Tata Salt 1kg,Staples,South,82,62,71,65,22,20,Cloudy,0,20.32,Medium
2025-07-22,1,P006,Coca-Cola 600ml,Beverages,South,174,43,61,44,40,10,Sunny,0,41.42,Medium
2025-07-22,1,P007,Parle-G 800g,Snacks,South,51,76,94,74,65,15,Rainy,0,65.23,Medium
2025-07-22,1,P008,Surf Excel 1kg,Cleaning,South,201,76,83,78,220,10,Sunny,0,214.13,Medium
2025-07-22,1,P009,Amul Butter 500g,Dairy,South,263,29,43,28,275,15,Sunny,1,252.22,Medium
2025-07-22,1,P010,Red Label Tea 500g,Beverages,South,108,24,35,19,255,0,Rainy,0,238.43,Medium
2025-07-23,1,P001,Amul Taaza Toned Milk 1L,Dairy,South,163,29,38,28,58,0,Sunny,0,52.21,Medium
2025-07-23,1,P002,Britannia Good Day 600g,Snacks,South,56,84,95,88,120,5,Sunny,1,126.83,Medium
2025-07-23,1,P003,Aashirvaad Atta 5kg,Staples,South,157,44,51,46,248,20,Cloudy,0,251.04,Medium
2025-07-23,1,P004,Maggi 2-Minute Noodles,Snacks,South,151,31,47,34,48,20,Stormy,0,51.88,Medium
2025-07-23,1,P005,Tata Salt 1kg,Staples,South,227,81,98,82,22,10,Cloudy,0,22.06,Medium
2025-07-23,1,P006,Coca-Cola 600ml,Beverages,South,211,49,66,46,40,5,Sunny,1,43.31,Medium
2025-07-23,1,P007,Parle-G 800g,Snacks,South,283,64,81,66,65,0,Sunny,0,69.16,Medium
2025-07-23,1,P008,Surf Excel 1kg,Cleaning,South,149,38,40,41,220,0,Rainy,0,233.32,Medium
2025-07-23,1,P009,Amul Butter 500g,Dairy,South,114,83,89,86,275,20,Cloudy,0,294.32,Medium
2025-07-23,1,P010,Red Label Tea 500g,Beverages,South,171,29,43,31,255,0,Sunny,0,240.98,Medium
2025-07-24,1,P001,Amul Taaza Toned Milk 1L,Dairy,South,96,40,53,44,58,0,Rainy,0,52.84,Medium
2025-07-24,1,P002,Britannia Good Day 600g,Snacks,South,210,30,38,31,120,15,Sunny,0,115.95,Medium
2025-07-24,1,P003,Aashirvaad Atta 5kg,Staples,South,150,65,74,64,248,5,Rainy,0,266.61,Medium
2025-07-24,1,P004,Maggi 2-Minute Noodles,Snacks,South,221,42,51,38,48,20,Rainy,0,50.7,Medium
2025-07-24,1,P005,Tata Salt 1kg,Staples,South,280,51,70,53,22,15,Cloudy,0,21.22,Medium
2025-07-24,1,P006,Coca-Cola 600ml,Beverages,South,193,24,29,26,40,5,Cloudy,0,40.57,Medium
2025-07-24,1,P007,Parle-G 800g,Snacks,South,291,67,81,68,65,15,Sunny,0,68.44,Medium
2025-07-24,1,P008,Surf Excel 1kg,Cleaning,South,181,37,54,39,220,0,Stormy,0,211.57,Medium
2025-07-24,1,P009,Amul Butter 500g,Dairy,South,225,57,72,55,275,10,Sunny,0,273.94,Medium
2025-07-24,1,P010,Red Label Tea 500g,Beverages,South,166,31,39,27,255,20,Stormy,0,238.92,Medium
2025-07-25,1,P001,Amul Taaza Toned Milk 1L,Dairy,South,218,50,67,50,58,15,Rainy,1,62.72,Medium
2025-07-25,1,P002,Britannia Good Day 600g,Snacks,South,70,60,63,61,120,0,Cloudy,0,121.91,Medium
2025-07-25,1,P003,Aashirvaad Atta 5kg,Staples,South,69,17,31,15,248,5,Sunny,0,231.99,Medium
2025-07-25,1,P004,Maggi 2-Minute Noodles,Snacks,South,214,46,54,44,48,5,Rainy,0,50.33,Medium
2025-07-25,1,P005,Tata Salt 1kg,Staples,South,169,52,67,48,22,5,Stormy,1,22.01,Medium
2025-07-25,1,P006,Coca-Cola 600ml,Beverages,South,169,67,73,66,40,0,Stormy,1,41.14,Medium
2025-07-25,1,P007,Parle-G 800g,Snacks,South,261,57,60,59,65,0,Cloudy,0,67.01,Medium
2025-07-25,1,P008,Surf Excel 1kg,Cleaning,South,246,53,54,49,220,0,Cloudy,1,203.81,Medium
2025-07-25,1,P009,Amul Butter 500g,Dairy,South,295,32,41,32,275,0,Rainy,1,256.04,Medium
2025-07-25,1,P010,Red Label Tea 500g,Beverages,South,62,83,89,82,255,0,Stormy,0,260.99,Medium
2025-07-26,1,P001,Amul Taaza Toned Milk 1L,Dairy,South,270,74,86,74,58,0,Stormy,1,55.64,Medium
2025-07-26,1,P002,Britannia Good Day 600g,Snacks,South,161,103,110,105,120,20,Stormy,0,110.39,Medium
2025-07-26,1,P003,Aashirvaad Atta 5kg,Staples,South,242,61,62,62,248,10,Rainy,1,248.15,Medium
2025-07-26,1,P004,Maggi 2-Minute Noodles,Snacks,South,136,49,50,53,48,5,Stormy,0,48.67,Medium
2025-07-26,1,P005,Tata Salt 1kg,Staples,South,105,102,109,103,22,15,Stormy,0,23.02,Medium
2025-07-26,1,P006,Coca-Cola 600ml,Beverages,South,185,42,59,41,40,20,Sunny,0,41.07,Medium
2025-07-26,1,P007,Parle-G 800g,Snacks,South,50,104,110,101,65,0,Cloudy,0,64.74,Medium
2025-07-26,1,P008,Surf Excel 1kg,Cleaning,South,261,78,94,82,220,10,Rainy,0,233.39,Medium
2025-07-26,1,P009,Amul Butter 500g,Dairy,South,72,56,74,51,275,0,Sunny,1,279.28,Medium
2025-07-26,1,P010,Red Label Tea 500g,Beverages,South,205,34,51,33,255,0,Cloudy,0,280.08,Medium
2025-07-27,1,P001,Amul Taaza Toned Milk 1L,Dairy,South,150,72,91,72,58,10,Stormy,0,60.88,Medium
2025-07-27,1,P002,Britannia Good Day 600g,Snacks,South,76,35,54,35,120,0,Stormy,0,119.42,Medium
2025-07-27,1,P003,Aashirvaad Atta 5kg,Staples,South,139,72,74,72,248,20,Stormy,0,223.91,Medium
2025-07-27,1,P004,Maggi 2-Minute Noodles,Snacks,South,291,109,118,104,48,0,Cloudy,1,45.27,Medium
2025-07-27,1,P005,Tata Salt 1kg,Staples,South,217,32,50,34,22,0,Stormy,0,20.46,Medium
2025-07-27,1,P006,Coca-Cola 600ml,Beverages,South,154,109,113,107,40,0,Cloudy,0,40.89,Medium
2025-07-27,1,P007,Parle-G 800g,Snacks,South,262,85,95,88,65,0,Cloudy,1,69.39,Medium
2025-07-27,1,P008,Surf Excel 1kg,Cleaning,South,175,35,54,31,220,10,Cloudy,0,240.97,Medium
2025-07-27,1,P009,Amul Butter 500g,Dairy,South,143,95,97,98,275,10,Cloudy,0,289.29,Medium
2025-07-27,1,P010,Red Label Tea 500g,Beverages,South,76,55,63,51,255,0,Stormy,0,250.87,Medium
2025-07-28,1,P001,Amul Taaza Toned Milk 1L,Dairy,South,120,58,69,56,58,5,Sunny,1,56.0,Medium
2025-07-28,1,P002,Britannia Good Day 600g,Snacks,South,168,73,83,74,120,10,Cloudy,0,110.61,Medium
2025-07-28,1,P003,Aashirvaad Atta 5kg,Staples,South,158,74,75,71,248,10,Sunny,0,224.43,Medium
2025-07-28,1,P004,Maggi 2-Minute Noodles,Snacks,South,101,40,59,40,48,0,Rainy,0,45.65,Medium
2025-07-28,1,P005,Tata Salt 1kg,Staples,South,100,86,90,90,22,15,Cloudy,1,22.15,Medium
2025-07-28,1,P006,Coca-Cola 600ml,Beverages,South,102,51,67,46,40,15,Cloudy,0,40.85,Medium
2025-07-28,1,P007,Parle-G 800g,Snacks,South,128,65,73,67,65,20,Rainy,0,64.66,Medium
2025-07-28,1,P008,Surf Excel 1kg,Cleaning,South,86,31,46,32,220,15,Stormy,0,233.55,Medium
2025-07-28,1,P009,Amul Butter 500g,Dairy,South,292,72,91,75,275,5,Cloudy,0,255.75,Medium
2025-07-28,1,P010,Red Label Tea 500g,Beverages,South,70,72,78,75,255,5,Sunny,0,251.52,Medium
2025-07-29,1,P001,Amul Taaza Toned Milk 1L,Dairy,South,200,91,110,95,58,20,Sunny,1,57.86,Medium
2025-07-29,1,P002,Britannia Good Day 600g,Snacks,South,62,47,51,43,120,15,Sunny,0,116.64,Medium
2025-07-29,1,P003,Aashirvaad Atta 5kg,Staples,South,97,34,50,30,248,0,Cloudy,0,229.37,Medium
2025-07-29,1,P004,Maggi 2-Minute Noodles,Snacks,South,235,81,81,82,48,0,Rainy,0,52.16,Medium
2025-07-29,1,P005,Tata Salt 1kg,Staples,South,105,20,39,22,22,10,Stormy,1,23.75,Medium
2025-07-29,1,P006,Coca-Cola 600ml,Beverages,South,131,89,108,84,40,0,Rainy,0,39.57,Medium
2025-07-29,1,P007,Parle-G 800g,Snacks,South,271,58,63,57,65,10,Cloudy,0,68.14,Medium
2025-07-29,1,P008,Surf Excel 1kg,Cleaning,South,146,34,42,38,220,0,Stormy,0,218.58,Medium
2025-07-29,1,P009,Amul Butter 500g,Dairy,South,173,99,99,103,275,0,Stormy,0,252.5,Medium
2025-07-29,1,P010,Red Label Tea 500g,Beverages,South,100,59,74,56,255,5,Stormy,1,276.09,Medium
2025-07-30,1,P001,Amul Taaza Toned Milk 1L,Dairy,South,203,79,83,82,58,20,Cloudy,1,54.98,Medium
2025-07-30,1,P002,Britannia Good Day 600g,Snacks,South,104,52,54,54,120,10,Cloudy,0,119.85,Medium
2025-07-30,1,P003,Aashirvaad Atta 5kg,Staples,South,120,72,89,71,248,10,Cloudy,0,258.39,Medium
2025-07-30,1,P004,Maggi 2-Minute Noodles,Snacks,South,267,87,101,89,48,0,Sunny,0,48.27,Medium
2025-07-30,1,P005,Tata Salt 1kg,Staples,South,69,57,68,52,22,0,Stormy,0,22.69,Medium
2025-07-30,1,P006,Coca-Cola 600ml,Beverages,South,173,88,97,85,40,0,Cloudy,1,41.28,Medium
2025-07-30,1,P007,Parle-G 800g,Snacks,South,165,30,31,34,65,0,Cloudy,0,59.5,Medium
2025-07-30,1,P008,Surf Excel 1kg,Cleaning,South,277,79,88,83,220,0,Cloudy,0,231.61,Medium
2025-07-30,1,P009,Amul Butter 500g,Dairy,South,120,84,95,85,275,10,Stormy,0,269.45,Medium
2025-07-30,1,P010,Red Label Tea 500g,Beverages,South,100,62,80,61,255,0,Cloudy,0,256.26,Medium
2025-07-31,1,P001,Amul Taaza Toned Milk 1L,Dairy,South,273,70,73,70,58,20,Stormy,0,58.35,Medium
2025-07-31,1,P002,Britannia Good Day 600g,Snacks,South,290,34,48,32,120,0,Stormy,0,114.36,Medium
2025-07-31,1,P003,Aashirvaad Atta 5kg,Staples,South,149,69,76,67,248,15,Rainy,1,230.77,Medium
2025-07-31,1,P004,Maggi 2-Minute Noodles,Snacks,South,104,61,67,58,48,0,Cloudy,1,45.54,Medium
2025-07-31,1,P005,Tata Salt 1kg,Staples,South,159,57,64,54,22,0,Sunny,0,20.18,Medium
2025-07-31,1,P006,Coca-Cola 600ml,Beverages,South,227,42,48,45,40,0,Cloudy,1,37.98,Medium
2025-07-31,1,P007,Parle-G 800g,Snacks,South,227,89,103,88,65,10,Stormy,0,66.76,Medium
2025-07-31,1,P008,Surf Excel 1kg,Cleaning,South,187,41,52,41,220,0,Stormy,1,237.2,Medium
2025-07-31,1,P009,Amul Butter 500g,Dairy,South,229,79,88,76,275,10,Stormy,0,294.13,Medium
2025-07-31,1,P010,Red Label Tea 500g,Beverages,South,116,62,77,59,255,15,Cloudy,1,260.71,Medium
2025-08-01,1,P001,Amul Taaza Toned Milk 1L,Dairy,South,69,80,87,81,58,0,Rainy,0,58.53,Medium
2025-08-01,1,P002,Britannia Good Day 600g,Snacks,South,60,21,37,24,120,0,Sunny,0,121.18,Medium
2025-08-01,1,P003,Aashirvaad Atta 5kg,Staples,South,192,47,53,44,248,10,Stormy,0,228.75,Medium
2025-08-01,1,P004,Maggi 2-Minute Noodles,Snacks,South,84,75,90,70,48,0,Cloudy,0,43.21,Medium
2025-08-01,1,P005,Tata Salt 1kg,Staples,South,142,67,72,63,22,10,Sunny,0,20.05,Medium
2025-08-01,1,P006,Coca-Cola 600ml,Beverages,South,145,65,73,63,40,20,Sunny,0,42.53,Medium
2025-08-01,1,P007,Parle-G 800g,Snacks,South,119,75,93,71,65,20,Rainy,0,60.63,Medium
2025-08-01,1,P008,Surf Excel 1kg,Cleaning,South,216,36,37,38,220,0,Sunny,0,198.26,Medium
2025-08-01,1,P009,Amul Butter 500g,Dairy,South,230,65,84,64,275,0,Rainy,1,301.21,Medium
2025-08-01,1,P010,Red Label Tea 500g,Beverages,South,165,31,43,27,255,0,Sunny,0,278.0,Medium
2025-08-02,1,P001,Amul Taaza Toned Milk 1L,Dairy,South,139,108,126,110,58,15,Stormy,1,57.06,Medium
2025-08-02,1,P002,Britannia Good Day 600g,Snacks,South,183,43,52,45,120,15,Sunny,1,120.34,Medium
2025-08-02,1,P003,Aashirvaad Atta 5kg,Staples,South,205,106,120,108,248,0,Rainy,0,257.04,Medium
2025-08-02,1,P004,Maggi 2-Minute Noodles,Snacks,South,216,62,68,62,48,0,Stormy,1,50.19,Medium
2025-08-02,1,P005,Tata Salt 1kg,Staples,South,237,114,129,109,22,0,Rainy,1,21.12,Medium
2025-08-02,1,P006,Coca-Cola 600ml,Beverages,South,218,58,73,59,40,15,Rainy,0,38.64,Medium
2025-08-02,1,P007,Parle-G 800g,Snacks,South,124,40,44,37,65,10,Stormy,0,64.14,Medium
2025-08-02,1,P008,Surf Excel 1kg,Cleaning,South,215,82,85,79,220,0,Cloudy,0,209.01,Medium
2025-08-02,1,P009,Amul Butter 500g,Dairy,South,65,88,107,86,275,0,Sunny,1,263.98,Medium
2025-08-02,1,P010,Red Label Tea 500g,Beverages,South,91,101,107,102,255,0,Rainy,0,233.01,Medium
2025-08-03,1,P001,Amul Taaza Toned Milk 1L,Dairy,South,147,105,113,109,58,0,Cloudy,0,57.37,Medium
2025-08-03,1,P002,Britannia Good Day 600g,Snacks,South,91,113,124,114,120,15,Stormy,0,118.95,Medium
2025-08-03,1,P003,Aashirvaad Atta 5kg,Staples,South,73,61,79,57,248,20,Sunny,0,232.18,Medium
2025-08-03,1,P004,Maggi 2-Minute Noodles,Snacks,South,257,42,51,41,48,10,Rainy,0,48.35,Medium
2025-08-03,1,P005,Tata Salt 1kg,Staples,South,198,65,74,66,22,0,Rainy,1,21.31,Medium
2025-08-03,1,P006,Coca-Cola 600ml,Beverages,South,226,102,104,100,40,5,Sunny,1,39.94,Medium
2025-08-03,1,P007,Parle-G 800g,Snacks,South,199,27,45,29,65,0,Sunny,0,67.73,Medium
2025-08-03,1,P008,Surf Excel 1kg,Cleaning,South,291,95,96,94,220,0,Sunny,0,214.58,Medium
2025-08-03,1,P009,Amul Butter 500g,Dairy,South,92,101,103,98,275,0,Cloudy,1,273.4,Medium
2025-08-03,1,P010,Red Label Tea 500g,Beverages,South,139,71,76,73,255,0,Cloudy,0,258.55,Medium
2025-08-04,1,P001,Amul Taaza Toned Milk 1L,Dairy,South,116,79,91,77,58,0,Rainy,1,63.49,Medium
2025-08-04,1,P002,Britannia Good Day 600g,Snacks,South,121,67,81,63,120,20,Rainy,1,122.7,Medium
2025-08-04,1,P003,Aashirvaad Atta 5kg,Staples,South,132,80,93,81,248,5,Cloudy,0,231.59,Medium
2025-08-04,1,P004,Maggi 2-Minute Noodles,Snacks,South,201,82,82,83,48,15,Stormy,0,51.63,Medium
2025-08-04,1,P005,Tata Salt 1kg,Staples,South,234,78,80,80,22,0,Cloudy,0,20.22,Medium
2025-08-04,1,P006,Coca-Cola 600ml,Beverages,South,131,60,71,59,40,15,Stormy,1,37.14,Medium
2025-08-04,1,P007,Parle-G 800g,Snacks,South,232,30,40,31,65,10,Cloudy,0,67.26,Medium
2025-08-04,1,P008,Surf Excel 1kg,Cleaning,South,219,54,67,50,220,0,Rainy,0,227.42,Medium
2025-08-04,1,P009,Amul Butter 500g,Dairy,South,76,77,91,79,275,5,Stormy,0,274.2,Medium
2025-08-04,1,P010,Red Label Tea 500g,Beverages,South,201,35,43,31,255,0,Sunny,0,251.44,Medium
2025-08-05,1,P001,Amul Taaza Toned Milk 1L,Dairy,South,269,31,44,26,58,5,Rainy,1,63.54,Medium
2025-08-05,1,P002,Britannia Good Day 600g,Snacks,South,217,34,37,30,120,0,Stormy,0,109.35,Medium
2025-08-05,1,P003,Aashirvaad Atta 5kg,Staples,South,71,68,68,63,248,10,Sunny,0,235.36,Medium
2025-08-05,1,P004,Maggi 2-Minute Noodles,Snacks,South,134,87,87,90,48,10,Cloudy,0,44.39,Medium
2025-08-05,1,P005,Tata Salt 1kg,Staples,South,240,17,34,18,22,0,Cloudy,0,21.83,Medium
2025-08-05,1,P006,Coca-Cola 600ml,Beverages,South,112,73,76,72,40,0,Rainy,0,41.75,Medium
2025-08-05,1,P007,Parle-G 800g,Snacks,South,274,53,70,54,65,15,Cloudy,0,59.85,Medium
2025-08-05,1,P008,Surf Excel 1kg,Cleaning,South,56,66,78,69,220,15,Sunny,0,214.15,Medium
2025-08-05,1,P009,Amul Butter 500g,Dairy,South,257,40,56,37,275,10,Sunny,1,294.59,Medium
2025-08-05,1,P010,Red Label Tea 500g,Beverages,South,289,56,74,54,255,0,Rainy,0,278.61,Medium
2025-08-06,1,P001,Amul Taaza Toned Milk 1L,Dairy,South,167,38,47,36,58,15,Stormy,0,62.32,Medium
2025-08-06,1,P002,Britannia Good Day 600g,Snacks,South,270,32,50,29,120,0,Cloudy,0,125.91,Medium
2025-08-06,1,P003,Aashirvaad Atta 5kg,Staples,South,262,62,72,58,248,0,Rainy,0,254.94,Medium
2025-08-06,1,P004,Maggi 2-Minute Noodles,Snacks,South,82,47,52,46,48,20,Rainy,0,49.26,Medium
2025-08-06,1,P005,Tata Salt 1kg,Staples,South,88,66,79,66,22,5,Sunny,1,21.27,Medium
2025-08-06,1,P006,Coca-Cola 600ml,Beverages,South,137,44,54,43,40,0,Sunny,1,39.39,Medium
2025-08-06,1,P007,Parle-G 800g,Snacks,South,292,93,103,94,65,15,Stormy,0,71.43,Medium
2025-08-06,1,P008,Surf Excel 1kg,Cleaning,South,82,82,92,84,220,0,Sunny,0,223.37,Medium
2025-08-06,1,P009,Amul Butter 500g,Dairy,South,77,78,85,74,275,20,Stormy,0,266.3,Medium
2025-08-06,1,P010,Red Label Tea 500g,Beverages,South,56,31,40,28,255,0,Cloudy,0,256.92,Medium
2025-08-07,1,P001,Amul Taaza Toned Milk 1L,Dairy,South,68,94,102,97,58,15,Rainy,1,59.7,Medium
2025-08-07,1,P002,Britannia Good Day 600g,Snacks,South,198,67,68,68,120,15,Sunny,1,114.28,Medium
2025-08-07,1,P003,Aashirvaad Atta 5kg,Staples,South,294,73,81,71,248,5,Cloudy,1,248.08,Medium
2025-08-07,1,P004,Maggi 2-Minute Noodles,Snacks,South,230,63,81,58,48,0,Sunny,0,51.02,Medium
2025-08-07,1,P005,Tata Salt 1kg,Staples,South,126,74,80,70,22,0,Rainy,1,22.13,Medium
2025-08-07,1,P006,Coca-Cola 600ml,Beverages,South,118,66,84,70,40,15,Cloudy,0,39.5,Medium
2025-08-07,1,P007,Parle-G 800g,Snacks,South,132,70,77,73,65,0,Stormy,1,60.8,Medium
2025-08-07,1,P008,Surf Excel 1kg,Cleaning,South,114,34,48,33,220,0,Sunny,0,204.78,Medium
2025-08-07,1,P009,Amul Butter 500g,Dairy,South,236,89,105,90,275,20,Cloudy,0,250.03,Medium
2025-08-07,1,P010,Red Label Tea 500g,Beverages,South,228,92,95,87,255,0,Cloudy,1,259.36,Medium
2025-08-08,1,P001,Amul Taaza Toned Milk 1L,Dairy,South,130,76,85,73,58,5,Sunny,0,60.96,Medium
2025-08-08,1,P002,Britannia Good Day 600g,Snacks,South,100,45,51,46,120,0,Sunny,1,122.24,Medium
2025-08-08,1,P003,Aashirvaad Atta 5kg,Staples,South,130,21,32,17,248,0,Stormy,1,268.47,Medium
2025-08-08,1,P004,Maggi 2-Minute Noodles,Snacks,South,291,64,66,64,48,0,Rainy,0,47.83,Medium
2025-08-08,1,P005,Tata Salt 1kg,Staples,South,228,82,85,86,22,20,Stormy,0,22.93,Medium
2025-08-08,1,P006,Coca-Cola 600ml,Beverages,South,107,46,53,44,40,0,Rainy,0,38.27,Medium
2025-08-08,1,P007,Parle-G 800g,Snacks,South,200,92,97,96,65,15,Sunny,0,61.21,Medium
2025-08-08,1,P008,Surf Excel 1kg,Cleaning,South,86,84,85,82,220,0,Sunny,0,199.34,Medium
2025-08-08,1,P009,Amul Butter 500g,Dairy,South,229,70,73,69,275,0,Cloudy,1,259.65,Medium
2025-08-08,1,P010,Red Label Tea 500g,Beverages,South,110,68,79,64,255,15,Cloudy,0,270.62,Medium
2025-08-09,1,P001,Amul Taaza Toned Milk 1L,Dairy,South,147,78,92,81,58,15,Stormy,0,60.31,Medium
2025-08-09,1,P002,Britannia Good Day 600g,Snacks,South,243,76,79,71,120,5,Stormy,0,117.42,Medium
2025-08-09,1,P003,Aashirvaad Atta 5kg,Staples,South,127,110,118,109,248,0,Stormy,0,272.48,Medium
2025-08-09,1,P004,Maggi 2-Minute Noodles,Snacks,South,79,109,126,106,48,0,Cloudy,0,47.73,Medium
2025-08-09,1,P005,Tata Salt 1kg,Staples,South,127,37,46,37,22,0,Stormy,1,20.25,Medium
2025-08-09,1,P006,Coca-Cola 600ml,Beverages,South,164,102,119,104,40,0,Stormy,0,41.74,Medium
2025-08-09,1,P007,Parle-G 800g,Snacks,South,295,45,56,47,65,0,Stormy,0,66.87,Medium
2025-08-09,1,P008,Surf Excel 1kg,Cleaning,South,192,56,71,54,220,15,Stormy,0,203.15,Medium
2025-08-09,1,P009,Amul Butter 500g,Dairy,South,96,55,62,55,275,0,Cloudy,0,302.29,Medium
2025-08-09,1,P010,Red Label Tea 500g,Beverages,South,194,75,75,73,255,20,Sunny,0,258.86,Medium
2025-08-10,1,P001,Amul Taaza Toned Milk 1L,Dairy,South,101,30,35,27,58,0,Sunny,1,63.11,Medium
2025-08-10,1,P002,Britannia Good Day 600g,Snacks,South,154,45,54,48,120,0,Sunny,1,127.21,Medium
2025-08-10,1,P003,Aashirvaad Atta 5kg,Staples,South,158,83,94,86,248,0,Stormy,0,229.99,Medium
2025-08-10,1,P004,Maggi 2-Minute Noodles,Snacks,South,254,70,75,70,48,20,Stormy,1,49.51,Medium
2025-08-10,1,P005,Tata Salt 1kg,Staples,South,255,82,85,84,22,20,Sunny,0,22.45,Medium
2025-08-10,1,P006,Coca-Cola 600ml,Beverages,South,170,41,52,39,40,0,Cloudy,1,42.68,Medium
2025-08-10,1,P007,Parle-G 800g,Snacks,South,215,90,103,86,65,5,Sunny,0,61.51,Medium
2025-08-10,1,P008,Surf Excel 1kg,Cleaning,South,181,95,105,98,220,20,Sunny,0,217.93,Medium
2025-08-10,1,P009,Amul Butter 500g,Dairy,South,297,89,104,92,275,0,Cloudy,0,287.82,Medium
2025-08-10,1,P010,Red Label Tea 500g,Beverages,South,171,108,111,103,255,20,Cloudy,0,271.75,Medium
2025-08-11,1,P001,Amul Taaza Toned Milk 1L,Dairy,South,189,80,96,80,58,15,Rainy,0,55.22,Medium
2025-08-11,1,P002,Britannia Good Day 600g,Snacks,South,65,70,74,67,120,15,Sunny,0,122.1,Medium
2025-08-11,1,P003,Aashirvaad Atta 5kg,Staples,South,257,71,74,72,248,15,Rainy,1,266.41,Medium
2025-08-11,1,P004,Maggi 2-Minute Noodles,Snacks,South,184,85,102,88,48,10,Sunny,1,51.38,Medium
2025-08-11,1,P005,Tata Salt 1kg,Staples,South,166,51,69,49,22,0,Rainy,0,21.65,Medium
2025-08-11,1,P006,Coca-Cola 600ml,Beverages,South,159,56,63,57,40,20,Rainy,0,40.13,Medium
2025-08-11,1,P007,Parle-G 800g,Snacks,South,69,54,61,52,65,20,Rainy,1,68.29,Medium
2025-08-11,1,P008,Surf Excel 1kg,Cleaning,South,206,57,74,56,220,5,Cloudy,0,218.21,Medium
2025-08-11,1,P009,Amul Butter 500g,Dairy,South,64,85,100,85,275,0,Sunny,0,275.41,Medium
2025-08-11,1,P010,Red Label Tea 500g,Beverages,South,115,75,91,70,255,5,Rainy,0,277.74,Medium
2025-08-12,1,P001,Amul Taaza Toned Milk 1L,Dairy,South,220,50,53,52,58,0,Sunny,0,53.43,Medium
2025-08-12,1,P002,Britannia Good Day 600g,Snacks,South,110,44,49,48,120,10,Stormy,0,126.69,Medium
2025-08-12,1,P003,Aashirvaad Atta 5kg,Staples,South,97,64,76,67,248,0,Rainy,0,244.79,Medium
2025-08-12,1,P004,Maggi 2-Minute Noodles,Snacks,South,124,68,82,67,48,10,Sunny,1,43.79,Medium
2025-08-12,1,P005,Tata Salt 1kg,Staples,South,141,61,61,58,22,20,Rainy,0,20.82,Medium
2025-08-12,1,P006,Coca-Cola 600ml,Beverages,South,194,93,101,92,40,10,Rainy,0,42.22,Medium
2025-08-12,1,P007,Parle-G 800g,Snacks,South,164,61,73,62,65,0,Stormy,0,70.56,Medium
2025-08-12,1,P008,Surf Excel 1kg,Cleaning,South,126,68,78,64,220,10,Sunny,1,240.62,Medium
2025-08-12,1,P009,Amul Butter 500g,Dairy,South,163,65,71,68,275,0,Stormy,0,274.4,Medium
2025-08-12,1,P010,Red Label Tea 500g,Beverages,South,167,38,54,34,255,5,Rainy,0,277.51,Medium
2025-08-13,1,P001,Amul Taaza Toned Milk 1L,Dairy,South,175,79,91,78,58,10,Stormy,0,53.7,Medium
2025-08-13,1,P002,Britannia Good Day 600g,Snacks,South,216,38,40,35,120,20,Cloudy,0,120.24,Medium
2025-08-13,1,P003,Aashirvaad Atta 5kg,Staples,South,85,59,63,56,248,0,Sunny,1,253.49,Medium
2025-08-13,1,P004,Maggi 2-Minute Noodles,Snacks,South,203,39,47,40,48,0,Cloudy,0,46.98,Medium
2025-08-13,1,P005,Tata Salt 1kg,Staples,South,156,78,83,74,22,15,Cloudy,0,22.9,Medium
2025-08-13,1,P006,Coca-Cola 600ml,Beverages,South,184,58,70,58,40,0,Rainy,0,38.96,Medium
2025-08-13,1,P007,Parle-G 800g,Snacks,South,219,64,67,66,65,15,Rainy,0,64.62,Medium
2025-08-13,1,P008,Surf Excel 1kg,Cleaning,South,258,48,66,43,220,5,Sunny,0,212.29,Medium
2025-08-13,1,P009,Amul Butter 500g,Dairy,South,156,35,47,35,275,15,Stormy,0,262.92,Medium
2025-08-13,1,P010,Red Label Tea 500g,Beverages,South,167,44,63,45,255,15,Cloudy,0,276.54,Medium
2025-08-14,1,P001,Amul Taaza Toned Milk 1L,Dairy,South,258,67,75,63,58,0,Cloudy,0,59.07,Medium
2025-08-14,1,P002,Britannia Good Day 600g,Snacks,South,54,65,81,67,120,15,Cloudy,0,111.7,Medium
2025-08-14,1,P003,Aashirvaad Atta 5kg,Staples,South,61,48,61,49,248,0,Sunny,0,223.33,Medium
2025-08-14,1,P004,Maggi 2-Minute Noodles,Snacks,South,50,67,75,71,48,0,Cloudy,0,43.74,Medium
2025-08-14,1,P005,Tata Salt 1kg,Staples,South,140,30,40,34,22,0,Sunny,0,21.88,Medium
2025-08-14,1,P006,Coca-Cola 600ml,Beverages,South,293,35,46,34,40,10,Rainy,1,43.27,Medium
2025-08-14,1,P007,Parle-G 800g,Snacks,South,175,40,40,44,65,0,Sunny,0,65.41,Medium
2025-08-14,1,P008,Surf Excel 1kg,Cleaning,South,280,61,62,57,220,5,Sunny,0,216.71,Medium
2025-08-14,1,P009,Amul Butter 500g,Dairy,South,120,29,39,31,275,20,Stormy,0,257.81,Medium
2025-08-14,1,P010,Red Label Tea 500g,Beverages,South,225,42,61,44,255,0,Cloudy,0,260.53,Medium
2025-08-15,1,P001,Amul Taaza Toned Milk 1L,Dairy,South,163,68,69,70,58,10,Sunny,0,56.33,Medium
2025-08-15,1,P002,Britannia Good Day 600g,Snacks,South,92,66,84,69,120,15,Rainy,0,108.41,Medium
2025-08-15,1,P003,Aashirvaad Atta 5kg,Staples,South,282,81,81,81,248,20,Stormy,1,234.24,Medium
2025-08-15,1,P004,Maggi 2-Minute Noodles,Snacks,South,141,59,69,63,48,0,Rainy,0,52.35,Medium
2025-08-15,1,P005,Tata Salt 1kg,Staples,South,91,76,83,75,22,0,Sunny,0,20.37,Medium
2025-08-15,1,P006,Coca-Cola 600ml,Beverages,South,73,25,30,25,40,20,Sunny,0,37.33,Medium
2025-08-15,1,P007,Parle-G 800g,Snacks,South,84,76,91,72,65,0,Stormy,0,68.49,Medium
2025-08-15,1,P008,Surf Excel 1kg,Cleaning,South,208,56,60,58,220,15,Rainy,0,212.99,Medium
2025-08-15,1,P009,Amul Butter 500g,Dairy,South,113,75,78,74,275,0,Rainy,0,259.46,Medium
2025-08-15,1,P010,Red Label Tea 500g,Beverages,South,126,81,81,81,255,20,Rainy,1,241.12,Medium
2025-08-16,1,P001,Amul Taaza Toned Milk 1L,Dairy,South,100,63,65,66,58,5,Sunny,0,58.02,Medium
2025-08-16,1,P002,Britannia Good Day 600g,Snacks,South,150,38,38,33,120,15,Rainy,1,117.5,Medium
2025-08-16,1,P003,Aashirvaad Atta 5kg,Staples,South,186,106,125,106,248,0,Stormy,0,245.68,Medium
2025-08-16,1,P004,Maggi 2-Minute Noodles,Snacks,South,77,64,66,66,48,20,Rainy,0,44.4,Medium
2025-08-16,1,P005,Tata Salt 1kg,Staples,South,183,73,87,69,22,5,Rainy,0,23.03,Medium
2025-08-16,1,P006,Coca-Cola 600ml,Beverages,South,283,79,80,81,40,0,Cloudy,0,40.32,Medium
2025-08-16,1,P007,Parle-G 800g,Snacks,South,287,113,122,113,65,5,Sunny,0,58.53,Medium
2025-08-16,1,P008,Surf Excel 1kg,Cleaning,South,116,64,80,62,220,10,Rainy,0,238.47,Medium
2025-08-16,1,P009,Amul Butter 500g,Dairy,South,128,87,88,83,275,0,Cloudy,0,294.1,Medium
2025-08-16,1,P010,Red Label Tea 500g,Beverages,South,97,36,52,39,255,0,Rainy,1,253.83,Medium
2025-08-17,1,P001,Amul Taaza Toned Milk 1L,Dairy,South,214,121,125,124,58,20,Stormy,0,53.43,Medium
2025-08-17,1,P002,Britannia Good Day 600g,Snacks,South,64,108,124,109,120,0,Stormy,1,120.12,Medium
2025-08-17,1,P003,Aashirvaad Atta 5kg,Staples,South,281,55,74,57,248,0,Sunny,1,233.06,Medium
2025-08-17,1,P004,Maggi 2-Minute Noodles,Snacks,South,242,38,48,37,48,15,Cloudy,1,46.56,Medium
2025-08-17,1,P005,Tata Salt 1kg,Staples,South,245,54,54,52,22,15,Sunny,0,19.98,Medium
2025-08-17,1,P006,Coca-Cola 600ml,Beverages,South,237,27,28,28,40,0,Cloudy,0,41.95,Medium
2025-08-17,1,P007,Parle-G 800g,Snacks,South,158,88,90,92,65,0,Stormy,1,66.35,Medium
2025-08-17,1,P008,Surf Excel 1kg,Cleaning,South,186,83,95,84,220,5,Rainy,0,214.12,Medium
2025-08-17,1,P009,Amul Butter 500g,Dairy,South,109,65,74,66,275,10,Sunny,0,301.63,Medium
2025-08-17,1,P010,Red Label Tea 500g,Beverages,South,235,104,107,100,255,15,Sunny,0,240.94,Medium
2025-08-18,1,P001,Amul Taaza Toned Milk 1L,Dairy,South,227,61,62,60,58,15,Sunny,0,53.94,Medium
2025-08-18,1,P002,Britannia Good Day 600g,Snacks,South,51,48,52,49,120,20,Sunny,0,131.87,Medium
2025-08-18,1,P003,Aashirvaad Atta 5kg,Staples,South,98,74,81,73,248,20,Sunny,0,271.65,Medium
2025-08-18,1,P004,Maggi 2-Minute Noodles,Snacks,South,289,64,64,64,48,0,Cloudy,0,48.41,Medium
2025-08-18,1,P005,Tata Salt 1kg,Staples,South,148,81,93,79,22,0,Sunny,1,21.73,Medium
2025-08-18,1,P006,Coca-Cola 600ml,Beverages,South,202,55,55,51,40,0,Rainy,0,39.95,Medium
2025-08-18,1,P007,Parle-G 800g,Snacks,South,96,72,91,74,65,0,Rainy,1,70.42,Medium
2025-08-18,1,P008,Surf Excel 1kg,Cleaning,South,191,67,70,64,220,15,Sunny,0,213.74,Medium
2025-08-18,1,P009,Amul Butter 500g,Dairy,South,130,82,100,77,275,0,Cloudy,1,278.76,Medium
2025-08-18,1,P010,Red Label Tea 500g,Beverages,South,168,52,59,55,255,0,Stormy,0,239.41,Medium
2025-08-19,1,P001,Amul Taaza Toned Milk 1L,Dairy,South,105,49,52,49,58,0,Rainy,0,56.56,Medium
2025-08-19,1,P002,Britannia Good Day 600g,Snacks,South,259,56,57,59,120,0,Cloudy,0,117.21,Medium
2025-08-19,1,P003,Aashirvaad Atta 5kg,Staples,South,154,43,53,40,248,10,Stormy,0,229.08,Medium
2025-08-19,1,P004,Maggi 2-Minute Noodles,Snacks,South,64,46,58,42,48,0,Sunny,0,43.78,Medium
2025-08-19,1,P005,Tata Salt 1kg,Staples,South,155,63,74,60,22,0,Rainy,0,23.22,Medium
2025-08-19,1,P006,Coca-Cola 600ml,Beverages,South,268,54,67,56,40,0,Rainy,0,43.99,Medium
2025-08-19,1,P007,Parle-G 800g,Snacks,South,107,27,30,31,65,10,Sunny,0,66.82,Medium
2025-08-19,1,P008,Surf Excel 1kg,Cleaning,South,200,39,39,34,220,20,Cloudy,0,214.81,Medium
2025-08-19,1,P009,Amul Butter 500g,Dairy,South,148,63,80,66,275,5,Rainy,0,272.06,Medium
2025-08-19,1,P010,Red Label Tea 500g,Beverages,South,279,85,98,85,255,10,Rainy,0,240.46,Medium
2025-08-20,1,P001,Amul Taaza Toned Milk 1L,Dairy,South,185,16,16,18,58,15,Stormy,1,57.67,Medium
2025-08-20,1,P002,Britannia Good Day 600g,Snacks,South,178,50,58,45,120,15,Rainy,1,128.98,Medium
2025-08-20,1,P003,Aashirvaad Atta 5kg,Staples,South,281,55,66,55,248,0,Rainy,0,268.66,Medium
2025-08-20,1,P004,Maggi 2-Minute Noodles,Snacks,South,262,65,77,69,48,0,Stormy,1,48.46,Medium
2025-08-20,1,P005,Tata Salt 1kg,Staples,South,138,38,45,40,22,0,Sunny,1,21.42,Medium
2025-08-20,1,P006,Coca-Cola 600ml,Beverages,South,124,82,97,78,40,0,Rainy,0,40.98,Medium
2025-08-20,1,P007,Parle-G 800g,Snacks,South,134,87,97,91,65,5,Rainy,0,60.04,Medium
2025-08-20,1,P008,Surf Excel 1kg,Cleaning,South,124,29,32,33,220,0,Stormy,0,216.54,Medium
2025-08-20,1,P009,Amul Butter 500g,Dairy,South,53,63,69,67,275,5,Cloudy,0,286.13,Medium
2025-08-20,1,P010,Red Label Tea 500g,Beverages,South,69,60,65,61,255,10,Cloudy,0,273.09,Medium
2025-08-21,1,P001,Amul Taaza Toned Milk 1L,Dairy,South,155,93,102,94,58,0,Cloudy,0,53.05,Medium
2025-08-21,1,P002,Britannia Good Day 600g,Snacks,South,78,47,53,45,120,0,Rainy,0,122.05,Medium
2025-08-21,1,P003,Aashirvaad Atta 5kg,Staples,South,143,58,61,55,248,15,Cloudy,0,225.11,Medium
2025-08-21,1,P004,Maggi 2-Minute Noodles,Snacks,South,123,74,87,72,48,20,Stormy,1,46.37,Medium
2025-08-21,1,P005,Tata Salt 1kg,Staples,South,164,22,36,26,22,20,Rainy,1,21.1,Medium
2025-08-21,1,P006,Coca-Cola 600ml,Beverages,South,144,65,69,69,40,0,Stormy,1,36.03,Medium
2025-08-21,1,P007,Parle-G 800g,Snacks,South,153,65,68,68,65,0,Rainy,0,64.67,Medium
2025-08-21,1,P008,Surf Excel 1kg,Cleaning,South,136,52,53,49,220,20,Rainy,0,198.01,Medium
2025-08-21,1,P009,Amul Butter 500g,Dairy,South,83,56,73,57,275,0,Stormy,0,299.85,Medium
2025-08-21,1,P010,Red Label Tea 500g,Beverages,South,254,45,60,41,255,0,Cloudy,0,233.51,Medium
2025-08-22,1,P001,Amul Taaza Toned Milk 1L,Dairy,South,270,98,115,102,58,5,Rainy,0,59.62,Medium
2025-08-22,1,P002,Britannia Good Day 600g,Snacks,South,172,75,82,71,120,5,Cloudy,0,129.93,Medium
2025-08-22,1,P003,Aashirvaad Atta 5kg,Staples,South,128,59,64,58,248,0,Sunny,0,254.95,Medium
2025-08-22,1,P004,Maggi 2-Minute Noodles,Snacks,South,73,94,96,95,48,15,Cloudy,0,52.68,Medium
2025-08-22,1,P005,Tata Salt 1kg,Staples,South,78,44,45,45,22,10,Stormy,0,21.13,Medium
2025-08-22,1,P006,Coca-Cola 600ml,Beverages,South,229,31,47,31,40,0,Cloudy,1,36.34,Medium
2025-08-22,1,P007,Parle-G 800g,Snacks,South,181,49,55,53,65,20,Cloudy,1,62.86,Medium
2025-08-22,1,P008,Surf Excel 1kg,Cleaning,South,193,36,37,38,220,10,Sunny,0,198.98,Medium
2025-08-22,1,P009,Amul Butter 500g,Dairy,South,231,55,72,55,275,15,Sunny,0,258.16,Medium
2025-08-22,1,P010,Red Label Tea 500g,Beverages,South,223,51,54,52,255,5,Stormy,0,271.86,Medium
2025-08-23,1,P001,Amul Taaza Toned Milk 1L,Dairy,South,76,49,61,49,58,20,Sunny,0,62.5,Medium
2025-08-23,1,P002,Britannia Good Day 600g,Snacks,South,101,67,76,70,120,20,Sunny,1,131.08,Medium
2025-08-23,1,P003,Aashirvaad Atta 5kg,Staples,South,109,58,76,53,248,0,Rainy,0,253.23,Medium
2025-08-23,1,P004,Maggi 2-Minute Noodles,Snacks,South,103,31,46,28,48,0,Rainy,0,47.23,Medium
2025-08-23,1,P005,Tata Salt 1kg,Staples,South,141,76,78,79,22,0,Rainy,0,24.0,Medium
2025-08-23,1,P006,Coca-Cola 600ml,Beverages,South,160,103,111,102,40,10,Rainy,1,36.22,Medium
2025-08-23,1,P007,Parle-G 800g,Snacks,South,248,93,99,92,65,15,Stormy,1,63.56,Medium
2025-08-23,1,P008,Surf Excel 1kg,Cleaning,South,97,45,49,49,220,15,Rainy,0,219.93,Medium
2025-08-23,1,P009,Amul Butter 500g,Dairy,South,242,39,39,34,275,15,Stormy,0,294.84,Medium
2025-08-23,1,P010,Red Label Tea 500g,Beverages,South,274,100,119,98,255,0,Sunny,0,246.51,Medium
2025-08-24,1,P001,Amul Taaza Toned Milk 1L,Dairy,South,83,53,65,52,58,0,Rainy,1,57.78,Medium
2025-08-24,1,P002,Britannia Good Day 600g,Snacks,South,118,65,80,65,120,10,Cloudy,0,110.04,Medium
2025-08-24,1,P003,Aashirvaad Atta 5kg,Staples,South,53,82,84,78,248,20,Stormy,0,242.16,Medium
2025-08-24,1,P004,Maggi 2-Minute Noodles,Snacks,South,177,78,92,77,48,20,Sunny,0,51.7,Medium
2025-08-24,1,P005,Tata Salt 1kg,Staples,South,251,65,79,61,22,0,Sunny,0,21.17,Medium
2025-08-24,1,P006,Coca-Cola 600ml,Beverages,South,171,74,90,76,40,10,Rainy,0,43.3,Medium
2025-08-24,1,P007,Parle-G 800g,Snacks,South,138,45,58,40,65,5,Sunny,0,69.25,Medium
2025-08-24,1,P008,Surf Excel 1kg,Cleaning,South,218,42,45,41,220,15,Stormy,0,212.3,Medium
2025-08-24,1,P009,Amul Butter 500g,Dairy,South,86,41,53,45,275,0,Rainy,0,294.52,Medium
2025-08-24,1,P010,Red Label Tea 500g,Beverages,South,297,120,123,121,255,20,Stormy,0,280.24,Medium
2025-08-25,1,P001,Amul Taaza Toned Milk 1L,Dairy,South,82,32,40,28,58,10,Rainy,0,52.79,Medium
2025-08-25,1,P002,Britannia Good Day 600g,Snacks,South,85,28,40,32,120,0,Sunny,0,127.5,Medium
2025-08-25,1,P003,Aashirvaad Atta 5kg,Staples,South,212,58,71,54,248,0,Rainy,0,270.09,Medium
2025-08-25,1,P004,Maggi 2-Minute Noodles,Snacks,South,266,41,57,36,48,15,Sunny,1,52.13,Medium
2025-08-25,1,P005,Tata Salt 1kg,Staples,South,62,44,55,43,22,15,Stormy,0,23.24,Medium
2025-08-25,1,P006,Coca-Cola 600ml,Beverages,South,98,33,46,34,40,5,Sunny,0,41.41,Medium
2025-08-25,1,P007,Parle-G 800g,Snacks,South,130,45,61,40,65,0,Cloudy,0,67.44,Medium
2025-08-25,1,P008,Surf Excel 1kg,Cleaning,South,171,19,20,16,220,5,Rainy,0,232.96,Medium
2025-08-25,1,P009,Amul Butter 500g,Dairy,South,233,32,32,32,275,20,Sunny,0,250.26,Medium
2025-08-25,1,P010,Red Label Tea 500g,Beverages,South,234,62,73,65,255,15,Rainy,0,242.42,Medium
2025-08-26,1,P001,Amul Taaza Toned Milk 1L,Dairy,South,142,74,93,74,58,10,Cloudy,0,62.33,Medium
2025-08-26,1,P002,Britannia Good Day 600g,Snacks,South,99,87,100,89,120,10,Sunny,1,125.21,Medium
2025-08-26,1,P003,Aashirvaad Atta 5kg,Staples,South,190,82,98,79,248,20,Rainy,0,259.9,Medium
2025-08-26,1,P004,Maggi 2-Minute Noodles,Snacks,South,277,62,80,63,48,5,Sunny,0,45.05,Medium
2025-08-26,1,P005,Tata Salt 1kg,Staples,South,231,61,65,56,22,10,Sunny,0,20.06,Medium
2025-08-26,1,P006,Coca-Cola 600ml,Beverages,South,138,66,70,70,40,5,Stormy,0,37.42,Medium
2025-08-26,1,P007,Parle-G 800g,Snacks,South,92,45,62,48,65,5,Rainy,1,66.99,Medium
2025-08-26,1,P008,Surf Excel 1kg,Cleaning,South,224,71,88,69,220,0,Stormy,0,230.08,Medium
2025-08-26,1,P009,Amul Butter 500g,Dairy,South,283,89,95,87,275,0,Sunny,0,301.4,Medium
2025-08-26,1,P010,Red Label Tea 500g,Beverages,South,192,61,62,60,255,0,Cloudy,1,241.68,Medium
2025-08-27,1,P001,Amul Taaza Toned Milk 1L,Dairy,South,61,47,48,51,58,5,Rainy,0,55.64,Medium
2025-08-27,1,P002,Britannia Good Day 600g,Snacks,South,102,18,19,13,120,10,Rainy,0,127.92,Medium
2025-08-27,1,P003,Aashirvaad Atta 5kg,Staples,South,217,65,79,69,248,15,Rainy,0,244.05,Medium
2025-08-27,1,P004,Maggi 2-Minute Noodles,Snacks,South,127,76,76,79,48,0,Stormy,1,47.36,Medium
2025-08-27,1,P005,Tata Salt 1kg,Staples,South,293,36,42,35,22,0,Cloudy,0,23.08,Medium
2025-08-27,1,P006,Coca-Cola 600ml,Beverages,South,257,74,90,75,40,0,Sunny,0,43.0,Medium
2025-08-27,1,P007,Parle-G 800g,Snacks,South,179,79,98,83,65,20,Rainy,1,59.52,Medium
2025-08-27,1,P008,Surf Excel 1kg,Cleaning,South,121,71,81,75,220,20,Sunny,0,231.0,Medium
2025-08-27,1,P009,Amul Butter 500g,Dairy,South,235,95,95,91,275,10,Stormy,0,269.01,Medium
2025-08-27,1,P010,Red Label Tea 500g,Beverages,South,212,28,34,25,255,10,Rainy,0,245.16,Medium
2025-08-28,1,P001,Amul Taaza Toned Milk 1L,Dairy,South,95,54,71,50,58,5,Cloudy,0,61.17,Medium
2025-08-28,1,P002,Britannia Good Day 600g,Snacks,South,67,73,83,75,120,10,Stormy,0,109.59,Medium
2025-08-28,1,P003,Aashirvaad Atta 5kg,Staples,South,171,86,89,85,248,20,Stormy,0,236.16,Medium
2025-08-28,1,P004,Maggi 2-Minute Noodles,Snacks,South,161,86,86,83,48,0,Cloudy,1,51.06,Medium
2025-08-28,1,P005,Tata Salt 1kg,Staples,South,165,63,75,61,22,0,Stormy,1,20.32,Medium
2025-08-28,1,P006,Coca-Cola 600ml,Beverages,South,272,75,94,76,40,20,Sunny,0,37.96,Medium
2025-08-28,1,P007,Parle-G 800g,Snacks,South,147,90,98,85,65,10,Rainy,0,67.53,Medium
2025-08-28,1,P008,Surf Excel 1kg,Cleaning,South,162,39,53,36,220,20,Cloudy,0,208.86,Medium
2025-08-28,1,P009,Amul Butter 500g,Dairy,South,92,64,73,64,275,20,Rainy,0,259.2,Medium
2025-08-28,1,P010,Red Label Tea 500g,Beverages,South,277,32,39,30,255,10,Sunny,0,249.41,Medium
2025-08-29,1,P001,Amul Taaza Toned Milk 1L,Dairy,South,144,82,98,82,58,5,Cloudy,1,52.53,Medium
2025-08-29,1,P002,Britannia Good Day 600g,Snacks,South,160,86,93,86,120,5,Cloudy,0,109.47,Medium
2025-08-29,1,P003,Aashirvaad Atta 5kg,Staples,South,297,52,56,53,248,0,Stormy,0,231.08,Medium
2025-08-29,1,P004,Maggi 2-Minute Noodles,Snacks,South,135,27,38,27,48,10,Sunny,1,48.17,Medium
2025-08-29,1,P005,Tata Salt 1kg,Staples,South,54,47,65,49,22,20,Sunny,0,24.1,Medium
2025-08-29,1,P006,Coca-Cola 600ml,Beverages,South,114,65,75,63,40,0,Rainy,1,37.09,Medium
2025-08-29,1,P007,Parle-G 800g,Snacks,South,64,29,32,29,65,20,Rainy,1,59.77,Medium
2025-08-29,1,P008,Surf Excel 1kg,Cleaning,South,207,43,54,47,220,5,Cloudy,0,228.09,Medium
2025-08-29,1,P009,Amul Butter 500g,Dairy,South,130,73,75,71,275,0,Cloudy,1,273.12,Medium
2025-08-29,1,P010,Red Label Tea 500g,Beverages,South,68,55,71,57,255,0,Rainy,0,268.44,Medium
2025-08-30,1,P001,Amul Taaza Toned Milk 1L,Dairy,South,205,39,49,41,58,0,Cloudy,1,63.57,Medium
2025-08-30,1,P002,Britannia Good Day 600g,Snacks,South,163,86,90,86,120,0,Stormy,1,131.17,Medium
2025-08-30,1,P003,Aashirvaad Atta 5kg,Staples,South,114,36,55,32,248,10,Stormy,0,250.11,Medium
2025-08-30,1,P004,Maggi 2-Minute Noodles,Snacks,South,147,97,108,99,48,0,Sunny,0,50.27,Medium
2025-08-30,1,P005,Tata Salt 1kg,Staples,South,164,111,111,114,22,0,Stormy,0,20.27,Medium
2025-08-30,1,P006,Coca-Cola 600ml,Beverages,South,113,27,30,29,40,5,Stormy,0,37.82,Medium
2025-08-30,1,P007,Parle-G 800g,Snacks,South,221,108,111,108,65,0,Cloudy,0,64.59,Medium
2025-08-30,1,P008,Surf Excel 1kg,Cleaning,South,239,111,113,113,220,5,Rainy,1,205.09,Medium
2025-08-30,1,P009,Amul Butter 500g,Dairy,South,113,41,60,41,275,10,Sunny,0,275.61,Medium
2025-08-30,1,P010,Red Label Tea 500g,Beverages,South,273,27,35,26,255,15,Sunny,1,270.93,Medium
2025-08-31,1,P001,Amul Taaza Toned Milk 1L,Dairy,South,150,41,43,44,58,0,Cloudy,1,52.91,Medium
2025-08-31,1,P002,Britannia Good Day 600g,Snacks,South,223,98,107,97,120,10,Sunny,1,125.97,Medium
2025-08-31,1,P003,Aashirvaad Atta 5kg,Staples,South,285,76,93,71,248,10,Rainy,1,247.69,Medium
2025-08-31,1,P004,Maggi 2-Minute Noodles,Snacks,South,185,52,65,51,48,15,Stormy,0,50.62,Medium
2025-08-31,1,P005,Tata Salt 1kg,Staples,South,71,25,32,26,22,5,Cloudy,0,22.22,Medium
2025-08-31,1,P006,Coca-Cola 600ml,Beverages,South,183,68,79,70,40,0,Stormy,0,41.83,Medium
2025-08-31,1,P007,Parle-G 800g,Snacks,South,237,95,108,92,65,0,Stormy,0,66.85,Medium
2025-08-31,1,P008,Surf Excel 1kg,Cleaning,South,239,95,114,94,220,0,Sunny,1,204.06,Medium
2025-08-31,1,P009,Amul Butter 500g,Dairy,South,74,55,62,58,275,5,Stormy,0,257.57,Medium
2025-08-31,1,P010,Red Label Tea 500g,Beverages,South,161,76,92,71,255,0,Stormy,0,259.94,Medium
2025-09-01,1,P001,Amul Taaza Toned Milk 1L,Dairy,South,289,15,25,15,58,15,Rainy,0,53.04,Low
2025-09-01,1,P002,Britannia Good Day 600g,Snacks,South,158,66,66,64,120,0,Sunny,1,131.81,Low
2025-09-01,1,P003,Aashirvaad Atta 5kg,Staples,South,121,84,96,80,248,20,Stormy,1,254.59,Low
2025-09-01,1,P004,Maggi 2-Minute Noodles,Snacks,South,124,31,46,31,48,5,Rainy,1,51.98,Low
2025-09-01,1,P005,Tata Salt 1kg,Staples,South,130,56,69,60,22,0,Sunny,1,22.52,Low
2025-09-01,1,P006,Coca-Cola 600ml,Beverages,South,194,64,64,68,40,5,Sunny,0,42.37,Low
2025-09-01,1,P007,Parle-G 800g,Snacks,South,216,42,55,45,65,10,Sunny,1,69.89,Low
2025-09-01,1,P008,Surf Excel 1kg,Cleaning,South,229,35,46,37,220,20,Cloudy,1,231.63,Low
2025-09-01,1,P009,Amul Butter 500g,Dairy,South,131,51,51,48,275,0,Stormy,1,295.91,Low
2025-09-01,1,P010,Red Label Tea 500g,Beverages,South,186,30,37,30,255,0,Cloudy,0,251.69,Low
2025-09-02,1,P001,Amul Taaza Toned Milk 1L,Dairy,South,275,26,29,28,58,15,Sunny,0,53.35,Low
2025-09-02,1,P002,Britannia Good Day 600g,Snacks,South,275,70,75,70,120,0,Stormy,1,129.41,Low
2025-09-02,1,P003,Aashirvaad Atta 5kg,Staples,South,163,62,79,64,248,0,Cloudy,0,264.4,Low
2025-09-02,1,P004,Maggi 2-Minute Noodles,Snacks,South,94,38,41,36,48,10,Rainy,1,49.08,Low
2025-09-02,1,P005,Tata Salt 1kg,Staples,South,216,72,78,67,22,5,Rainy,0,23.71,Low
2025-09-02,1,P006,Coca-Cola 600ml,Beverages,South,299,82,90,79,40,10,Cloudy,1,41.43,Low
2025-09-02,1,P007,Parle-G 800g,Snacks,South,148,39,42,39,65,0,Cloudy,0,67.48,Low
2025-09-02,1,P008,Surf Excel 1kg,Cleaning,South,232,69,88,64,220,0,Stormy,0,221.62,Low
2025-09-02,1,P009,Amul Butter 500g,Dairy,South,60,37,46,38,275,15,Stormy,0,252.37,Low
2025-09-02,1,P010,Red Label Tea 500g,Beverages,South,168,73,85,77,255,15,Sunny,1,239.67,Low
2025-09-03,1,P001,Amul Taaza Toned Milk 1L,Dairy,South,123,67,78,66,58,5,Rainy,1,53.05,Low
2025-09-03,1,P002,Britannia Good Day 600g,Snacks,South,293,63,72,62,120,5,Cloudy,0,118.08,Low
2025-09-03,1,P003,Aashirvaad Atta 5kg,Staples,South,79,54,70,57,248,10,Rainy,1,253.21,Low
2025-09-03,1,P004,Maggi 2-Minute Noodles,Snacks,South,52,43,47,43,48,10,Sunny,1,47.02,Low
2025-09-03,1,P005,Tata Salt 1kg,Staples,South,57,51,52,55,22,10,Sunny,0,20.61,Low
2025-09-03,1,P006,Coca-Cola 600ml,Beverages,South,58,56,60,53,40,0,Cloudy,1,39.53,Low
2025-09-03,1,P007,Parle-G 800g,Snacks,South,50,47,57,48,65,0,Stormy,1,59.97,Low
2025-09-03,1,P008,Surf Excel 1kg,Cleaning,South,129,20,23,21,220,15,Rainy,0,229.67,Low
2025-09-03,1,P009,Amul Butter 500g,Dairy,South,59,56,60,59,275,20,Sunny,0,247.74,Low
2025-09-03,1,P010,Red Label Tea 500g,Beverages,South,87,44,54,40,255,0,Sunny,0,239.84,Low
2025-09-04,1,P001,Amul Taaza Toned Milk 1L,Dairy,South,195,28,47,31,58,5,Sunny,0,62.35,Low
2025-09-04,1,P002,Britannia Good Day 600g,Snacks,South,200,63,69,61,120,0,Rainy,0,129.34,Low
2025-09-04,1,P003,Aashirvaad Atta 5kg,Staples,South,145,28,31,23,248,0,Sunny,0,254.81,Low
2025-09-04,1,P004,Maggi 2-Minute Noodles,Snacks,South,111,23,35,20,48,20,Cloudy,0,50.62,Low
2025-09-04,1,P005,Tata Salt 1kg,Staples,South,252,54,69,53,22,0,Stormy,0,21.0,Low
2025-09-04,1,P006,Coca-Cola 600ml,Beverages,South,290,38,56,36,40,5,Stormy,0,36.46,Low
2025-09-04,1,P007,Parle-G 800g,Snacks,South,60,42,46,41,65,0,Cloudy,0,67.05,Low
2025-09-04,1,P008,Surf Excel 1kg,Cleaning,South,78,24,38,23,220,5,Sunny,0,237.61,Low
2025-09-04,1,P009,Amul Butter 500g,Dairy,South,176,39,39,37,275,20,Sunny,1,265.05,Low
2025-09-04,1,P010,Red Label Tea 500g,Beverages,South,151,44,44,45,255,15,Stormy,0,231.71,Low
2025-09-05,1,P001,Amul Taaza Toned Milk 1L,Dairy,South,52,19,30,17,58,0,Sunny,1,57.82,Low
2025-09-05,1,P002,Britannia Good Day 600g,Snacks,South,56,63,81,58,120,5,Rainy,0,112.15,Low
2025-09-05,1,P003,Aashirvaad Atta 5kg,Staples,South,210,20,27,22,248,0,Stormy,0,233.62,Low
2025-09-05,1,P004,Maggi 2-Minute Noodles,Snacks,South,172,55,59,50,48,0,Stormy,0,48.73,Low
2025-09-05,1,P005,Tata Salt 1kg,Staples,South,247,43,53,45,22,5,Sunny,0,22.14,Low
2025-09-05,1,P006,Coca-Cola 600ml,Beverages,South,243,29,37,25,40,10,Stormy,0,39.17,Low
2025-09-05,1,P007,Parle-G 800g,Snacks,South,155,52,59,50,65,0,Sunny,0,66.55,Low
2025-09-05,1,P008,Surf Excel 1kg,Cleaning,South,174,34,53,30,220,15,Stormy,0,214.9,Low
2025-09-05,1,P009,Amul Butter 500g,Dairy,South,298,76,93,71,275,20,Stormy,1,255.47,Low
2025-09-05,1,P010,Red Label Tea 500g,Beverages,South,240,50,65,48,255,15,Cloudy,0,259.45,Low
2025-09-06,1,P001,Amul Taaza Toned Milk 1L,Dairy,South,93,32,45,32,58,0,Sunny,0,62.81,Low
2025-09-06,1,P002,Britannia Good Day 600g,Snacks,South,272,30,34,32,120,0,Cloudy,0,115.44,Low
2025-09-06,1,P003,Aashirvaad Atta 5kg,Staples,South,73,61,65,65,248,0,Cloudy,1,271.79,Low
2025-09-06,1,P004,Maggi 2-Minute Noodles,Snacks,South,142,87,87,83,48,0,Rainy,0,46.72,Low
2025-09-06,1,P005,Tata Salt 1kg,Staples,South,114,75,84,70,22,0,Stormy,0,20.27,Low
2025-09-06,1,P006,Coca-Cola 600ml,Beverages,South,206,25,33,29,40,0,Stormy,0,36.11,Low
2025-09-06,1,P007,Parle-G 800g,Snacks,South,280,58,71,57,65,15,Cloudy,0,62.65,Low
2025-09-06,1,P008,Surf Excel 1kg,Cleaning,South,67,23,24,27,220,10,Stormy,0,200.31,Low
2025-09-06,1,P009,Amul Butter 500g,Dairy,South,169,91,96,88,275,15,Stormy,0,280.26,Low
2025-09-06,1,P010,Red Label Tea 500g,Beverages,South,73,60,72,64,255,0,Rainy,1,266.52,Low
2025-09-07,1,P001,Amul Taaza Toned Milk 1L,Dairy,South,130,30,32,30,58,5,Rainy,1,52.39,Low
2025-09-07,1,P002,Britannia Good Day 600g,Snacks,South,208,96,107,94,120,10,Sunny,0,121.33,Low
2025-09-07,1,P003,Aashirvaad Atta 5kg,Staples,South,279,51,56,50,248,10,Sunny,0,232.11,Low
2025-09-07,1,P004,Maggi 2-Minute Noodles,Snacks,South,112,45,58,44,48,20,Cloudy,0,51.39,Low
2025-09-07,1,P005,Tata Salt 1kg,Staples,South,160,42,52,43,22,5,Sunny,1,21.49,Low
2025-09-07,1,P006,Coca-Cola 600ml,Beverages,South,243,57,64,59,40,0,Cloudy,0,37.03,Low
2025-09-07,1,P007,Parle-G 800g,Snacks,South,232,21,34,20,65,20,Rainy,0,70.19,Low
2025-09-07,1,P008,Surf Excel 1kg,Cleaning,South,220,66,67,67,220,0,Cloudy,0,238.24,Low
2025-09-07,1,P009,Amul Butter 500g,Dairy,South,109,64,72,61,275,0,Cloudy,1,260.22,Low
2025-09-07,1,P010,Red Label Tea 500g,Beverages,South,63,44,56,43,255,0,Stormy,0,245.99,Low
2025-09-08,1,P001,Amul Taaza Toned Milk 1L,Dairy,South,150,57,63,53,58,0,Stormy,1,56.76,Low
2025-09-08,1,P002,Britannia Good Day 600g,Snacks,South,78,35,44,36,120,15,Rainy,0,121.91,Low
2025-09-08,1,P003,Aashirvaad Atta 5kg,Staples,South,106,45,53,46,248,5,Stormy,1,266.24,Low
2025-09-08,1,P004,Maggi 2-Minute Noodles,Snacks,South,118,44,58,46,48,10,Sunny,0,47.71,Low
2025-09-08,1,P005,Tata Salt 1kg,Staples,South,291,52,61,50,22,0,Rainy,0,21.36,Low
2025-09-08,1,P006,Coca-Cola 600ml,Beverages,South,213,34,46,32,40,5,Stormy,0,42.43,Low
2025-09-08,1,P007,Parle-G 800g,Snacks,South,169,84,100,87,65,20,Stormy,1,64.05,Low
2025-09-08,1,P008,Surf Excel 1kg,Cleaning,South,127,52,59,56,220,15,Rainy,0,241.85,Low
2025-09-08,1,P009,Amul Butter 500g,Dairy,South,213,53,58,51,275,15,Sunny,0,287.33,Low
2025-09-08,1,P010,Red Label Tea 500g,Beverages,South,252,46,56,48,255,20,Sunny,0,264.32,Low
2025-09-09,1,P001,Amul Taaza Toned Milk 1L,Dairy,South,135,68,84,70,58,0,Stormy,0,57.44,Low
2025-09-09,1,P002,Britannia Good Day 600g,Snacks,South,186,35,38,32,120,0,Sunny,1,109.16,Low
2025-09-09,1,P003,Aashirvaad Atta 5kg,Staples,South,213,45,57,48,248,20,Stormy,0,240.84,Low
2025-09-09,1,P004,Maggi 2-Minute Noodles,Snacks,South,289,47,52,47,48,15,Rainy,0,44.77,Low
2025-09-09,1,P005,Tata Salt 1kg,Staples,South,198,44,58,45,22,20,Rainy,0,22.91,Low
2025-09-09,1,P006,Coca-Cola 600ml,Beverages,South,271,35,54,39,40,0,Sunny,0,42.43,Low
2025-09-09,1,P007,Parle-G 800g,Snacks,South,225,60,61,61,65,20,Sunny,0,61.67,Low
2025-09-09,1,P008,Surf Excel 1kg,Cleaning,South,143,68,71,63,220,10,Sunny,1,205.21,Low
2025-09-09,1,P009,Amul Butter 500g,Dairy,South,239,42,44,41,275,15,Sunny,1,279.98,Low
2025-09-09,1,P010,Red Label Tea 500g,Beverages,South,134,37,40,37,255,0,Stormy,1,253.31,Low
2025-09-10,1,P001,Amul Taaza Toned Milk 1L,Dairy,South,278,39,53,39,58,0,Cloudy,1,52.96,Low
2025-09-10,1,P002,Britannia Good Day 600g,Snacks,South,191,27,39,31,120,0,Rainy,0,130.26,Low
2025-09-10,1,P003,Aashirvaad Atta 5kg,Staples,South,273,32,43,28,248,10,Stormy,1,252.16,Low
2025-09-10,1,P004,Maggi 2-Minute Noodles,Snacks,South,270,46,50,43,48,20,Stormy,1,50.94,Low
2025-09-10,1,P005,Tata Salt 1kg,Staples,South,160,37,56,38,22,20,Stormy,0,19.99,Low
2025-09-10,1,P006,Coca-Cola 600ml,Beverages,South,227,75,83,70,40,15,Cloudy,0,43.8,Low
2025-09-10,1,P007,Parle-G 800g,Snacks,South,135,55,60,58,65,15,Stormy,0,62.3,Low
2025-09-10,1,P008,Surf Excel 1kg,Cleaning,South,180,20,32,20,220,20,Stormy,0,235.7,Low
2025-09-10,1,P009,Amul Butter 500g,Dairy,South,104,73,89,76,275,0,Cloudy,0,282.18,Low
2025-09-10,1,P010,Red Label Tea 500g,Beverages,South,296,62,62,60,255,15,Sunny,0,263.41,Low
2025-09-11,1,P001,Amul Taaza Toned Milk 1L,Dairy,South,166,53,57,51,58,10,Cloudy,0,57.12,Low
2025-09-11,1,P002,Britannia Good Day 600g,Snacks,South,201,27,39,24,120,5,Stormy,0,129.81,Low
2025-09-11,1,P003,Aashirvaad Atta 5kg,Staples,South,89,65,74,64,248,0,Sunny,0,232.8,Low
2025-09-11,1,P004,Maggi 2-Minute Noodles,Snacks,South,258,64,70,60,48,0,Rainy,0,51.52,Low
2025-09-11,1,P005,Tata Salt 1kg,Staples,South,136,58,74,55,22,10,Stormy,0,22.86,Low
2025-09-11,1,P006,Coca-Cola 600ml,Beverages,South,97,31,46,32,40,0,Rainy,0,38.93,Low
2025-09-11,1,P007,Parle-G 800g,Snacks,South,237,41,46,45,65,15,Rainy,0,71.46,Low
2025-09-11,1,P008,Surf Excel 1kg,Cleaning,South,217,40,43,40,220,20,Rainy,1,235.86,Low
2025-09-11,1,P009,Amul Butter 500g,Dairy,South,86,50,52,50,275,15,Sunny,1,280.35,Low
2025-09-11,1,P010,Red Label Tea 500g,Beverages,South,258,49,62,46,255,20,Rainy,0,234.11,Low
2025-09-12,1,P001,Amul Taaza Toned Milk 1L,Dairy,South,201,46,56,48,58,20,Stormy,0,60.61,Low
2025-09-12,1,P002,Britannia Good Day 600g,Snacks,South,123,23,39,26,120,0,Cloudy,0,127.69,Low
2025-09-12,1,P003,Aashirvaad Atta 5kg,Staples,South,50,55,71,50,248,10,Sunny,0,241.56,Low
2025-09-12,1,P004,Maggi 2-Minute Noodles,Snacks,South,158,39,49,39,48,0,Cloudy,0,47.04,Low
2025-09-12,1,P005,Tata Salt 1kg,Staples,South,58,46,53,42,22,15,Rainy,0,19.85,Low
2025-09-12,1,P006,Coca-Cola 600ml,Beverages,South,239,30,49,34,40,15,Stormy,0,38.5,Low
2025-09-12,1,P007,Parle-G 800g,Snacks,South,143,54,73,57,65,0,Stormy,0,58.87,Low
2025-09-12,1,P008,Surf Excel 1kg,Cleaning,South,172,39,41,34,220,0,Cloudy,1,218.46,Low
2025-09-12,1,P009,Amul Butter 500g,Dairy,South,261,59,68,54,275,0,Sunny,0,255.68,Low
2025-09-12,1,P010,Red Label Tea 500g,Beverages,South,137,38,49,39,255,5,Sunny,0,275.5,Low
2025-09-13,1,P001,Amul Taaza Toned Milk 1L,Dairy,South,170,26,39,24,58,20,Stormy,0,58.0,Low
2025-09-13,1,P002,Britannia Good Day 600g,Snacks,South,104,38,45,39,120,0,Stormy,0,130.72,Low
2025-09-13,1,P003,Aashirvaad Atta 5kg,Staples,South,123,94,100,91,248,0,Rainy,0,245.92,Low
2025-09-13,1,P004,Maggi 2-Minute Noodles,Snacks,South,85,56,56,55,48,0,Rainy,1,51.63,Low
2025-09-13,1,P005,Tata Salt 1kg,Staples,South,287,35,39,34,22,0,Cloudy,0,23.52,Low
2025-09-13,1,P006,Coca-Cola 600ml,Beverages,South,145,65,84,64,40,15,Stormy,0,38.75,Low
2025-09-13,1,P007,Parle-G 800g,Snacks,South,187,45,48,46,65,10,Stormy,0,62.7,Low
2025-09-13,1,P008,Surf Excel 1kg,Cleaning,South,249,62,65,58,220,0,Cloudy,0,238.98,Low
2025-09-13,1,P009,Amul Butter 500g,Dairy,South,118,79,94,82,275,10,Stormy,0,284.17,Low
2025-09-13,1,P010,Red Label Tea 500g,Beverages,South,53,84,100,80,255,0,Cloudy,0,247.03,Low
2025-09-14,1,P001,Amul Taaza Toned Milk 1L,Dairy,South,236,71,76,66,58,5,Rainy,0,53.77,Low
2025-09-14,1,P002,Britannia Good Day 600g,Snacks,South,148,84,89,85,120,10,Sunny,0,123.47,Low
2025-09-14,1,P003,Aashirvaad Atta 5kg,Staples,South,153,21,21,24,248,0,Cloudy,0,237.46,Low
2025-09-14,1,P004,Maggi 2-Minute Noodles,Snacks,South,249,58,62,53,48,0,Cloudy,1,44.53,Low
2025-09-14,1,P005,Tata Salt 1kg,Staples,South,120,83,100,83,22,0,Sunny,0,20.1,Low
2025-09-14,1,P006,Coca-Cola 600ml,Beverages,South,86,89,95,84,40,20,Sunny,0,40.08,Low
2025-09-14,1,P007,Parle-G 800g,Snacks,South,207,77,89,81,65,15,Sunny,0,71.39,Low
2025-09-14,1,P008,Surf Excel 1kg,Cleaning,South,247,104,105,108,220,10,Stormy,0,208.92,Low
2025-09-14,1,P009,Amul Butter 500g,Dairy,South,184,80,97,80,275,15,Stormy,1,259.06,Low
2025-09-14,1,P010,Red Label Tea 500g,Beverages,South,265,77,86,78,255,15,Cloudy,0,247.72,Low
2025-09-15,1,P001,Amul Taaza Toned Milk 1L,Dairy,South,244,32,32,34,58,0,Sunny,1,62.77,Low
2025-09-15,1,P002,Britannia Good Day 600g,Snacks,South,194,79,87,76,120,0,Sunny,1,124.78,Low
2025-09-15,1,P003,Aashirvaad Atta 5kg,Staples,South,299,28,44,31,248,5,Rainy,0,243.66,Low
2025-09-15,1,P004,Maggi 2-Minute Noodles,Snacks,South,108,73,90,74,48,20,Stormy,0,48.76,Low
2025-09-15,1,P005,Tata Salt 1kg,Staples,South,185,33,36,37,22,20,Sunny,1,19.81,Low
2025-09-15,1,P006,Coca-Cola 600ml,Beverages,South,190,38,42,42,40,10,Cloudy,1,43.02,Low
2025-09-15,1,P007,Parle-G 800g,Snacks,South,288,50,68,50,65,0,Rainy,0,69.4,Low
2025-09-15,1,P008,Surf Excel 1kg,Cleaning,South,164,52,67,50,220,0,Sunny,1,238.93,Low
2025-09-15,1,P009,Amul Butter 500g,Dairy,South,233,85,95,80,275,15,Sunny,0,252.55,Low
2025-09-15,1,P010,Red Label Tea 500g,Beverages,South,78,43,46,47,255,0,Stormy,0,264.35,Low
2025-09-16,1,P001,Amul Taaza Toned Milk 1L,Dairy,South,123,51,62,47,58,0,Cloudy,0,52.5,Low
2025-09-16,1,P002,Britannia Good Day 600g,Snacks,South,139,52,71,49,120,0,Stormy,0,120.44,Low
2025-09-16,1,P003,Aashirvaad Atta 5kg,Staples,South,87,53,68,51,248,0,Sunny,0,255.56,Low
2025-09-16,1,P004,Maggi 2-Minute Noodles,Snacks,South,82,68,78,69,48,15,Stormy,0,48.81,Low
2025-09-16,1,P005,Tata Salt 1kg,Staples,South,132,20,34,22,22,0,Rainy,1,21.49,Low
2025-09-16,1,P006,Coca-Cola 600ml,Beverages,South,296,49,53,53,40,0,Sunny,0,39.51,Low
2025-09-16,1,P007,Parle-G 800g,Snacks,South,168,44,53,48,65,0,Sunny,0,66.73,Low
2025-09-16,1,P008,Surf Excel 1kg,Cleaning,South,154,27,30,28,220,10,Rainy,0,223.69,Low
2025-09-16,1,P009,Amul Butter 500g,Dairy,South,264,33,36,35,275,0,Cloudy,0,262.5,Low
2025-09-16,1,P010,Red Label Tea 500g,Beverages,South,262,26,26,23,255,5,Cloudy,0,269.99,Low
2025-09-17,1,P001,Amul Taaza Toned Milk 1L,Dairy,South,65,54,54,51,58,20,Cloudy,0,59.52,Low
2025-09-17,1,P002,Britannia Good Day 600g,Snacks,South,87,82,97,77,120,0,Cloudy,0,109.56,Low
2025-09-17,1,P003,Aashirvaad Atta 5kg,Staples,South,160,64,79,60,248,5,Stormy,0,227.33,Low
2025-09-17,1,P004,Maggi 2-Minute Noodles,Snacks,South,233,60,74,58,48,0,Rainy,0,43.83,Low
2025-09-17,1,P005,Tata Salt 1kg,Staples,South,145,33,49,35,22,0,Cloudy,0,19.88,Low
2025-09-17,1,P006,Coca-Cola 600ml,Beverages,South,208,50,67,51,40,15,Stormy,0,36.34,Low
2025-09-17,1,P007,Parle-G 800g,Snacks,South,70,24,24,20,65,0,Cloudy,0,60.29,Low
2025-09-17,1,P008,Surf Excel 1kg,Cleaning,South,224,40,44,42,220,0,Cloudy,1,208.93,Low
2025-09-17,1,P009,Amul Butter 500g,Dairy,South,169,30,32,32,275,5,Cloudy,0,251.95,Low
2025-09-17,1,P010,Red Label Tea 500g,Beverages,South,281,60,69,62,255,0,Sunny,0,266.35,Low
2025-09-18,1,P001,Amul Taaza Toned Milk 1L,Dairy,South,206,68,86,68,58,20,Cloudy,0,58.83,Low
2025-09-18,1,P002,Britannia Good Day 600g,Snacks,South,116,64,81,59,120,0,Sunny,0,125.69,Low
2025-09-18,1,P003,Aashirvaad Atta 5kg,Staples,South,292,66,78,66,248,10,Stormy,0,229.52,Low
2025-09-18,1,P004,Maggi 2-Minute Noodles,Snacks,South,214,56,67,52,48,0,Sunny,0,46.07,Low
2025-09-18,1,P005,Tata Salt 1kg,Staples,South,98,24,31,20,22,5,Rainy,1,22.98,Low
2025-09-18,1,P006,Coca-Cola 600ml,Beverages,South,210,72,88,74,40,0,Sunny,1,36.25,Low
2025-09-18,1,P007,Parle-G 800g,Snacks,South,277,74,80,75,65,5,Cloudy,0,64.23,Low
2025-09-18,1,P008,Surf Excel 1kg,Cleaning,South,200,73,79,69,220,0,Stormy,1,216.42,Low
2025-09-18,1,P009,Amul Butter 500g,Dairy,South,104,55,59,55,275,5,Stormy,1,250.62,Low
2025-09-18,1,P010,Red Label Tea 500g,Beverages,South,61,31,44,26,255,15,Rainy,1,247.91,Low
2025-09-19,1,P001,Amul Taaza Toned Milk 1L,Dairy,South,159,71,76,68,58,5,Cloudy,0,57.8,Low
2025-09-19,1,P002,Britannia Good Day 600g,Snacks,South,125,52,68,51,120,20,Rainy,0,117.17,Low
2025-09-19,1,P003,Aashirvaad Atta 5kg,Staples,South,273,58,68,53,248,0,Stormy,0,225.05,Low
2025-09-19,1,P004,Maggi 2-Minute Noodles,Snacks,South,239,63,70,67,48,10,Sunny,0,52.56,Low
2025-09-19,1,P005,Tata Salt 1kg,Staples,South,244,45,54,47,22,0,Stormy,0,24.06,Low
2025-09-19,1,P006,Coca-Cola 600ml,Beverages,South,228,49,67,48,40,20,Rainy,1,38.16,Low
2025-09-19,1,P007,Parle-G 800g,Snacks,South,197,31,40,35,65,15,Sunny,1,65.42,Low
2025-09-19,1,P008,Surf Excel 1kg,Cleaning,South,140,23,31,20,220,0,Sunny,1,226.07,Low
2025-09-19,1,P009,Amul Butter 500g,Dairy,South,113,32,36,28,275,10,Sunny,0,265.46,Low
2025-09-19,1,P010,Red Label Tea 500g,Beverages,South,142,43,55,44,255,0,Rainy,0,256.6,Low
2025-09-20,1,P001,Amul Taaza Toned Milk 1L,Dairy,South,298,94,106,94,58,0,Rainy,0,53.07,Low
2025-09-20,1,P002,Britannia Good Day 600g,Snacks,South,203,50,52,54,120,5,Rainy,0,114.27,Low
2025-09-20,1,P003,Aashirvaad Atta 5kg,Staples,South,255,45,55,41,248,5,Rainy,0,248.78,Low
2025-09-20,1,P004,Maggi 2-Minute Noodles,Snacks,South,94,88,107,83,48,20,Rainy,1,49.36,Low
2025-09-20,1,P005,Tata Salt 1kg,Staples,South,275,82,92,84,22,10,Sunny,0,21.08,Low
2025-09-20,1,P006,Coca-Cola 600ml,Beverages,South,157,62,66,61,40,20,Cloudy,0,40.92,Low
2025-09-20,1,P007,Parle-G 800g,Snacks,South,78,53,62,50,65,10,Sunny,1,69.19,Low
2025-09-20,1,P008,Surf Excel 1kg,Cleaning,South,264,32,48,27,220,0,Rainy,1,226.71,Low
2025-09-20,1,P009,Amul Butter 500g,Dairy,South,241,34,40,34,275,5,Cloudy,0,287.29,Low
2025-09-20,1,P010,Red Label Tea 500g,Beverages,South,230,30,33,32,255,15,Stormy,1,260.72,Low
2025-09-21,1,P001,Amul Taaza Toned Milk 1L,Dairy,South,140,25,37,25,58,0,Rainy,0,58.84,Low
2025-09-21,1,P002,Britannia Good Day 600g,Snacks,South,177,26,31,28,120,0,Rainy,0,131.44,Low
2025-09-21,1,P003,Aashirvaad Atta 5kg,Staples,South,289,35,47,30,248,10,Rainy,0,256.73,Low
2025-09-21,1,P004,Maggi 2-Minute Noodles,Snacks,South,219,40,52,41,48,0,Cloudy,0,50.85,Low
2025-09-21,1,P005,Tata Salt 1kg,Staples,South,232,46,49,41,22,20,Cloudy,0,20.43,Low
2025-09-21,1,P006,Coca-Cola 600ml,Beverages,South,89,57,64,56,40,20,Cloudy,0,38.69,Low
2025-09-21,1,P007,Parle-G 800g,Snacks,South,198,41,49,39,65,0,Sunny,1,68.87,Low
2025-09-21,1,P008,Surf Excel 1kg,Cleaning,South,77,48,60,51,220,15,Rainy,1,223.5,Low
2025-09-21,1,P009,Amul Butter 500g,Dairy,South,206,101,103,102,275,15,Sunny,0,280.51,Low
2025-09-21,1,P010,Red Label Tea 500g,Beverages,South,140,51,69,47,255,0,Rainy,1,238.36,Low
2025-09-22,1,P001,Amul Taaza Toned Milk 1L,Dairy,South,270,26,30,24,58,15,Sunny,1,57.83,Low
2025-09-22,1,P002,Britannia Good Day 600g,Snacks,South,142,43,51,47,120,0,Cloudy,0,109.6,Low
2025-09-22,1,P003,Aashirvaad Atta 5kg,Staples,South,145,45,46,45,248,20,Rainy,0,246.72,Low
2025-09-22,1,P004,Maggi 2-Minute Noodles,Snacks,South,294,46,48,42,48,15,Sunny,0,44.62,Low
2025-09-22,1,P005,Tata Salt 1kg,Staples,South,288,12,16,9,22,0,Rainy,0,22.62,Low
2025-09-22,1,P006,Coca-Cola 600ml,Beverages,South,298,43,50,41,40,5,Sunny,0,39.25,Low
2025-09-22,1,P007,Parle-G 800g,Snacks,South,283,20,28,21,65,0,Cloudy,1,59.86,Low
2025-09-22,1,P008,Surf Excel 1kg,Cleaning,South,225,36,41,38,220,0,Rainy,0,223.58,Low
2025-09-22,1,P009,Amul Butter 500g,Dairy,South,182,31,50,29,275,10,Rainy,0,293.25,Low
2025-09-22,1,P010,Red Label Tea 500g,Beverages,South,265,56,62,58,255,5,Rainy,0,264.76,Low
2025-09-23,1,P001,Amul Taaza Toned Milk 1L,Dairy,South,56,55,60,51,58,10,Sunny,0,59.59,Low
2025-09-23,1,P002,Britannia Good Day 600g,Snacks,South,181,31,43,34,120,0,Sunny,0,119.03,Low
2025-09-23,1,P003,Aashirvaad Atta 5kg,Staples,South,214,71,90,72,248,5,Sunny,0,229.32,Low
2025-09-23,1,P004,Maggi 2-Minute Noodles,Snacks,South,181,61,77,59,48,0,Cloudy,0,51.19,Low
2025-09-23,1,P005,Tata Salt 1kg,Staples,South,154,54,64,55,22,5,Sunny,1,23.2,Low
2025-09-23,1,P006,Coca-Cola 600ml,Beverages,South,215,59,76,59,40,10,Rainy,1,40.07,Low
2025-09-23,1,P007,Parle-G 800g,Snacks,South,292,44,49,42,65,0,Cloudy,0,66.93,Low
2025-09-23,1,P008,Surf Excel 1kg,Cleaning,South,128,29,34,31,220,15,Rainy,0,241.71,Low
2025-09-23,1,P009,Amul Butter 500g,Dairy,South,112,47,63,44,275,10,Cloudy,1,252.73,Low
2025-09-23,1,P010,Red Label Tea 500g,Beverages,South,219,21,22,22,255,0,Stormy,1,264.97,Low
2025-09-24,1,P001,Amul Taaza Toned Milk 1L,Dairy,South,285,63,65,64,58,0,Cloudy,0,55.61,Low
2025-09-24,1,P002,Britannia Good Day 600g,Snacks,South,199,18,28,15,120,5,Rainy,0,122.56,Low
2025-09-24,1,P003,Aashirvaad Atta 5kg,Staples,South,288,35,52,37,248,5,Rainy,0,247.8,Low
2025-09-24,1,P004,Maggi 2-Minute Noodles,Snacks,South,200,67,79,68,48,0,Stormy,0,50.38,Low
2025-09-24,1,P005,Tata Salt 1kg,Staples,South,245,54,61,51,22,15,Stormy,0,21.22,Low
2025-09-24,1,P006,Coca-Cola 600ml,Beverages,South,70,47,66,50,40,5,Rainy,0,42.02,Low
2025-09-24,1,P007,Parle-G 800g,Snacks,South,249,62,72,57,65,0,Sunny,1,65.46,Low
2025-09-24,1,P008,Surf Excel 1kg,Cleaning,South,187,20,23,21,220,0,Rainy,0,217.65,Low
2025-09-24,1,P009,Amul Butter 500g,Dairy,South,277,40,45,40,275,0,Cloudy,1,278.3,Low
2025-09-24,1,P010,Red Label Tea 500g,Beverages,South,291,34,48,35,255,0,Sunny,0,246.75,Low
2025-09-25,1,P001,Amul Taaza Toned Milk 1L,Dairy,South,159,18,34,15,58,0,Cloudy,0,54.76,Low
2025-09-25,1,P002,Britannia Good Day 600g,Snacks,South,219,72,75,67,120,5,Stormy,0,108.2,Low
2025-09-25,1,P003,Aashirvaad Atta 5kg,Staples,South,76,74,88,71,248,0,Stormy,1,265.63,Low
2025-09-25,1,P004,Maggi 2-Minute Noodles,Snacks,South,195,46,53,42,48,0,Stormy,0,50.52,Low
2025-09-25,1,P005,Tata Salt 1kg,Staples,South,196,54,60,55,22,0,Stormy,1,21.21,Low
2025-09-25,1,P006,Coca-Cola 600ml,Beverages,South,208,35,54,38,40,15,Sunny,0,40.56,Low
2025-09-25,1,P007,Parle-G 800g,Snacks,South,73,32,51,29,65,0,Sunny,0,70.38,Low
2025-09-25,1,P008,Surf Excel 1kg,Cleaning,South,158,80,92,80,220,0,Stormy,0,204.26,Low
2025-09-25,1,P009,Amul Butter 500g,Dairy,South,225,49,68,49,275,5,Rainy,0,262.43,Low
2025-09-25,1,P010,Red Label Tea 500g,Beverages,South,68,48,65,50,255,15,Stormy,0,255.68,Low
2025-09-26,1,P001,Amul Taaza Toned Milk 1L,Dairy,South,251,63,80,61,58,20,Rainy,0,61.43,Low
2025-09-26,1,P002,Britannia Good Day 600g,Snacks,South,226,69,81,72,120,0,Rainy,1,130.97,Low
2025-09-26,1,P003,Aashirvaad Atta 5kg,Staples,South,83,40,43,41,248,0,Sunny,0,265.31,Low
2025-09-26,1,P004,Maggi 2-Minute Noodles,Snacks,South,263,12,28,9,48,5,Sunny,1,43.79,Low
2025-09-26,1,P005,Tata Salt 1kg,Staples,South,63,45,63,49,22,20,Cloudy,0,21.39,Low
2025-09-26,1,P006,Coca-Cola 600ml,Beverages,South,81,48,56,44,40,0,Cloudy,0,38.99,Low
2025-09-26,1,P007,Parle-G 800g,Snacks,South,251,69,73,72,65,15,Sunny,0,61.54,Low
2025-09-26,1,P008,Surf Excel 1kg,Cleaning,South,204,23,27,20,220,15,Sunny,1,240.64,Low
2025-09-26,1,P009,Amul Butter 500g,Dairy,South,158,21,34,24,275,0,Stormy,0,263.69,Low
2025-09-26,1,P010,Red Label Tea 500g,Beverages,South,239,56,74,54,255,0,Stormy,0,266.26,Low
2025-09-27,1,P001,Amul Taaza Toned Milk 1L,Dairy,South,258,26,39,23,58,5,Stormy,1,52.29,Low
2025-09-27,1,P002,Britannia Good Day 600g,Snacks,South,265,79,92,83,120,15,Stormy,0,109.49,Low
2025-09-27,1,P003,Aashirvaad Atta 5kg,Staples,South,232,82,87,85,248,0,Stormy,1,237.29,Low
2025-09-27,1,P004,Maggi 2-Minute Noodles,Snacks,South,255,90,102,93,48,20,Sunny,0,46.58,Low
2025-09-27,1,P005,Tata Salt 1kg,Staples,South,81,84,88,87,22,0,Cloudy,0,20.67,Low
2025-09-27,1,P006,Coca-Cola 600ml,Beverages,South,148,35,51,31,40,0,Stormy,0,39.76,Low
2025-09-27,1,P007,Parle-G 800g,Snacks,South,118,42,47,39,65,0,Cloudy,0,65.84,Low
2025-09-27,1,P008,Surf Excel 1kg,Cleaning,South,63,48,64,51,220,20,Sunny,0,200.47,Low
2025-09-27,1,P009,Amul Butter 500g,Dairy,South,210,61,73,61,275,20,Stormy,1,269.16,Low
2025-09-27,1,P010,Red Label Tea 500g,Beverages,South,192,26,26,29,255,0,Rainy,0,272.7,Low
2025-09-28,1,P001,Amul Taaza Toned Milk 1L,Dairy,South,297,65,75,64,58,0,Rainy,0,56.98,Low
2025-09-28,1,P002,Britannia Good Day 600g,Snacks,South,196,61,69,65,120,20,Stormy,0,120.03,Low
2025-09-28,1,P003,Aashirvaad Atta 5kg,Staples,South,268,89,106,93,248,10,Sunny,0,237.7,Low
2025-09-28,1,P004,Maggi 2-Minute Noodles,Snacks,South,146,59,69,54,48,10,Stormy,1,50.96,Low
2025-09-28,1,P005,Tata Salt 1kg,Staples,South,203,68,83,64,22,0,Stormy,1,21.04,Low
2025-09-28,1,P006,Coca-Cola 600ml,Beverages,South,263,40,52,43,40,0,Stormy,0,41.9,Low
2025-09-28,1,P007,Parle-G 800g,Snacks,South,170,40,51,44,65,5,Rainy,0,60.55,Low
2025-09-28,1,P008,Surf Excel 1kg,Cleaning,South,123,79,86,77,220,0,Rainy,1,207.04,Low
2025-09-28,1,P009,Amul Butter 500g,Dairy,South,109,41,51,39,275,20,Rainy,0,287.27,Low
2025-09-28,1,P010,Red Label Tea 500g,Beverages,South,87,34,47,31,255,15,Sunny,0,229.53,Low
2025-09-29,1,P001,Amul Taaza Toned Milk 1L,Dairy,South,94,47,58,47,58,15,Sunny,1,55.54,Low
2025-09-29,1,P002,Britannia Good Day 600g,Snacks,South,216,75,87,71,120,0,Stormy,0,124.07,Low
2025-09-29,1,P003,Aashirvaad Atta 5kg,Staples,South,101,69,73,65,248,5,Rainy,0,243.07,Low
2025-09-29,1,P004,Maggi 2-Minute Noodles,Snacks,South,142,71,75,69,48,0,Rainy,0,50.88,Low
2025-09-29,1,P005,Tata Salt 1kg,Staples,South,167,59,59,59,22,15,Sunny,0,22.67,Low
2025-09-29,1,P006,Coca-Cola 600ml,Beverages,South,131,46,51,45,40,0,Cloudy,0,43.92,Low
2025-09-29,1,P007,Parle-G 800g,Snacks,South,70,34,37,30,65,10,Sunny,0,70.96,Low
2025-09-29,1,P008,Surf Excel 1kg,Cleaning,South,217,49,60,45,220,0,Cloudy,1,234.65,Low
2025-09-29,1,P009,Amul Butter 500g,Dairy,South,121,73,80,71,275,20,Rainy,0,248.9,Low
2025-09-29,1,P010,Red Label Tea 500g,Beverages,South,265,42,44,38,255,10,Sunny,0,239.31,Low
2025-09-30,1,P001,Amul Taaza Toned Milk 1L,Dairy,South,287,45,60,43,58,0,Stormy,1,54.11,Low
2025-09-30,1,P002,Britannia Good Day 600g,Snacks,South,203,35,46,34,120,10,Rainy,1,118.36,Low
2025-09-30,1,P003,Aashirvaad Atta 5kg,Staples,South,227,50,61,49,248,5,Rainy,0,257.5,Low
2025-09-30,1,P004,Maggi 2-Minute Noodles,Snacks,South,182,33,35,33,48,0,Cloudy,0,46.48,Low
2025-09-30,1,P005,Tata Salt 1kg,Staples,South,244,19,28,18,22,0,Cloudy,1,23.86,Low
2025-09-30,1,P006,Coca-Cola 600ml,Beverages,South,54,33,49,36,40,10,Sunny,0,37.55,Low
2025-09-30,1,P007,Parle-G 800g,Snacks,South,255,49,64,48,65,0,Stormy,1,70.63,Low
2025-09-30,1,P008,Surf Excel 1kg,Cleaning,South,188,59,73,58,220,0,Rainy,0,201.04,Low
2025-09-30,1,P009,Amul Butter 500g,Dairy,South,245,66,80,63,275,5,Stormy,0,296.8,Low
2025-09-30,1,P010,Red Label Tea 500g,Beverages,South,285,74,83,78,255,0,Cloudy,0,253.89,Low
2025-10-01,1,P001,Amul Taaza Toned Milk 1L,Dairy,South,258,51,51,53,58,20,Rainy,0,58.15,High
2025-10-01,1,P002,Britannia Good Day 600g,Snacks,South,245,22,41,17,120,10,Sunny,0,115.46,High
2025-10-01,1,P003,Aashirvaad Atta 5kg,Staples,South,79,53,66,50,248,0,Sunny,0,271.49,High
2025-10-01,1,P004,Maggi 2-Minute Noodles,Snacks,South,275,101,120,97,48,0,Stormy,0,46.56,High
2025-10-01,1,P005,Tata Salt 1kg,Staples,South,242,79,94,83,22,0,Sunny,0,20.4,High
2025-10-01,1,P006,Coca-Cola 600ml,Beverages,South,213,66,67,63,40,5,Sunny,1,42.1,High
2025-10-01,1,P007,Parle-G 800g,Snacks,South,192,105,106,107,65,0,Sunny,0,68.34,High
2025-10-01,1,P008,Surf Excel 1kg,Cleaning,South,137,62,78,63,220,20,Stormy,0,205.85,High
2025-10-01,1,P009,Amul Butter 500g,Dairy,South,206,59,70,57,275,10,Sunny,0,268.18,High
2025-10-01,1,P010,Red Label Tea 500g,Beverages,South,157,36,43,37,255,20,Rainy,0,279.44,High
2025-10-02,1,P001,Amul Taaza Toned Milk 1L,Dairy,South,288,81,98,85,58,15,Cloudy,0,60.15,High
2025-10-02,1,P002,Britannia Good Day 600g,Snacks,South,132,56,71,51,120,5,Sunny,0,121.82,High
2025-10-02,1,P003,Aashirvaad Atta 5kg,Staples,South,156,102,104,98,248,0,Cloudy,0,242.87,High
2025-10-02,1,P004,Maggi 2-Minute Noodles,Snacks,South,98,40,40,35,48,5,Cloudy,0,43.4,High
2025-10-02,1,P005,Tata Salt 1kg,Staples,South,197,116,129,120,22,20,Sunny,0,23.11,High
2025-10-02,1,P006,Coca-Cola 600ml,Beverages,South,268,105,107,104,40,0,Rainy,1,43.56,High
2025-10-02,1,P007,Parle-G 800g,Snacks,South,241,81,91,84,65,15,Rainy,0,59.77,High
2025-10-02,1,P008,Surf Excel 1kg,Cleaning,South,274,87,95,82,220,0,Sunny,0,221.86,High
2025-10-02,1,P009,Amul Butter 500g,Dairy,South,169,46,55,44,275,20,Rainy,0,274.35,High
2025-10-02,1,P010,Red Label Tea 500g,Beverages,South,126,53,63,55,255,10,Rainy,0,241.17,High
2025-10-03,1,P001,Amul Taaza Toned Milk 1L,Dairy,South,299,34,50,32,58,0,Sunny,0,58.16,High
2025-10-03,1,P002,Britannia Good Day 600g,Snacks,South,202,79,97,82,120,0,Rainy,1,131.85,High
2025-10-03,1,P003,Aashirvaad Atta 5kg,Staples,South,182,81,97,82,248,15,Rainy,0,256.86,High
2025-10-03,1,P004,Maggi 2-Minute Noodles,Snacks,South,155,35,54,38,48,10,Cloudy,0,50.27,High
2025-10-03,1,P005,Tata Salt 1kg,Staples,South,98,33,48,32,22,15,Stormy,0,21.96,High
2025-10-03,1,P006,Coca-Cola 600ml,Beverages,South,232,95,104,91,40,10,Sunny,0,42.64,High
2025-10-03,1,P007,Parle-G 800g,Snacks,South,222,35,51,33,65,0,Stormy,0,69.82,High
2025-10-03,1,P008,Surf Excel 1kg,Cleaning,South,174,36,52,38,220,0,Cloudy,0,207.79,High
2025-10-03,1,P009,Amul Butter 500g,Dairy,South,188,69,81,68,275,20,Stormy,0,302.35,High
2025-10-03,1,P010,Red Label Tea 500g,Beverages,South,278,72,83,70,255,5,Stormy,0,259.02,High
2025-10-04,1,P001,Amul Taaza Toned Milk 1L,Dairy,South,200,138,138,140,58,0,Rainy,1,56.92,High
2025-10-04,1,P002,Britannia Good Day 600g,Snacks,South,286,131,149,135,120,0,Stormy,1,109.02,High
2025-10-04,1,P003,Aashirvaad Atta 5kg,Staples,South,106,115,126,117,248,20,Sunny,1,231.3,High
2025-10-04,1,P004,Maggi 2-Minute Noodles,Snacks,South,276,101,105,100,48,10,Cloudy,1,44.76,High
2025-10-04,1,P005,Tata Salt 1kg,Staples,South,154,125,142,124,22,0,Sunny,1,20.0,High
2025-10-04,1,P006,Coca-Cola 600ml,Beverages,South,51,127,127,129,40,0,Stormy,1,36.95,High
2025-10-04,1,P007,Parle-G 800g,Snacks,South,174,69,82,71,65,5,Rainy,0,59.05,High
2025-10-04,1,P008,Surf Excel 1kg,Cleaning,South,266,49,62,49,220,0,Sunny,0,207.22,High
2025-10-04,1,P009,Amul Butter 500g,Dairy,South,230,108,114,112,275,20,Rainy,1,266.76,High
2025-10-04,1,P010,Red Label Tea 500g,Beverages,South,244,130,149,133,255,10,Cloudy,0,248.92,High
2025-10-05,1,P001,Amul Taaza Toned Milk 1L,Dairy,South,165,88,95,83,58,20,Sunny,1,56.38,High
2025-10-05,1,P002,Britannia Good Day 600g,Snacks,South,231,41,56,37,120,0,Stormy,0,131.81,High
2025-10-05,1,P003,Aashirvaad Atta 5kg,Staples,South,288,116,120,113,248,0,Sunny,0,245.56,High
2025-10-05,1,P004,Maggi 2-Minute Noodles,Snacks,South,131,78,80,74,48,0,Sunny,0,44.24,High
2025-10-05,1,P005,Tata Salt 1kg,Staples,South,117,69,69,64,22,15,Sunny,0,20.62,High
2025-10-05,1,P006,Coca-Cola 600ml,Beverages,South,244,111,113,107,40,0,Sunny,0,43.96,High
2025-10-05,1,P007,Parle-G 800g,Snacks,South,174,77,79,73,65,20,Sunny,0,59.08,High
2025-10-05,1,P008,Surf Excel 1kg,Cleaning,South,217,107,112,102,220,15,Stormy,0,229.96,High
2025-10-05,1,P009,Amul Butter 500g,Dairy,South,215,105,112,106,275,10,Stormy,0,300.57,High
2025-10-05,1,P010,Red Label Tea 500g,Beverages,South,213,136,138,136,255,0,Stormy,1,249.96,High
2025-10-06,1,P001,Amul Taaza Toned Milk 1L,Dairy,South,214,58,63,54,58,5,Cloudy,0,59.83,High
2025-10-06,1,P002,Britannia Good Day 600g,Snacks,South,253,45,45,40,120,5,Sunny,0,111.05,High
2025-10-06,1,P003,Aashirvaad Atta 5kg,Staples,South,229,51,62,50,248,0,Rainy,0,263.39,High
2025-10-06,1,P004,Maggi 2-Minute Noodles,Snacks,South,118,83,88,86,48,0,Rainy,0,46.82,High
2025-10-06,1,P005,Tata Salt 1kg,Staples,South,298,75,88,78,22,5,Stormy,0,21.62,High
2025-10-06,1,P006,Coca-Cola 600ml,Beverages,South,252,73,75,69,40,5,Stormy,0,36.39,High
2025-10-06,1,P007,Parle-G 800g,Snacks,South,121,63,72,60,65,20,Sunny,1,60.19,High
2025-10-06,1,P008,Surf Excel 1kg,Cleaning,South,202,60,74,58,220,0,Rainy,0,239.24,High
2025-10-06,1,P009,Amul Butter 500g,Dairy,South,67,30,43,27,275,10,Cloudy,1,294.48,High
2025-10-06,1,P010,Red Label Tea 500g,Beverages,South,263,92,92,95,255,15,Rainy,1,258.18,High
2025-10-07,1,P001,Amul Taaza Toned Milk 1L,Dairy,South,50,69,80,67,58,20,Stormy,1,52.91,High
2025-10-07,1,P002,Britannia Good Day 600g,Snacks,South,203,108,117,110,120,0,Stormy,0,108.97,High
2025-10-07,1,P003,Aashirvaad Atta 5kg,Staples,South,103,99,112,97,248,10,Sunny,0,242.36,High
2025-10-07,1,P004,Maggi 2-Minute Noodles,Snacks,South,184,71,78,69,48,0,Rainy,0,52.34,High
2025-10-07,1,P005,Tata Salt 1kg,Staples,South,239,55,69,51,22,0,Stormy,0,24.16,High
2025-10-07,1,P006,Coca-Cola 600ml,Beverages,South,169,82,99,79,40,0,Stormy,0,40.91,High
2025-10-07,1,P007,Parle-G 800g,Snacks,South,142,61,77,57,65,15,Cloudy,1,61.8,High
2025-10-07,1,P008,Surf Excel 1kg,Cleaning,South,56,45,49,49,220,10,Sunny,0,205.61,High
2025-10-07,1,P009,Amul Butter 500g,Dairy,South,135,108,119,107,275,5,Stormy,1,286.75,High
2025-10-07,1,P010,Red Label Tea 500g,Beverages,South,233,112,116,112,255,0,Sunny,0,233.82,High
2025-10-08,1,P001,Amul Taaza Toned Milk 1L,Dairy,South,250,32,39,32,58,10,Cloudy,0,58.5,High
2025-10-08,1,P002,Britannia Good Day 600g,Snacks,South,150,108,108,106,120,10,Sunny,1,120.86,High
2025-10-08,1,P003,Aashirvaad Atta 5kg,Staples,South,297,64,77,65,248,5,Stormy,1,266.68,High
2025-10-08,1,P004,Maggi 2-Minute Noodles,Snacks,South,150,37,51,39,48,20,Stormy,0,47.7,High
2025-10-08,1,P005,Tata Salt 1kg,Staples,South,198,91,109,89,22,15,Rainy,0,21.07,High
2025-10-08,1,P006,Coca-Cola 600ml,Beverages,South,93,96,103,98,40,15,Cloudy,0,38.52,High
2025-10-08,1,P007,Parle-G 800g,Snacks,South,75,30,48,26,65,5,Stormy,0,63.59,High
2025-10-08,1,P008,Surf Excel 1kg,Cleaning,South,286,72,83,71,220,0,Rainy,1,200.05,High
2025-10-08,1,P009,Amul Butter 500g,Dairy,South,181,67,68,70,275,0,Cloudy,0,280.47,High
2025-10-08,1,P010,Red Label Tea 500g,Beverages,South,132,80,82,77,255,0,Rainy,0,270.73,High
2025-10-09,1,P001,Amul Taaza Toned Milk 1L,Dairy,South,255,72,79,68,58,5,Rainy,0,58.2,High
2025-10-09,1,P002,Britannia Good Day 600g,Snacks,South,227,93,97,97,120,0,Stormy,1,121.5,High
2025-10-09,1,P003,Aashirvaad Atta 5kg,Staples,South,288,90,103,85,248,0,Rainy,1,250.54,High
2025-10-09,1,P004,Maggi 2-Minute Noodles,Snacks,South,50,102,112,98,48,0,Cloudy,0,47.06,High
2025-10-09,1,P005,Tata Salt 1kg,Staples,South,182,60,69,63,22,10,Stormy,1,23.84,High
2025-10-09,1,P006,Coca-Cola 600ml,Beverages,South,86,61,77,60,40,10,Sunny,0,38.56,High
2025-10-09,1,P007,Parle-G 800g,Snacks,South,192,94,108,93,65,0,Sunny,1,61.41,High
2025-10-09,1,P008,Surf Excel 1kg,Cleaning,South,175,67,73,64,220,0,Rainy,1,231.3,High
2025-10-09,1,P009,Amul Butter 500g,Dairy,South,250,44,50,39,275,15,Rainy,0,248.86,High
2025-10-09,1,P010,Red Label Tea 500g,Beverages,South,97,76,82,78,255,5,Sunny,0,266.65,High
2025-10-10,1,P001,Amul Taaza Toned Milk 1L,Dairy,South,230,97,104,97,58,0,Rainy,0,59.99,High
2025-10-10,1,P002,Britannia Good Day 600g,Snacks,South,140,111,130,113,120,15,Rainy,0,124.17,High
2025-10-10,1,P003,Aashirvaad Atta 5kg,Staples,South,149,92,99,88,248,10,Rainy,0,232.05,High
2025-10-10,1,P004,Maggi 2-Minute Noodles,Snacks,South,91,72,76,75,48,0,Cloudy,0,46.08,High
2025-10-10,1,P005,Tata Salt 1kg,Staples,South,145,45,49,43,22,20,Cloudy,1,20.31,High
2025-10-10,1,P006,Coca-Cola 600ml,Beverages,South,195,83,87,78,40,20,Cloudy,0,37.87,High
2025-10-10,1,P007,Parle-G 800g,Snacks,South,108,74,87,69,65,5,Rainy,0,67.24,High
2025-10-10,1,P008,Surf Excel 1kg,Cleaning,South,69,93,94,97,220,5,Rainy,0,230.41,High
2025-10-10,1,P009,Amul Butter 500g,Dairy,South,142,47,49,50,275,0,Sunny,1,276.59,High
2025-10-10,1,P010,Red Label Tea 500g,Beverages,South,292,46,47,44,255,5,Sunny,1,246.83,High
2025-10-11,1,P001,Amul Taaza Toned Milk 1L,Dairy,South,268,140,147,143,58,0,Stormy,0,54.07,High
2025-10-11,1,P002,Britannia Good Day 600g,Snacks,South,178,109,124,108,120,0,Cloudy,0,113.36,High
2025-10-11,1,P003,Aashirvaad Atta 5kg,Staples,South,160,99,102,96,248,5,Rainy,1,224.56,High
2025-10-11,1,P004,Maggi 2-Minute Noodles,Snacks,South,56,124,127,128,48,5,Sunny,0,50.89,High
2025-10-11,1,P005,Tata Salt 1kg,Staples,South,81,142,151,143,22,0,Sunny,0,23.9,High
2025-10-11,1,P006,Coca-Cola 600ml,Beverages,South,193,68,73,67,40,20,Sunny,1,38.14,High
2025-10-11,1,P007,Parle-G 800g,Snacks,South,261,60,60,58,65,20,Rainy,0,61.22,High
2025-10-11,1,P008,Surf Excel 1kg,Cleaning,South,270,119,125,121,220,0,Sunny,1,200.32,High
2025-10-11,1,P009,Amul Butter 500g,Dairy,South,263,121,128,118,275,15,Rainy,0,262.28,High
2025-10-11,1,P010,Red Label Tea 500g,Beverages,South,138,137,143,137,255,0,Stormy,0,235.1,High
2025-10-12,1,P001,Amul Taaza Toned Milk 1L,Dairy,South,231,61,66,60,58,0,Rainy,0,53.13,High
2025-10-12,1,P002,Britannia Good Day 600g,Snacks,South,262,100,112,97,120,10,Stormy,0,115.0,High
2025-10-12,1,P003,Aashirvaad Atta 5kg,Staples,South,279,108,119,108,248,20,Stormy,0,243.78,High
2025-10-12,1,P004,Maggi 2-Minute Noodles,Snacks,South,254,58,68,62,48,0,Sunny,0,45.99,High
2025-10-12,1,P005,Tata Salt 1kg,Staples,South,90,88,98,91,22,0,Rainy,1,21.54,High
2025-10-12,1,P006,Coca-Cola 600ml,Beverages,South,154,116,116,113,40,10,Rainy,0,40.91,High
2025-10-12,1,P007,Parle-G 800g,Snacks,South,55,135,154,139,65,0,Rainy,0,61.24,High
2025-10-12,1,P008,Surf Excel 1kg,Cleaning,South,54,133,135,130,220,5,Rainy,0,220.04,High
2025-10-12,1,P009,Amul Butter 500g,Dairy,South,188,37,51,32,275,0,Stormy,0,261.05,High
2025-10-12,1,P010,Red Label Tea 500g,Beverages,South,76,44,50,39,255,0,Rainy,0,264.13,High
2025-10-13,1,P001,Amul Taaza Toned Milk 1L,Dairy,South,78,63,71,66,58,0,Rainy,0,54.41,High
2025-10-13,1,P002,Britannia Good Day 600g,Snacks,South,96,37,43,34,120,15,Stormy,0,125.9,High
2025-10-13,1,P003,Aashirvaad Atta 5kg,Staples,South,92,111,128,112,248,5,Sunny,0,253.3,High
2025-10-13,1,P004,Maggi 2-Minute Noodles,Snacks,South,278,40,40,40,48,15,Cloudy,0,47.48,High
2025-10-13,1,P005,Tata Salt 1kg,Staples,South,205,65,76,66,22,0,Cloudy,1,23.23,High
2025-10-13,1,P006,Coca-Cola 600ml,Beverages,South,100,40,40,41,40,5,Stormy,0,37.3,High
2025-10-13,1,P007,Parle-G 800g,Snacks,South,126,57,64,61,65,20,Rainy,0,67.83,High
2025-10-13,1,P008,Surf Excel 1kg,Cleaning,South,87,86,92,87,220,0,Stormy,1,225.23,High
2025-10-13,1,P009,Amul Butter 500g,Dairy,South,261,78,82,74,275,0,Cloudy,1,290.08,High
2025-10-13,1,P010,Red Label Tea 500g,Beverages,South,183,76,92,75,255,20,Cloudy,0,253.49,High
2025-10-14,1,P001,Amul Taaza Toned Milk 1L,Dairy,South,299,100,102,103,58,5,Sunny,0,59.74,High
2025-10-14,1,P002,Britannia Good Day 600g,Snacks,South,127,57,67,58,120,5,Cloudy,0,131.48,High
2025-10-14,1,P003,Aashirvaad Atta 5kg,Staples,South,276,62,74,63,248,10,Stormy,0,252.15,High
2025-10-14,1,P004,Maggi 2-Minute Noodles,Snacks,South,135,79,84,80,48,0,Cloudy,0,50.28,High
2025-10-14,1,P005,Tata Salt 1kg,Staples,South,81,31,38,26,22,0,Stormy,1,22.18,High
2025-10-14,1,P006,Coca-Cola 600ml,Beverages,South,242,70,76,73,40,0,Sunny,0,43.53,High
2025-10-14,1,P007,Parle-G 800g,Snacks,South,109,108,113,107,65,10,Cloudy,0,62.85,High
2025-10-14,1,P008,Surf Excel 1kg,Cleaning,South,108,69,82,69,220,15,Sunny,1,235.94,High
2025-10-14,1,P009,Amul Butter 500g,Dairy,South,84,49,64,49,275,20,Stormy,0,271.37,High
2025-10-14,1,P010,Red Label Tea 500g,Beverages,South,257,63,68,66,255,10,Rainy,1,246.65,High
2025-10-15,1,P001,Amul Taaza Toned Milk 1L,Dairy,South,277,44,63,47,58,20,Stormy,0,61.97,High
2025-10-15,1,P002,Britannia Good Day 600g,Snacks,South,228,48,54,43,120,20,Rainy,0,117.24,High
2025-10-15,1,P003,Aashirvaad Atta 5kg,Staples,South,235,56,66,52,248,20,Cloudy,0,242.16,High
2025-10-15,1,P004,Maggi 2-Minute Noodles,Snacks,South,58,92,104,96,48,5,Rainy,0,50.91,High
2025-10-15,1,P005,Tata Salt 1kg,Staples,South,130,80,92,78,22,15,Sunny,0,21.56,High
2025-10-15,1,P006,Coca-Cola 600ml,Beverages,South,262,65,81,60,40,10,Rainy,0,41.61,High
2025-10-15,1,P007,Parle-G 800g,Snacks,South,155,38,53,39,65,5,Stormy,1,70.69,High
2025-10-15,1,P008,Surf Excel 1kg,Cleaning,South,180,55,57,51,220,5,Rainy,1,213.99,High
2025-10-15,1,P009,Amul Butter 500g,Dairy,South,275,40,42,44,275,0,Cloudy,0,283.46,High
2025-10-15,1,P010,Red Label Tea 500g,Beverages,South,186,87,104,89,255,20,Rainy,0,239.84,High
2025-10-16,1,P001,Amul Taaza Toned Milk 1L,Dairy,South,228,72,82,70,58,20,Stormy,0,59.34,High
2025-10-16,1,P002,Britannia Good Day 600g,Snacks,South,231,104,120,107,120,0,Cloudy,0,131.33,High
2025-10-16,1,P003,Aashirvaad Atta 5kg,Staples,South,200,103,104,104,248,0,Cloudy,0,251.6,High
2025-10-16,1,P004,Maggi 2-Minute Noodles,Snacks,South,115,43,54,41,48,0,Cloudy,1,50.96,High
2025-10-16,1,P005,Tata Salt 1kg,Staples,South,155,88,99,86,22,20,Stormy,0,23.25,High
2025-10-16,1,P006,Coca-Cola 600ml,Beverages,South,244,50,64,52,40,0,Sunny,0,38.12,High
2025-10-16,1,P007,Parle-G 800g,Snacks,South,187,28,35,26,65,0,Cloudy,0,60.38,High
2025-10-16,1,P008,Surf Excel 1kg,Cleaning,South,145,87,104,84,220,10,Stormy,0,240.81,High
2025-10-16,1,P009,Amul Butter 500g,Dairy,South,77,44,61,47,275,0,Cloudy,0,255.23,High
2025-10-16,1,P010,Red Label Tea 500g,Beverages,South,279,78,79,73,255,5,Cloudy,1,278.04,High
2025-10-17,1,P001,Amul Taaza Toned Milk 1L,Dairy,South,142,113,118,108,58,10,Rainy,1,58.63,High
2025-10-17,1,P002,Britannia Good Day 600g,Snacks,South,200,76,80,78,120,0,Rainy,0,113.89,High
2025-10-17,1,P003,Aashirvaad Atta 5kg,Staples,South,225,77,88,77,248,10,Stormy,0,260.54,High
2025-10-17,1,P004,Maggi 2-Minute Noodles,Snacks,South,285,32,37,29,48,5,Sunny,0,49.01,High
2025-10-17,1,P005,Tata Salt 1kg,Staples,South,259,37,48,33,22,0,Stormy,1,19.94,High
2025-10-17,1,P006,Coca-Cola 600ml,Beverages,South,297,98,108,95,40,0,Rainy,1,39.95,High
2025-10-17,1,P007,Parle-G 800g,Snacks,South,224,63,64,64,65,5,Cloudy,0,64.02,High
2025-10-17,1,P008,Surf Excel 1kg,Cleaning,South,257,55,67,58,220,20,Cloudy,0,225.95,High
2025-10-17,1,P009,Amul Butter 500g,Dairy,South,202,92,105,88,275,0,Rainy,0,260.97,High
2025-10-17,1,P010,Red Label Tea 500g,Beverages,South,273,24,32,28,255,15,Cloudy,0,254.34,High
2025-10-18,1,P001,Amul Taaza Toned Milk 1L,Dairy,South,73,35,52,34,58,10,Cloudy,1,54.04,High
2025-10-18,1,P002,Britannia Good Day 600g,Snacks,South,195,38,48,34,120,10,Stormy,0,118.81,High
2025-10-18,1,P003,Aashirvaad Atta 5kg,Staples,South,94,54,58,50,248,0,Stormy,0,244.73,High
2025-10-18,1,P004,Maggi 2-Minute Noodles,Snacks,South,193,108,115,108,48,10,Sunny,0,46.79,High
2025-10-18,1,P005,Tata Salt 1kg,Staples,South,68,54,60,49,22,10,Cloudy,0,20.82,High
2025-10-18,1,P006,Coca-Cola 600ml,Beverages,South,122,74,91,71,40,0,Sunny,0,39.07,High
2025-10-18,1,P007,Parle-G 800g,Snacks,South,217,69,82,66,65,5,Rainy,0,70.47,High
2025-10-18,1,P008,Surf Excel 1kg,Cleaning,South,101,32,36,31,220,0,Stormy,0,213.85,High
2025-10-18,1,P009,Amul Butter 500g,Dairy,South,240,33,50,28,275,15,Rainy,0,260.56,High
2025-10-18,1,P010,Red Label Tea 500g,Beverages,South,225,60,61,60,255,5,Sunny,0,252.95,High
2025-10-19,1,P001,Amul Taaza Toned Milk 1L,Dairy,South,92,68,83,64,58,0,Stormy,1,53.56,High
2025-10-19,1,P002,Britannia Good Day 600g,Snacks,South,299,97,110,98,120,20,Cloudy,0,111.23,High
2025-10-19,1,P003,Aashirvaad Atta 5kg,Staples,South,158,114,122,117,248,20,Rainy,0,248.13,High
2025-10-19,1,P004,Maggi 2-Minute Noodles,Snacks,South,110,44,49,45,48,0,Cloudy,0,50.37,High
2025-10-19,1,P005,Tata Salt 1kg,Staples,South,222,102,109,104,22,5,Sunny,0,22.67,High
2025-10-19,1,P006,Coca-Cola 600ml,Beverages,South,185,117,127,120,40,0,Rainy,0,43.42,High
2025-10-19,1,P007,Parle-G 800g,Snacks,South,134,47,50,50,65,0,Cloudy,0,60.95,High
2025-10-19,1,P008,Surf Excel 1kg,Cleaning,South,235,67,78,65,220,0,Sunny,0,217.1,High
2025-10-19,1,P009,Amul Butter 500g,Dairy,South,235,33,46,34,275,0,Stormy,0,249.51,High
2025-10-19,1,P010,Red Label Tea 500g,Beverages,South,175,144,155,145,255,0,Cloudy,0,277.13,High
2025-10-20,1,P001,Amul Taaza Toned Milk 1L,Dairy,South,294,90,97,85,58,5,Sunny,0,55.24,High
2025-10-20,1,P002,Britannia Good Day 600g,Snacks,South,158,47,61,45,120,10,Stormy,0,131.66,High
2025-10-20,1,P003,Aashirvaad Atta 5kg,Staples,South,124,73,92,68,248,0,Cloudy,0,271.38,High
2025-10-20,1,P004,Maggi 2-Minute Noodles,Snacks,South,272,71,81,66,48,20,Stormy,0,44.01,High
2025-10-20,1,P005,Tata Salt 1kg,Staples,South,59,72,83,67,22,15,Cloudy,0,24.06,High
2025-10-20,1,P006,Coca-Cola 600ml,Beverages,South,76,83,87,85,40,20,Sunny,0,38.76,High
2025-10-20,1,P007,Parle-G 800g,Snacks,South,277,102,103,106,65,5,Sunny,1,66.01,High
2025-10-20,1,P008,Surf Excel 1kg,Cleaning,South,138,61,70,58,220,10,Sunny,1,204.55,High
2025-10-20,1,P009,Amul Butter 500g,Dairy,South,202,77,92,81,275,5,Sunny,1,254.82,High
2025-10-20,1,P010,Red Label Tea 500g,Beverages,South,272,101,119,103,255,0,Cloudy,0,246.22,High
2025-10-21,1,P001,Amul Taaza Toned Milk 1L,Dairy,South,238,80,88,77,58,0,Stormy,0,57.57,High
2025-10-21,1,P002,Britannia Good Day 600g,Snacks,South,133,78,86,80,120,5,Stormy,0,114.25,High
2025-10-21,1,P003,Aashirvaad Atta 5kg,Staples,South,224,92,110,90,248,20,Stormy,0,233.8,High
2025-10-21,1,P004,Maggi 2-Minute Noodles,Snacks,South,281,75,90,74,48,10,Rainy,0,50.41,High
2025-10-21,1,P005,Tata Salt 1kg,Staples,South,152,75,91,76,22,15,Sunny,0,21.22,High
2025-10-21,1,P006,Coca-Cola 600ml,Beverages,South,90,65,68,64,40,0,Rainy,0,39.77,High
2025-10-21,1,P007,Parle-G 800g,Snacks,South,67,33,46,29,65,0,Stormy,0,61.84,High
2025-10-21,1,P008,Surf Excel 1kg,Cleaning,South,135,37,52,39,220,10,Sunny,0,214.49,High
2025-10-21,1,P009,Amul Butter 500g,Dairy,South,195,77,90,79,275,0,Cloudy,0,286.25,High
2025-10-21,1,P010,Red Label Tea 500g,Beverages,South,79,99,114,100,255,0,Cloudy,0,249.52,High
2025-10-22,1,P001,Amul Taaza Toned Milk 1L,Dairy,South,282,107,107,110,58,0,Rainy,0,54.37,High
2025-10-22,1,P002,Britannia Good Day 600g,Snacks,South,267,79,80,80,120,0,Stormy,1,126.21,High
2025-10-22,1,P003,Aashirvaad Atta 5kg,Staples,South,77,57,69,61,248,20,Cloudy,0,232.76,High
2025-10-22,1,P004,Maggi 2-Minute Noodles,Snacks,South,127,35,37,36,48,10,Rainy,1,52.66,High
2025-10-22,1,P005,Tata Salt 1kg,Staples,South,152,82,101,85,22,0,Cloudy,1,20.22,High
2025-10-22,1,P006,Coca-Cola 600ml,Beverages,South,92,54,72,49,40,0,Sunny,0,41.95,High
2025-10-22,1,P007,Parle-G 800g,Snacks,South,212,44,45,41,65,15,Rainy,0,69.35,High
2025-10-22,1,P008,Surf Excel 1kg,Cleaning,South,112,92,93,87,220,10,Rainy,0,241.77,High
2025-10-22,1,P009,Amul Butter 500g,Dairy,South,87,71,71,72,275,0,Cloudy,1,295.5,High
2025-10-22,1,P010,Red Label Tea 500g,Beverages,South,112,31,41,26,255,10,Cloudy,0,278.01,High
2025-10-23,1,P001,Amul Taaza Toned Milk 1L,Dairy,South,263,35,42,35,58,20,Stormy,0,53.46,High
2025-10-23,1,P002,Britannia Good Day 600g,Snacks,South,164,66,85,68,120,10,Stormy,0,117.13,High
2025-10-23,1,P003,Aashirvaad Atta 5kg,Staples,South,113,98,115,98,248,0,Rainy,0,265.27,High
2025-10-23,1,P004,Maggi 2-Minute Noodles,Snacks,South,109,83,83,81,48,0,Rainy,0,51.04,High
2025-10-23,1,P005,Tata Salt 1kg,Staples,South,222,36,55,40,22,15,Cloudy,0,23.93,High
2025-10-23,1,P006,Coca-Cola 600ml,Beverages,South,248,67,72,70,40,5,Cloudy,0,39.24,High
2025-10-23,1,P007,Parle-G 800g,Snacks,South,203,61,72,61,65,20,Stormy,1,67.06,High
2025-10-23,1,P008,Surf Excel 1kg,Cleaning,South,104,23,24,23,220,15,Rainy,0,202.72,High
2025-10-23,1,P009,Amul Butter 500g,Dairy,South,180,90,109,88,275,0,Stormy,0,253.88,High
2025-10-23,1,P010,Red Label Tea 500g,Beverages,South,122,44,46,44,255,0,Cloudy,0,271.21,High
2025-10-24,1,P001,Amul Taaza Toned Milk 1L,Dairy,South,250,67,67,62,58,0,Rainy,1,53.49,High
2025-10-24,1,P002,Britannia Good Day 600g,Snacks,South,286,84,90,88,120,0,Cloudy,0,119.92,High
2025-10-24,1,P003,Aashirvaad Atta 5kg,Staples,South,86,40,48,37,248,0,Sunny,0,233.7,High
2025-10-24,1,P004,Maggi 2-Minute Noodles,Snacks,South,253,78,86,78,48,10,Sunny,0,51.94,High
2025-10-24,1,P005,Tata Salt 1kg,Staples,South,196,64,66,60,22,10,Rainy,0,22.53,High
2025-10-24,1,P006,Coca-Cola 600ml,Beverages,South,220,77,84,81,40,10,Stormy,0,42.67,High
2025-10-24,1,P007,Parle-G 800g,Snacks,South,59,95,103,91,65,15,Sunny,0,62.11,High
2025-10-24,1,P008,Surf Excel 1kg,Cleaning,South,244,49,62,47,220,10,Rainy,0,203.82,High
2025-10-24,1,P009,Amul Butter 500g,Dairy,South,209,82,84,79,275,0,Sunny,1,284.21,High
2025-10-24,1,P010,Red Label Tea 500g,Beverages,South,244,113,119,115,255,10,Rainy,0,279.75,High
2025-10-25,1,P001,Amul Taaza Toned Milk 1L,Dairy,South,282,122,140,119,58,5,Rainy,0,52.93,High
2025-10-25,1,P002,Britannia Good Day 600g,Snacks,South,145,99,106,103,120,15,Cloudy,0,131.38,High
2025-10-25,1,P003,Aashirvaad Atta 5kg,Staples,South,135,62,69,65,248,15,Sunny,0,249.51,High
2025-10-25,1,P004,Maggi 2-Minute Noodles,Snacks,South,240,45,59,49,48,0,Rainy,1,51.61,High
2025-10-25,1,P005,Tata Salt 1kg,Staples,South,94,84,93,86,22,5,Stormy,0,22.39,High
2025-10-25,1,P006,Coca-Cola 600ml,Beverages,South,52,33,50,30,40,5,Cloudy,0,38.26,High
2025-10-25,1,P007,Parle-G 800g,Snacks,South,266,36,45,32,65,15,Cloudy,0,70.85,High
2025-10-25,1,P008,Surf Excel 1kg,Cleaning,South,216,113,130,108,220,5,Stormy,0,217.9,High
2025-10-25,1,P009,Amul Butter 500g,Dairy,South,261,66,72,64,275,20,Cloudy,0,271.39,High
2025-10-25,1,P010,Red Label Tea 500g,Beverages,South,101,124,126,125,255,15,Rainy,0,241.86,High
2025-10-26,1,P001,Amul Taaza Toned Milk 1L,Dairy,South,185,57,67,53,58,20,Cloudy,0,58.62,High
2025-10-26,1,P002,Britannia Good Day 600g,Snacks,South,222,86,91,84,120,15,Sunny,0,118.4,High
2025-10-26,1,P003,Aashirvaad Atta 5kg,Staples,South,233,87,94,85,248,10,Cloudy,1,272.58,High
2025-10-26,1,P004,Maggi 2-Minute Noodles,Snacks,South,131,92,109,96,48,20,Cloudy,0,45.71,High
2025-10-26,1,P005,Tata Salt 1kg,Staples,South,152,119,137,123,22,10,Sunny,0,20.19,High
2025-10-26,1,P006,Coca-Cola 600ml,Beverages,South,158,127,143,125,40,5,Rainy,0,43.54,High
2025-10-26,1,P007,Parle-G 800g,Snacks,South,179,42,48,45,65,15,Cloudy,0,67.18,High
2025-10-26,1,P008,Surf Excel 1kg,Cleaning,South,58,47,63,49,220,10,Cloudy,0,234.45,High
2025-10-26,1,P009,Amul Butter 500g,Dairy,South,165,119,133,120,275,0,Rainy,0,257.95,High
2025-10-26,1,P010,Red Label Tea 500g,Beverages,South,207,63,74,64,255,20,Stormy,1,269.22,High
2025-10-27,1,P001,Amul Taaza Toned Milk 1L,Dairy,South,50,69,75,72,58,0,Sunny,0,59.47,High
2025-10-27,1,P002,Britannia Good Day 600g,Snacks,South,270,25,43,25,120,20,Stormy,1,130.63,High
2025-10-27,1,P003,Aashirvaad Atta 5kg,Staples,South,248,105,122,100,248,0,Cloudy,0,271.07,High
2025-10-27,1,P004,Maggi 2-Minute Noodles,Snacks,South,265,44,44,45,48,0,Cloudy,0,47.05,High
2025-10-27,1,P005,Tata Salt 1kg,Staples,South,226,84,94,81,22,0,Stormy,0,20.69,High
2025-10-27,1,P006,Coca-Cola 600ml,Beverages,South,119,110,128,109,40,10,Rainy,0,36.09,High
2025-10-27,1,P007,Parle-G 800g,Snacks,South,141,89,107,86,65,5,Stormy,1,64.34,High
2025-10-27,1,P008,Surf Excel 1kg,Cleaning,South,198,33,34,37,220,15,Rainy,0,239.15,High
2025-10-27,1,P009,Amul Butter 500g,Dairy,South,206,106,114,109,275,0,Rainy,0,284.39,High
2025-10-27,1,P010,Red Label Tea 500g,Beverages,South,171,45,51,46,255,0,Rainy,0,278.37,High
2025-10-28,1,P001,Amul Taaza Toned Milk 1L,Dairy,South,281,97,107,93,58,0,Rainy,0,54.1,High
2025-10-28,1,P002,Britannia Good Day 600g,Snacks,South,198,73,88,77,120,10,Sunny,0,113.47,High
2025-10-28,1,P003,Aashirvaad Atta 5kg,Staples,South,264,52,65,51,248,5,Stormy,0,233.87,High
2025-10-28,1,P004,Maggi 2-Minute Noodles,Snacks,South,158,51,60,52,48,0,Stormy,0,52.38,High
2025-10-28,1,P005,Tata Salt 1kg,Staples,South,74,64,81,64,22,0,Cloudy,0,22.92,High
2025-10-28,1,P006,Coca-Cola 600ml,Beverages,South,53,26,30,26,40,5,Cloudy,1,37.78,High
2025-10-28,1,P007,Parle-G 800g,Snacks,South,242,21,23,23,65,20,Stormy,1,67.39,High
2025-10-28,1,P008,Surf Excel 1kg,Cleaning,South,280,53,57,52,220,5,Stormy,0,235.07,High
2025-10-28,1,P009,Amul Butter 500g,Dairy,South,100,61,78,64,275,0,Sunny,0,251.75,High
2025-10-28,1,P010,Red Label Tea 500g,Beverages,South,70,58,62,62,255,0,Cloudy,0,277.33,High
2025-10-29,1,P001,Amul Taaza Toned Milk 1L,Dairy,South,51,71,79,71,58,0,Cloudy,0,56.51,High
2025-10-29,1,P002,Britannia Good Day 600g,Snacks,South,198,91,93,94,120,0,Cloudy,1,128.83,High
2025-10-29,1,P003,Aashirvaad Atta 5kg,Staples,South,132,108,109,108,248,5,Cloudy,0,234.74,High
2025-10-29,1,P004,Maggi 2-Minute Noodles,Snacks,South,210,52,56,52,48,0,Sunny,0,48.15,High
2025-10-29,1,P005,Tata Salt 1kg,Staples,South,108,88,107,85,22,0,Rainy,0,24.17,High
2025-10-29,1,P006,Coca-Cola 600ml,Beverages,South,88,67,79,69,40,10,Rainy,0,41.46,High
2025-10-29,1,P007,Parle-G 800g,Snacks,South,286,58,72,60,65,5,Sunny,0,59.55,High
2025-10-29,1,P008,Surf Excel 1kg,Cleaning,South,74,20,25,18,220,20,Cloudy,0,234.87,High
2025-10-29,1,P009,Amul Butter 500g,Dairy,South,249,32,50,28,275,0,Cloudy,0,252.23,High
2025-10-29,1,P010,Red Label Tea 500g,Beverages,South,174,44,62,45,255,0,Rainy,0,257.83,High
2025-10-30,1,P001,Amul Taaza Toned Milk 1L,Dairy,South,278,36,50,37,58,10,Stormy,0,55.82,High
2025-10-30,1,P002,Britannia Good Day 600g,Snacks,South,223,91,98,90,120,15,Stormy,0,123.46,High
2025-10-30,1,P003,Aashirvaad Atta 5kg,Staples,South,123,52,52,55,248,0,Cloudy,0,259.11,High
2025-10-30,1,P004,Maggi 2-Minute Noodles,Snacks,South,90,106,116,105,48,5,Stormy,1,46.93,High
2025-10-30,1,P005,Tata Salt 1kg,Staples,South,118,41,58,39,22,20,Cloudy,0,23.69,High
2025-10-30,1,P006,Coca-Cola 600ml,Beverages,South,118,47,64,48,40,15,Cloudy,1,41.87,High
2025-10-30,1,P007,Parle-G 800g,Snacks,South,185,102,109,106,65,0,Cloudy,0,68.05,High
2025-10-30,1,P008,Surf Excel 1kg,Cleaning,South,281,86,104,89,220,0,Sunny,0,199.54,High
2025-10-30,1,P009,Amul Butter 500g,Dairy,South,84,94,99,96,275,0,Rainy,1,247.84,High
2025-10-30,1,P010,Red Label Tea 500g,Beverages,South,231,42,47,43,255,0,Rainy,0,260.81,High
2025-10-31,1,P001,Amul Taaza Toned Milk 1L,Dairy,South,278,98,116,98,58,5,Rainy,0,63.68,High
2025-10-31,1,P002,Britannia Good Day 600g,Snacks,South,247,73,89,75,120,0,Stormy,1,115.37,High
2025-10-31,1,P003,Aashirvaad Atta 5kg,Staples,South,78,104,118,99,248,10,Sunny,0,252.37,High
2025-10-31,1,P004,Maggi 2-Minute Noodles,Snacks,South,167,57,65,57,48,0,Cloudy,0,51.17,High
2025-10-31,1,P005,Tata Salt 1kg,Staples,South,104,96,100,100,22,0,Stormy,0,20.95,High
2025-10-31,1,P006,Coca-Cola 600ml,Beverages,South,240,26,41,21,40,0,Cloudy,0,40.74,High
2025-10-31,1,P007,Parle-G 800g,Snacks,South,228,72,73,74,65,20,Rainy,0,62.27,High
2025-10-31,1,P008,Surf Excel 1kg,Cleaning,South,242,113,113,113,220,20,Cloudy,0,228.66,High
2025-10-31,1,P009,Amul Butter 500g,Dairy,South,243,42,43,42,275,5,Cloudy,1,273.98,High
2025-10-31,1,P010,Red Label Tea 500g,Beverages,South,225,77,81,76,255,0,Sunny,0,244.63,High
2025-11-01,1,P001,Amul Taaza Toned Milk 1L,Dairy,South,163,69,87,69,58,0,Stormy,0,62.76,High
2025-11-01,1,P002,Britannia Good Day 600g,Snacks,South,251,35,35,32,120,0,Rainy,0,112.88,High
2025-11-01,1,P003,Aashirvaad Atta 5kg,Staples,South,163,88,91,84,248,15,Cloudy,0,265.67,High
2025-11-01,1,P004,Maggi 2-Minute Noodles,Snacks,South,298,50,69,53,48,5,Sunny,0,48.04,High
2025-11-01,1,P005,Tata Salt 1kg,Staples,South,280,84,94,88,22,0,Sunny,0,23.04,High
2025-11-01,1,P006,Coca-Cola 600ml,Beverages,South,154,97,107,100,40,15,Rainy,0,36.17,High
2025-11-01,1,P007,Parle-G 800g,Snacks,South,259,44,48,42,65,0,Rainy,0,71.43,High
2025-11-01,1,P008,Surf Excel 1kg,Cleaning,South,143,83,101,83,220,0,Stormy,0,240.68,High
2025-11-01,1,P009,Amul Butter 500g,Dairy,South,88,120,131,115,275,0,Rainy,0,279.37,High
2025-11-01,1,P010,Red Label Tea 500g,Beverages,South,204,94,101,96,255,5,Cloudy,0,270.65,High
2025-11-02,1,P001,Amul Taaza Toned Milk 1L,Dairy,South,216,113,131,114,58,0,Sunny,0,59.99,High
2025-11-02,1,P002,Britannia Good Day 600g,Snacks,South,268,41,57,38,120,0,Rainy,0,115.13,High
2025-11-02,1,P003,Aashirvaad Atta 5kg,Staples,South,72,42,50,46,248,10,Cloudy,0,254.06,High
2025-11-02,1,P004,Maggi 2-Minute Noodles,Snacks,South,68,67,84,63,48,15,Rainy,0,43.89,High
2025-11-02,1,P005,Tata Salt 1kg,Staples,South,58,75,84,72,22,10,Sunny,0,21.49,High
2025-11-02,1,P006,Coca-Cola 600ml,Beverages,South,266,53,67,54,40,10,Cloudy,0,37.82,High
2025-11-02,1,P007,Parle-G 800g,Snacks,South,184,38,56,38,65,0,Sunny,1,65.73,High
2025-11-02,1,P008,Surf Excel 1kg,Cleaning,South,278,56,61,52,220,0,Cloudy,1,231.43,High
2025-11-02,1,P009,Amul Butter 500g,Dairy,South,50,45,60,40,275,0,Sunny,0,275.5,High
2025-11-02,1,P010,Red Label Tea 500g,Beverages,South,291,97,114,101,255,0,Rainy,0,270.18,High
2025-11-03,1,P001,Amul Taaza Toned Milk 1L,Dairy,South,226,107,126,106,58,5,Cloudy,0,56.38,High
2025-11-03,1,P002,Britannia Good Day 600g,Snacks,South,89,91,96,86,120,15,Cloudy,0,115.56,High
2025-11-03,1,P003,Aashirvaad Atta 5kg,Staples,South,121,84,100,79,248,0,Sunny,1,244.36,High
2025-11-03,1,P004,Maggi 2-Minute Noodles,Snacks,South,120,90,94,85,48,10,Sunny,0,47.64,High
2025-11-03,1,P005,Tata Salt 1kg,Staples,South,241,42,49,45,22,5,Cloudy,0,20.68,High
2025-11-03,1,P006,Coca-Cola 600ml,Beverages,South,191,80,82,77,40,15,Stormy,0,40.7,High
2025-11-03,1,P007,Parle-G 800g,Snacks,South,64,36,36,35,65,5,Rainy,1,66.01,High
2025-11-03,1,P008,Surf Excel 1kg,Cleaning,South,154,105,119,104,220,20,Stormy,0,236.9,High
2025-11-03,1,P009,Amul Butter 500g,Dairy,South,115,102,109,105,275,0,Rainy,1,277.16,High
2025-11-03,1,P010,Red Label Tea 500g,Beverages,South,62,61,73,61,255,15,Sunny,0,259.15,High
2025-11-04,1,P001,Amul Taaza Toned Milk 1L,Dairy,South,203,71,83,68,58,0,Sunny,0,57.95,High
2025-11-04,1,P002,Britannia Good Day 600g,Snacks,South,208,77,84,73,120,0,Sunny,1,128.84,High
2025-11-04,1,P003,Aashirvaad Atta 5kg,Staples,South,260,61,72,61,248,0,Stormy,1,224.61,High
2025-11-04,1,P004,Maggi 2-Minute Noodles,Snacks,South,72,20,25,17,48,15,Rainy,0,47.22,High
2025-11-04,1,P005,Tata Salt 1kg,Staples,South,264,60,65,64,22,15,Rainy,0,22.65,High
2025-11-04,1,P006,Coca-Cola 600ml,Beverages,South,258,31,32,30,40,20,Rainy,0,40.33,High
2025-11-04,1,P007,Parle-G 800g,Snacks,South,161,63,73,63,65,0,Cloudy,0,69.52,High
2025-11-04,1,P008,Surf Excel 1kg,Cleaning,South,168,51,70,49,220,0,Cloudy,0,233.63,High
2025-11-04,1,P009,Amul Butter 500g,Dairy,South,119,69,79,67,275,0,Stormy,1,273.79,High
2025-11-04,1,P010,Red Label Tea 500g,Beverages,South,277,80,96,84,255,20,Sunny,0,243.04,High
2025-11-05,1,P001,Amul Taaza Toned Milk 1L,Dairy,South,100,106,122,107,58,10,Stormy,1,52.54,High
2025-11-05,1,P002,Britannia Good Day 600g,Snacks,South,191,56,64,56,120,0,Sunny,0,120.91,High
2025-11-05,1,P003,Aashirvaad Atta 5kg,Staples,South,175,94,109,91,248,10,Rainy,0,256.76,High
2025-11-05,1,P004,Maggi 2-Minute Noodles,Snacks,South,256,59,69,60,48,0,Rainy,0,51.19,High
2025-11-05,1,P005,Tata Salt 1kg,Staples,South,103,97,105,101,22,0,Stormy,0,20.23,High
2025-11-05,1,P006,Coca-Cola 600ml,Beverages,South,267,52,53,55,40,10,Sunny,1,38.88,High
2025-11-05,1,P007,Parle-G 800g,Snacks,South,201,70,85,67,65,0,Rainy,0,67.7,High
2025-11-05,1,P008,Surf Excel 1kg,Cleaning,South,184,115,130,114,220,5,Sunny,1,203.16,High
2025-11-05,1,P009,Amul Butter 500g,Dairy,South,151,56,68,56,275,5,Rainy,1,273.46,High
2025-11-05,1,P010,Red Label Tea 500g,Beverages,South,284,59,72,57,255,10,Stormy,1,247.91,High
2025-11-06,1,P001,Amul Taaza Toned Milk 1L,Dairy,South,228,33,50,34,58,15,Cloudy,1,62.8,High
2025-11-06,1,P002,Britannia Good Day 600g,Snacks,South,51,44,50,43,120,0,Rainy,0,121.55,High
2025-11-06,1,P003,Aashirvaad Atta 5kg,Staples,South,262,39,46,42,248,0,Stormy,0,237.08,High
2025-11-06,1,P004,Maggi 2-Minute Noodles,Snacks,South,126,53,58,57,48,20,Sunny,1,45.98,High
2025-11-06,1,P005,Tata Salt 1kg,Staples,South,284,59,76,59,22,0,Sunny,1,21.1,High
2025-11-06,1,P006,Coca-Cola 600ml,Beverages,South,296,60,67,58,40,10,Rainy,0,37.35,High
2025-11-06,1,P007,Parle-G 800g,Snacks,South,187,47,66,51,65,5,Sunny,0,63.83,High
2025-11-06,1,P008,Surf Excel 1kg,Cleaning,South,146,89,105,86,220,0,Cloudy,1,241.58,High
2025-11-06,1,P009,Amul Butter 500g,Dairy,South,188,93,102,90,275,0,Sunny,0,278.29,High
2025-11-06,1,P010,Red Label Tea 500g,Beverages,South,221,38,45,34,255,0,Cloudy,0,239.84,High
2025-11-07,1,P001,Amul Taaza Toned Milk 1L,Dairy,South,126,88,98,84,58,0,Rainy,0,58.02,High
2025-11-07,1,P002,Britannia Good Day 600g,Snacks,South,113,40,50,38,120,10,Stormy,0,115.81,High
2025-11-07,1,P003,Aashirvaad Atta 5kg,Staples,South,205,60,67,58,248,0,Rainy,0,240.87,High
2025-11-07,1,P004,Maggi 2-Minute Noodles,Snacks,South,181,30,33,25,48,5,Cloudy,0,50.45,High
2025-11-07,1,P005,Tata Salt 1kg,Staples,South,296,41,51,42,22,15,Sunny,0,20.74,High
2025-11-07,1,P006,Coca-Cola 600ml,Beverages,South,69,77,87,79,40,10,Stormy,1,36.54,High
2025-11-07,1,P007,Parle-G 800g,Snacks,South,177,38,48,34,65,10,Sunny,0,69.54,High
2025-11-07,1,P008,Surf Excel 1kg,Cleaning,South,283,107,119,102,220,5,Rainy,1,208.16,High
2025-11-07,1,P009,Amul Butter 500g,Dairy,South,258,35,54,33,275,15,Rainy,0,263.52,High
2025-11-07,1,P010,Red Label Tea 500g,Beverages,South,164,100,103,100,255,0,Sunny,0,270.49,High
2025-11-08,1,P001,Amul Taaza Toned Milk 1L,Dairy,South,60,125,129,128,58,15,Cloudy,1,59.1,High
2025-11-08,1,P002,Britannia Good Day 600g,Snacks,South,238,101,105,96,120,15,Stormy,0,118.94,High
2025-11-08,1,P003,Aashirvaad Atta 5kg,Staples,South,196,115,116,118,248,0,Rainy,0,260.8,High
2025-11-08,1,P004,Maggi 2-Minute Noodles,Snacks,South,299,101,113,97,48,15,Sunny,0,46.47,High
2025-11-08,1,P005,Tata Salt 1kg,Staples,South,161,137,156,135,22,10,Cloudy,1,23.68,High
2025-11-08,1,P006,Coca-Cola 600ml,Beverages,South,155,79,95,81,40,0,Rainy,0,37.71,High
2025-11-08,1,P007,Parle-G 800g,Snacks,South,91,96,115,93,65,0,Cloudy,0,64.91,High
2025-11-08,1,P008,Surf Excel 1kg,Cleaning,South,227,113,131,109,220,15,Rainy,0,218.27,High
2025-11-08,1,P009,Amul Butter 500g,Dairy,South,192,117,131,121,275,15,Sunny,0,256.65,High
2025-11-08,1,P010,Red Label Tea 500g,Beverages,South,78,125,131,127,255,0,Sunny,0,262.69,High
2025-11-09,1,P001,Amul Taaza Toned Milk 1L,Dairy,South,215,118,129,122,58,0,Stormy,0,61.1,High
2025-11-09,1,P002,Britannia Good Day 600g,Snacks,South,222,106,115,106,120,10,Rainy,0,115.24,High
2025-11-09,1,P003,Aashirvaad Atta 5kg,Staples,South,271,98,98,97,248,10,Rainy,1,261.14,High
2025-11-09,1,P004,Maggi 2-Minute Noodles,Snacks,South,71,100,110,100,48,0,Sunny,1,44.32,High
2025-11-09,1,P005,Tata Salt 1kg,Staples,South,76,70,76,70,22,20,Rainy,0,20.57,High
2025-11-09,1,P006,Coca-Cola 600ml,Beverages,South,180,110,125,112,40,0,Cloudy,0,43.33,High
2025-11-09,1,P007,Parle-G 800g,Snacks,South,97,41,54,42,65,5,Cloudy,0,71.33,High
2025-11-09,1,P008,Surf Excel 1kg,Cleaning,South,227,131,141,126,220,0,Stormy,0,234.74,High
2025-11-09,1,P009,Amul Butter 500g,Dairy,South,70,75,87,79,275,0,Stormy,1,272.78,High
2025-11-09,1,P010,Red Label Tea 500g,Beverages,South,211,44,53,40,255,5,Sunny,0,276.1,High
2025-11-10,1,P001,Amul Taaza Toned Milk 1L,Dairy,South,201,100,117,98,58,20,Stormy,0,62.54,High
2025-11-10,1,P002,Britannia Good Day 600g,Snacks,South,241,48,64,45,120,10,Cloudy,0,130.47,High
2025-11-10,1,P003,Aashirvaad Atta 5kg,Staples,South,255,102,115,100,248,0,Sunny,1,266.79,High
2025-11-10,1,P004,Maggi 2-Minute Noodles,Snacks,South,275,63,78,59,48,0,Sunny,1,47.03,High
2025-11-10,1,P005,Tata Salt 1kg,Staples,South,135,80,90,75,22,0,Rainy,0,20.91,High
2025-11-10,1,P006,Coca-Cola 600ml,Beverages,South,138,27,31,30,40,5,Cloudy,0,42.27,High
2025-11-10,1,P007,Parle-G 800g,Snacks,South,110,105,114,106,65,15,Cloudy,1,59.89,High
2025-11-10,1,P008,Surf Excel 1kg,Cleaning,South,54,80,85,84,220,5,Rainy,0,201.3,High
2025-11-10,1,P009,Amul Butter 500g,Dairy,South,259,100,109,102,275,0,Rainy,1,285.05,High
2025-11-10,1,P010,Red Label Tea 500g,Beverages,South,167,38,50,34,255,5,Stormy,0,247.79,High
2025-11-11,1,P001,Amul Taaza Toned Milk 1L,Dairy,South,76,52,61,55,58,0,Sunny,0,58.57,High
2025-11-11,1,P002,Britannia Good Day 600g,Snacks,South,84,99,113,102,120,0,Sunny,0,116.85,High
2025-11-11,1,P003,Aashirvaad Atta 5kg,Staples,South,242,48,64,45,248,0,Sunny,0,223.51,High
2025-11-11,1,P004,Maggi 2-Minute Noodles,Snacks,South,268,95,101,93,48,0,Sunny,0,50.32,High
2025-11-11,1,P005,Tata Salt 1kg,Staples,South,160,56,58,53,22,0,Stormy,0,20.8,High
2025-11-11,1,P006,Coca-Cola 600ml,Beverages,South,158,29,29,25,40,20,Sunny,1,40.85,High
2025-11-11,1,P007,Parle-G 800g,Snacks,South,168,100,109,101,65,0,Sunny,1,63.8,High
2025-11-11,1,P008,Surf Excel 1kg,Cleaning,South,195,38,57,37,220,15,Stormy,1,207.44,High
2025-11-11,1,P009,Amul Butter 500g,Dairy,South,119,55,65,59,275,0,Stormy,0,298.65,High
2025-11-11,1,P010,Red Label Tea 500g,Beverages,South,216,97,110,99,255,0,Rainy,0,234.39,High
2025-11-12,1,P001,Amul Taaza Toned Milk 1L,Dairy,South,56,31,50,26,58,0,Cloudy,0,55.76,High
2025-11-12,1,P002,Britannia Good Day 600g,Snacks,South,266,112,121,111,120,5,Cloudy,0,125.1,High
2025-11-12,1,P003,Aashirvaad Atta 5kg,Staples,South,190,109,121,112,248,0,Cloudy,1,272.09,High
2025-11-12,1,P004,Maggi 2-Minute Noodles,Snacks,South,170,41,48,45,48,5,Cloudy,0,52.53,High
2025-11-12,1,P005,Tata Salt 1kg,Staples,South,220,72,82,69,22,10,Stormy,0,19.9,High
2025-11-12,1,P006,Coca-Cola 600ml,Beverages,South,126,87,104,83,40,0,Stormy,0,38.36,High
2025-11-12,1,P007,Parle-G 800g,Snacks,South,161,56,56,53,65,0,Rainy,1,70.46,High
2025-11-12,1,P008,Surf Excel 1kg,Cleaning,South,142,30,39,30,220,0,Cloudy,0,224.2,High
2025-11-12,1,P009,Amul Butter 500g,Dairy,South,209,28,30,32,275,10,Stormy,1,275.94,High
2025-11-12,1,P010,Red Label Tea 500g,Beverages,South,258,74,90,76,255,0,Cloudy,0,251.68,High
2025-11-13,1,P001,Amul Taaza Toned Milk 1L,Dairy,South,218,89,105,85,58,15,Sunny,0,54.24,High
2025-11-13,1,P002,Britannia Good Day 600g,Snacks,South,73,104,115,107,120,0,Stormy,0,122.19,High
2025-11-13,1,P003,Aashirvaad Atta 5kg,Staples,South,52,84,95,82,248,5,Rainy,0,255.52,High
2025-11-13,1,P004,Maggi 2-Minute Noodles,Snacks,South,287,42,53,38,48,0,Sunny,0,47.79,High
2025-11-13,1,P005,Tata Salt 1kg,Staples,South,141,62,69,62,22,5,Rainy,0,21.17,High
2025-11-13,1,P006,Coca-Cola 600ml,Beverages,South,65,97,107,99,40,5,Stormy,0,38.13,High
2025-11-13,1,P007,Parle-G 800g,Snacks,South,200,83,88,83,65,15,Rainy,1,62.76,High
2025-11-13,1,P008,Surf Excel 1kg,Cleaning,South,259,76,84,75,220,0,Sunny,0,229.12,High
2025-11-13,1,P009,Amul Butter 500g,Dairy,South,146,45,58,41,275,15,Stormy,1,248.2,High
2025-11-13,1,P010,Red Label Tea 500g,Beverages,South,282,105,111,102,255,5,Sunny,0,248.56,High
2025-11-14,1,P001,Amul Taaza Toned Milk 1L,Dairy,South,184,93,105,93,58,20,Cloudy,1,59.78,High
2025-11-14,1,P002,Britannia Good Day 600g,Snacks,South,298,70,75,67,120,0,Cloudy,1,124.68,High
2025-11-14,1,P003,Aashirvaad Atta 5kg,Staples,South,231,75,90,72,248,5,Cloudy,1,253.86,High
2025-11-14,1,P004,Maggi 2-Minute Noodles,Snacks,South,70,60,64,61,48,0,Sunny,0,52.01,High
2025-11-14,1,P005,Tata Salt 1kg,Staples,South,281,49,68,48,22,0,Sunny,0,20.37,High
2025-11-14,1,P006,Coca-Cola 600ml,Beverages,South,169,77,77,74,40,15,Sunny,0,40.42,High
2025-11-14,1,P007,Parle-G 800g,Snacks,South,188,23,32,19,65,0,Cloudy,1,63.73,High
2025-11-14,1,P008,Surf Excel 1kg,Cleaning,South,261,112,113,115,220,5,Rainy,0,210.09,High
2025-11-14,1,P009,Amul Butter 500g,Dairy,South,219,54,65,55,275,20,Cloudy,1,250.31,High
2025-11-14,1,P010,Red Label Tea 500g,Beverages,South,298,81,83,80,255,5,Rainy,0,270.4,High
2025-11-15,1,P001,Amul Taaza Toned Milk 1L,Dairy,South,293,48,64,48,58,0,Stormy,0,55.14,High
2025-11-15,1,P002,Britannia Good Day 600g,Snacks,South,294,87,95,90,120,20,Rainy,1,124.08,High
2025-11-15,1,P003,Aashirvaad Atta 5kg,Staples,South,180,74,80,75,248,5,Rainy,0,257.93,High
2025-11-15,1,P004,Maggi 2-Minute Noodles,Snacks,South,136,125,141,129,48,0,Sunny,0,52.65,High
2025-11-15,1,P005,Tata Salt 1kg,Staples,South,148,52,55,55,22,20,Cloudy,1,21.96,High
2025-11-15,1,P006,Coca-Cola 600ml,Beverages,South,122,65,75,63,40,0,Rainy,0,37.84,High
2025-11-15,1,P007,Parle-G 800g,Snacks,South,298,40,56,35,65,0,Cloudy,0,68.66,High
2025-11-15,1,P008,Surf Excel 1kg,Cleaning,South,270,98,107,98,220,20,Cloudy,0,227.95,High
2025-11-15,1,P009,Amul Butter 500g,Dairy,South,183,64,77,66,275,0,Sunny,0,256.98,High
2025-11-15,1,P010,Red Label Tea 500g,Beverages,South,134,41,57,38,255,0,Cloudy,0,271.39,High
2025-11-16,1,P001,Amul Taaza Toned Milk 1L,Dairy,South,273,113,128,109,58,0,Cloudy,0,55.18,High
2025-11-16,1,P002,Britannia Good Day 600g,Snacks,South,126,41,47,42,120,0,Stormy,1,125.4,High
2025-11-16,1,P003,Aashirvaad Atta 5kg,Staples,South,253,117,119,116,248,15,Rainy,0,237.36,High
2025-11-16,1,P004,Maggi 2-Minute Noodles,Snacks,South,124,140,143,140,48,0,Stormy,0,48.75,High
2025-11-16,1,P005,Tata Salt 1kg,Staples,South,212,108,122,110,22,15,Cloudy,1,20.57,High
2025-11-16,1,P006,Coca-Cola 600ml,Beverages,South,217,102,103,101,40,0,Rainy,1,41.59,High
2025-11-16,1,P007,Parle-G 800g,Snacks,South,145,50,64,54,65,10,Stormy,1,59.35,High
2025-11-16,1,P008,Surf Excel 1kg,Cleaning,South,57,101,105,101,220,10,Sunny,0,232.95,High
2025-11-16,1,P009,Amul Butter 500g,Dairy,South,256,79,89,80,275,0,Cloudy,0,282.57,High
2025-11-16,1,P010,Red Label Tea 500g,Beverages,South,179,96,112,100,255,20,Sunny,0,278.92,High
2025-11-17,1,P001,Amul Taaza Toned Milk 1L,Dairy,South,141,73,82,77,58,20,Cloudy,0,61.55,High
2025-11-17,1,P002,Britannia Good Day 600g,Snacks,South,259,85,85,80,120,0,Cloudy,0,109.38,High
2025-11-17,1,P003,Aashirvaad Atta 5kg,Staples,South,70,55,56,58,248,0,Stormy,0,228.97,High
2025-11-17,1,P004,Maggi 2-Minute Noodles,Snacks,South,207,92,93,92,48,0,Stormy,1,45.86,High
2025-11-17,1,P005,Tata Salt 1kg,Staples,South,98,35,44,36,22,15,Rainy,0,21.9,High
2025-11-17,1,P006,Coca-Cola 600ml,Beverages,South,146,108,118,107,40,0,Sunny,0,42.06,High
2025-11-17,1,P007,Parle-G 800g,Snacks,South,110,63,82,62,65,5,Sunny,0,69.4,High
2025-11-17,1,P008,Surf Excel 1kg,Cleaning,South,222,39,45,40,220,0,Sunny,1,222.37,High
2025-11-17,1,P009,Amul Butter 500g,Dairy,South,234,78,95,76,275,15,Cloudy,1,289.17,High
2025-11-17,1,P010,Red Label Tea 500g,Beverages,South,287,68,85,65,255,5,Cloudy,1,238.63,High
2025-11-18,1,P001,Amul Taaza Toned Milk 1L,Dairy,South,215,74,81,73,58,0,Cloudy,0,56.17,High
2025-11-18,1,P002,Britannia Good Day 600g,Snacks,South,298,117,126,113,120,0,Cloudy,0,124.66,High
2025-11-18,1,P003,Aashirvaad Atta 5kg,Staples,South,59,90,105,94,248,0,Stormy,0,258.35,High
2025-11-18,1,P004,Maggi 2-Minute Noodles,Snacks,South,281,87,89,88,48,0,Cloudy,0,51.82,High
2025-11-18,1,P005,Tata Salt 1kg,Staples,South,214,51,53,48,22,10,Stormy,0,22.43,High
2025-11-18,1,P006,Coca-Cola 600ml,Beverages,South,91,53,54,52,40,20,Rainy,0,38.23,High
2025-11-18,1,P007,Parle-G 800g,Snacks,South,174,81,96,76,65,20,Rainy,0,61.29,High
2025-11-18,1,P008,Surf Excel 1kg,Cleaning,South,176,68,84,71,220,10,Rainy,0,239.8,High
2025-11-18,1,P009,Amul Butter 500g,Dairy,South,73,86,93,89,275,0,Cloudy,0,283.52,High
2025-11-18,1,P010,Red Label Tea 500g,Beverages,South,54,60,76,56,255,0,Rainy,0,279.45,High
2025-11-19,1,P001,Amul Taaza Toned Milk 1L,Dairy,South,142,92,105,96,58,0,Rainy,0,53.23,High
2025-11-19,1,P002,Britannia Good Day 600g,Snacks,South,171,85,89,81,120,20,Stormy,0,116.64,High
2025-11-19,1,P003,Aashirvaad Atta 5kg,Staples,South,268,63,75,62,248,5,Rainy,0,261.17,High
2025-11-19,1,P004,Maggi 2-Minute Noodles,Snacks,South,255,88,89,84,48,10,Cloudy,1,52.72,High
2025-11-19,1,P005,Tata Salt 1kg,Staples,South,238,76,86,75,22,0,Stormy,1,23.69,High
2025-11-19,1,P006,Coca-Cola 600ml,Beverages,South,99,68,73,66,40,5,Cloudy,0,36.1,High
2025-11-19,1,P007,Parle-G 800g,Snacks,South,180,43,51,38,65,20,Rainy,1,59.59,High
2025-11-19,1,P008,Surf Excel 1kg,Cleaning,South,184,85,97,81,220,20,Rainy,0,224.84,High
2025-11-19,1,P009,Amul Butter 500g,Dairy,South,228,60,79,55,275,20,Sunny,0,261.01,High
2025-11-19,1,P010,Red Label Tea 500g,Beverages,South,158,56,56,60,255,20,Stormy,0,240.62,High
2025-11-20,1,P001,Amul Taaza Toned Milk 1L,Dairy,South,121,110,128,113,58,0,Rainy,0,60.3,High
2025-11-20,1,P002,Britannia Good Day 600g,Snacks,South,134,85,98,81,120,10,Cloudy,0,121.42,High
2025-11-20,1,P003,Aashirvaad Atta 5kg,Staples,South,240,51,51,47,248,10,Rainy,1,229.06,High
2025-11-20,1,P004,Maggi 2-Minute Noodles,Snacks,South,118,95,102,95,48,15,Sunny,1,49.24,High
2025-11-20,1,P005,Tata Salt 1kg,Staples,South,145,57,64,58,22,10,Sunny,0,24.08,High
2025-11-20,1,P006,Coca-Cola 600ml,Beverages,South,225,70,71,70,40,0,Stormy,0,42.38,High
2025-11-20,1,P007,Parle-G 800g,Snacks,South,203,101,111,104,65,20,Stormy,1,65.77,High
2025-11-20,1,P008,Surf Excel 1kg,Cleaning,South,154,79,97,79,220,0,Stormy,0,205.59,High
2025-11-20,1,P009,Amul Butter 500g,Dairy,South,137,29,35,24,275,5,Sunny,1,265.5,High
2025-11-20,1,P010,Red Label Tea 500g,Beverages,South,242,34,35,35,255,15,Sunny,0,276.47,High
2025-11-21,1,P001,Amul Taaza Toned Milk 1L,Dairy,South,194,38,38,34,58,15,Stormy,0,56.9,High
2025-11-21,1,P002,Britannia Good Day 600g,Snacks,South,66,69,86,71,120,0,Rainy,0,118.09,High
2025-11-21,1,P003,Aashirvaad Atta 5kg,Staples,South,227,62,79,57,248,20,Cloudy,0,246.64,High
2025-11-21,1,P004,Maggi 2-Minute Noodles,Snacks,South,236,37,38,38,48,0,Sunny,0,45.44,High
2025-11-21,1,P005,Tata Salt 1kg,Staples,South,132,90,97,94,22,20,Sunny,0,24.17,High
2025-11-21,1,P006,Coca-Cola 600ml,Beverages,South,59,30,41,31,40,0,Sunny,0,39.18,High
2025-11-21,1,P007,Parle-G 800g,Snacks,South,229,71,78,70,65,5,Cloudy,0,65.54,High
2025-11-21,1,P008,Surf Excel 1kg,Cleaning,South,209,87,91,90,220,15,Rainy,0,206.93,High
2025-11-21,1,P009,Amul Butter 500g,Dairy,South,70,37,40,32,275,15,Rainy,0,295.84,High
2025-11-21,1,P010,Red Label Tea 500g,Beverages,South,217,23,25,18,255,10,Rainy,1,253.2,High
2025-11-22,1,P001,Amul Taaza Toned Milk 1L,Dairy,South,98,63,77,61,58,10,Stormy,0,54.33,High
2025-11-22,1,P002,Britannia Good Day 600g,Snacks,South,140,69,80,73,120,0,Stormy,0,131.66,High
2025-11-22,1,P003,Aashirvaad Atta 5kg,Staples,South,250,139,144,138,248,0,Cloudy,0,225.32,High
2025-11-22,1,P004,Maggi 2-Minute Noodles,Snacks,South,151,63,82,62,48,20,Sunny,0,49.91,High
2025-11-22,1,P005,Tata Salt 1kg,Staples,South,103,49,49,50,22,5,Cloudy,0,22.59,High
2025-11-22,1,P006,Coca-Cola 600ml,Beverages,South,259,66,69,64,40,0,Cloudy,1,42.33,High
2025-11-22,1,P007,Parle-G 800g,Snacks,South,215,91,103,87,65,15,Cloudy,1,69.4,High
2025-11-22,1,P008,Surf Excel 1kg,Cleaning,South,159,136,148,138,220,20,Sunny,1,209.01,High
2025-11-22,1,P009,Amul Butter 500g,Dairy,South,152,104,107,99,275,0,Cloudy,0,264.52,High
2025-11-22,1,P010,Red Label Tea 500g,Beverages,South,106,114,121,117,255,10,Cloudy,1,249.56,High
2025-11-23,1,P001,Amul Taaza Toned Milk 1L,Dairy,South,148,129,132,132,58,20,Stormy,0,62.48,High
2025-11-23,1,P002,Britannia Good Day 600g,Snacks,South,204,123,136,124,120,5,Stormy,1,117.16,High
2025-11-23,1,P003,Aashirvaad Atta 5kg,Staples,South,211,46,58,50,248,5,Sunny,0,227.81,High
2025-11-23,1,P004,Maggi 2-Minute Noodles,Snacks,South,199,37,49,36,48,0,Stormy,0,44.83,High
2025-11-23,1,P005,Tata Salt 1kg,Staples,South,131,122,127,118,22,0,Sunny,0,20.09,High
2025-11-23,1,P006,Coca-Cola 600ml,Beverages,South,61,134,148,130,40,0,Rainy,1,36.46,High
2025-11-23,1,P007,Parle-G 800g,Snacks,South,182,66,82,61,65,10,Cloudy,1,67.54,High
2025-11-23,1,P008,Surf Excel 1kg,Cleaning,South,173,97,104,96,220,0,Stormy,1,239.48,High
2025-11-23,1,P009,Amul Butter 500g,Dairy,South,109,85,103,84,275,0,Rainy,0,278.19,High
2025-11-23,1,P010,Red Label Tea 500g,Beverages,South,66,118,135,115,255,15,Cloudy,0,230.54,High
2025-11-24,1,P001,Amul Taaza Toned Milk 1L,Dairy,South,254,98,110,95,58,0,Rainy,0,52.58,High
2025-11-24,1,P002,Britannia Good Day 600g,Snacks,South,69,66,67,68,120,10,Sunny,0,111.92,High
2025-11-24,1,P003,Aashirvaad Atta 5kg,Staples,South,145,62,70,60,248,5,Rainy,0,260.78,High
2025-11-24,1,P004,Maggi 2-Minute Noodles,Snacks,South,293,48,57,45,48,0,Stormy,0,45.96,High
2025-11-24,1,P005,Tata Salt 1kg,Staples,South,264,70,88,70,22,0,Stormy,0,21.15,High
2025-11-24,1,P006,Coca-Cola 600ml,Beverages,South,157,40,59,40,40,0,Rainy,0,39.71,High
2025-11-24,1,P007,Parle-G 800g,Snacks,South,180,45,49,49,65,20,Rainy,0,70.8,High
2025-11-24,1,P008,Surf Excel 1kg,Cleaning,South,129,39,57,37,220,0,Rainy,1,211.95,High
2025-11-24,1,P009,Amul Butter 500g,Dairy,South,137,110,120,108,275,10,Rainy,1,296.33,High
2025-11-24,1,P010,Red Label Tea 500g,Beverages,South,116,88,106,90,255,15,Cloudy,0,274.82,High
2025-11-25,1,P001,Amul Taaza Toned Milk 1L,Dairy,South,295,55,72,57,58,0,Sunny,1,54.41,High
2025-11-25,1,P002,Britannia Good Day 600g,Snacks,South,81,88,88,85,120,5,Rainy,1,127.12,High
2025-11-25,1,P003,Aashirvaad Atta 5kg,Staples,South,68,86,87,85,248,0,Stormy,0,268.9,High
2025-11-25,1,P004,Maggi 2-Minute Noodles,Snacks,South,237,108,126,104,48,5,Cloudy,0,47.93,High
2025-11-25,1,P005,Tata Salt 1kg,Staples,South,73,78,93,75,22,20,Rainy,0,21.0,High
2025-11-25,1,P006,Coca-Cola 600ml,Beverages,South,109,111,119,109,40,15,Sunny,0,38.2,High
2025-11-25,1,P007,Parle-G 800g,Snacks,South,161,86,88,89,65,20,Rainy,0,62.5,High
2025-11-25,1,P008,Surf Excel 1kg,Cleaning,South,180,72,83,71,220,0,Sunny,0,214.27,High
2025-11-25,1,P009,Amul Butter 500g,Dairy,South,263,69,74,68,275,0,Sunny,1,263.26,High
2025-11-25,1,P010,Red Label Tea 500g,Beverages,South,221,82,95,80,255,0,Sunny,0,232.28,High
2025-11-26,1,P001,Amul Taaza Toned Milk 1L,Dairy,South,275,76,81,80,58,5,Stormy,0,57.97,High
2025-11-26,1,P002,Britannia Good Day 600g,Snacks,South,205,31,35,33,120,0,Stormy,0,124.68,High
2025-11-26,1,P003,Aashirvaad Atta 5kg,Staples,South,281,21,26,20,248,0,Stormy,0,254.78,High
2025-11-26,1,P004,Maggi 2-Minute Noodles,Snacks,South,93,38,55,40,48,15,Rainy,0,50.99,High
2025-11-26,1,P005,Tata Salt 1kg,Staples,South,126,76,92,71,22,10,Cloudy,0,22.67,High
2025-11-26,1,P006,Coca-Cola 600ml,Beverages,South,222,60,79,57,40,0,Stormy,0,42.76,High
2025-11-26,1,P007,Parle-G 800g,Snacks,South,201,60,75,55,65,10,Stormy,0,61.0,High
2025-11-26,1,P008,Surf Excel 1kg,Cleaning,South,255,45,54,49,220,15,Rainy,0,231.88,High
2025-11-26,1,P009,Amul Butter 500g,Dairy,South,216,47,49,48,275,10,Sunny,0,255.83,High
2025-11-26,1,P010,Red Label Tea 500g,Beverages,South,186,80,97,80,255,0,Stormy,1,232.93,High
2025-11-27,1,P001,Amul Taaza Toned Milk 1L,Dairy,South,76,88,90,90,58,10,Sunny,0,60.24,High
2025-11-27,1,P002,Britannia Good Day 600g,Snacks,South,148,30,34,32,120,15,Rainy,1,121.19,High
2025-11-27,1,P003,Aashirvaad Atta 5kg,Staples,South,279,83,85,85,248,5,Sunny,0,267.06,High
2025-11-27,1,P004,Maggi 2-Minute Noodles,Snacks,South,223,45,53,46,48,5,Rainy,1,45.99,High
2025-11-27,1,P005,Tata Salt 1kg,Staples,South,101,106,124,104,22,0,Sunny,1,22.43,High
2025-11-27,1,P006,Coca-Cola 600ml,Beverages,South,125,36,39,33,40,20,Stormy,0,39.11,High
2025-11-27,1,P007,Parle-G 800g,Snacks,South,257,97,108,100,65,10,Stormy,0,63.76,High
2025-11-27,1,P008,Surf Excel 1kg,Cleaning,South,156,56,75,57,220,15,Rainy,0,206.66,High
2025-11-27,1,P009,Amul Butter 500g,Dairy,South,270,62,77,62,275,0,Rainy,0,258.43,High
2025-11-27,1,P010,Red Label Tea 500g,Beverages,South,136,99,107,95,255,0,Rainy,1,260.27,High
2025-11-28,1,P001,Amul Taaza Toned Milk 1L,Dairy,South,289,68,69,66,58,20,Stormy,0,56.55,High
2025-11-28,1,P002,Britannia Good Day 600g,Snacks,South,150,84,86,84,120,5,Sunny,0,109.43,High
2025-11-28,1,P003,Aashirvaad Atta 5kg,Staples,South,152,66,80,65,248,0,Stormy,0,262.32,High
2025-11-28,1,P004,Maggi 2-Minute Noodles,Snacks,South,142,39,42,42,48,20,Cloudy,0,45.02,High
2025-11-28,1,P005,Tata Salt 1kg,Staples,South,202,92,110,91,22,20,Rainy,0,21.47,High
2025-11-28,1,P006,Coca-Cola 600ml,Beverages,South,125,55,58,53,40,0,Sunny,0,41.6,High
2025-11-28,1,P007,Parle-G 800g,Snacks,South,84,55,72,56,65,15,Cloudy,0,63.0,High
2025-11-28,1,P008,Surf Excel 1kg,Cleaning,South,172,31,49,29,220,15,Rainy,0,238.1,High
2025-11-28,1,P009,Amul Butter 500g,Dairy,South,236,101,101,103,275,0,Rainy,0,270.28,High
2025-11-28,1,P010,Red Label Tea 500g,Beverages,South,239,40,45,37,255,15,Stormy,0,236.95,High
2025-11-29,1,P001,Amul Taaza Toned Milk 1L,Dairy,South,97,81,91,76,58,10,Rainy,0,58.96,High
2025-11-29,1,P002,Britannia Good Day 600g,Snacks,South,271,95,103,95,120,10,Rainy,0,124.43,High
2025-11-29,1,P003,Aashirvaad Atta 5kg,Staples,South,283,86,90,84,248,5,Cloudy,0,238.68,High
2025-11-29,1,P004,Maggi 2-Minute Noodles,Snacks,South,113,146,163,141,48,0,Rainy,1,51.69,High
2025-11-29,1,P005,Tata Salt 1kg,Staples,South,296,73,80,73,22,0,Rainy,1,24.09,High
2025-11-29,1,P006,Coca-Cola 600ml,Beverages,South,95,125,131,128,40,20,Rainy,0,42.27,High
2025-11-29,1,P007,Parle-G 800g,Snacks,South,256,127,140,125,65,10,Sunny,0,71.16,High
2025-11-29,1,P008,Surf Excel 1kg,Cleaning,South,92,72,90,72,220,0,Sunny,0,208.71,High
2025-11-29,1,P009,Amul Butter 500g,Dairy,South,185,109,126,110,275,15,Stormy,0,284.45,High
2025-11-29,1,P010,Red Label Tea 500g,Beverages,South,251,68,78,66,255,0,Sunny,0,276.24,High
2025-11-30,1,P001,Amul Taaza Toned Milk 1L,Dairy,South,211,117,120,118,58,10,Sunny,0,60.37,High
2025-11-30,1,P002,Britannia Good Day 600g,Snacks,South,294,45,60,49,120,0,Rainy,1,111.09,High
2025-11-30,1,P003,Aashirvaad Atta 5kg,Staples,South,261,75,80,72,248,5,Rainy,0,245.4,High
2025-11-30,1,P004,Maggi 2-Minute Noodles,Snacks,South,218,124,131,121,48,10,Cloudy,0,46.62,High
2025-11-30,1,P005,Tata Salt 1kg,Staples,South,266,91,103,95,22,0,Stormy,0,19.81,High
2025-11-30,1,P006,Coca-Cola 600ml,Beverages,South,186,107,116,109,40,20,Sunny,0,41.44,High
2025-11-30,1,P007,Parle-G 800g,Snacks,South,288,129,138,128,65,0,Rainy,0,59.54,High
2025-11-30,1,P008,Surf Excel 1kg,Cleaning,South,243,107,118,102,220,20,Sunny,0,217.92,High
2025-11-30,1,P009,Amul Butter 500g,Dairy,South,166,88,104,88,275,0,Stormy,1,296.07,High
2025-11-30,1,P010,Red Label Tea 500g,Beverages,South,197,65,77,60,255,0,Cloudy,0,239.83,High
2025-12-01,1,P001,Amul Taaza Toned Milk 1L,Dairy,South,159,75,82,70,58,15,Cloudy,1,53.97,High
2025-12-01,1,P002,Britannia Good Day 600g,Snacks,South,80,73,76,75,120,5,Sunny,0,124.8,High
2025-12-01,1,P003,Aashirvaad Atta 5kg,Staples,South,239,69,85,72,248,5,Cloudy,0,226.84,High
2025-12-01,1,P004,Maggi 2-Minute Noodles,Snacks,South,207,85,88,85,48,20,Cloudy,1,48.49,High
2025-12-01,1,P005,Tata Salt 1kg,Staples,South,249,55,64,51,22,0,Sunny,1,24.15,High
2025-12-01,1,P006,Coca-Cola 600ml,Beverages,South,216,37,51,39,40,0,Rainy,0,43.61,High
2025-12-01,1,P007,Parle-G 800g,Snacks,South,172,62,68,63,65,0,Rainy,1,67.99,High
2025-12-01,1,P008,Surf Excel 1kg,Cleaning,South,271,98,103,98,220,20,Cloudy,0,218.95,High
2025-12-01,1,P009,Amul Butter 500g,Dairy,South,206,102,115,102,275,5,Rainy,0,258.53,High
2025-12-01,1,P010,Red Label Tea 500g,Beverages,South,178,79,87,81,255,0,Stormy,0,262.81,High
2025-12-02,1,P001,Amul Taaza Toned Milk 1L,Dairy,South,105,84,93,79,58,0,Sunny,0,60.2,High
2025-12-02,1,P002,Britannia Good Day 600g,Snacks,South,61,58,77,60,120,5,Cloudy,0,126.21,High
2025-12-02,1,P003,Aashirvaad Atta 5kg,Staples,South,154,83,93,86,248,15,Sunny,0,256.89,High
2025-12-02,1,P004,Maggi 2-Minute Noodles,Snacks,South,145,91,93,87,48,5,Sunny,0,44.99,High
2025-12-02,1,P005,Tata Salt 1kg,Staples,South,223,70,78,65,22,5,Sunny,0,22.73,High
2025-12-02,1,P006,Coca-Cola 600ml,Beverages,South,152,23,37,25,40,0,Cloudy,0,42.4,High
2025-12-02,1,P007,Parle-G 800g,Snacks,South,244,48,59,46,65,15,Cloudy,0,65.71,High
2025-12-02,1,P008,Surf Excel 1kg,Cleaning,South,81,63,81,58,220,15,Cloudy,0,231.57,High
2025-12-02,1,P009,Amul Butter 500g,Dairy,South,253,39,42,43,275,5,Sunny,0,284.23,High
2025-12-02,1,P010,Red Label Tea 500g,Beverages,South,61,102,111,100,255,10,Sunny,0,248.55,High
2025-12-03,1,P001,Amul Taaza Toned Milk 1L,Dairy,South,228,68,83,72,58,0,Stormy,0,57.92,High
2025-12-03,1,P002,Britannia Good Day 600g,Snacks,South,214,81,86,76,120,20,Stormy,0,131.85,High
2025-12-03,1,P003,Aashirvaad Atta 5kg,Staples,South,124,79,86,77,248,0,Stormy,0,248.09,High
2025-12-03,1,P004,Maggi 2-Minute Noodles,Snacks,South,75,86,88,83,48,0,Stormy,1,51.07,High
2025-12-03,1,P005,Tata Salt 1kg,Staples,South,220,104,121,104,22,10,Rainy,0,20.15,High
2025-12-03,1,P006,Coca-Cola 600ml,Beverages,South,54,31,43,29,40,5,Rainy,0,36.71,High
2025-12-03,1,P007,Parle-G 800g,Snacks,South,272,28,32,29,65,5,Stormy,0,61.11,High
2025-12-03,1,P008,Surf Excel 1kg,Cleaning,South,224,73,88,69,220,5,Rainy,1,235.93,High
2025-12-03,1,P009,Amul Butter 500g,Dairy,South,162,104,118,107,275,15,Sunny,0,269.31,High
2025-12-03,1,P010,Red Label Tea 500g,Beverages,South,249,61,67,58,255,20,Rainy,0,271.23,High
2025-12-04,1,P001,Amul Taaza Toned Milk 1L,Dairy,South,164,113,115,115,58,15,Rainy,0,60.21,High
2025-12-04,1,P002,Britannia Good Day 600g,Snacks,South,299,81,83,80,120,15,Sunny,1,108.96,High
2025-12-04,1,P003,Aashirvaad Atta 5kg,Staples,South,144,69,76,68,248,0,Stormy,0,227.3,High
2025-12-04,1,P004,Maggi 2-Minute Noodles,Snacks,South,175,63,66,63,48,10,Cloudy,0,51.73,High
2025-12-04,1,P005,Tata Salt 1kg,Staples,South,71,109,111,105,22,0,Stormy,0,22.58,High
2025-12-04,1,P006,Coca-Cola 600ml,Beverages,South,146,66,72,62,40,10,Stormy,0,39.78,High
2025-12-04,1,P007,Parle-G 800g,Snacks,South,194,109,112,113,65,10,Cloudy,0,67.22,High
2025-12-04,1,P008,Surf Excel 1kg,Cleaning,South,125,87,99,91,220,10,Sunny,0,227.71,High
2025-12-04,1,P009,Amul Butter 500g,Dairy,South,196,99,104,100,275,0,Stormy,1,264.86,High
2025-12-04,1,P010,Red Label Tea 500g,Beverages,South,88,78,88,77,255,10,Stormy,0,276.15,High
2025-12-05,1,P001,Amul Taaza Toned Milk 1L,Dairy,South,150,104,122,100,58,0,Rainy,0,53.8,High
2025-12-05,1,P002,Britannia Good Day 600g,Snacks,South,184,66,67,66,120,15,Sunny,0,119.56,High
2025-12-05,1,P003,Aashirvaad Atta 5kg,Staples,South,240,107,110,102,248,0,Stormy,0,235.49,High
2025-12-05,1,P004,Maggi 2-Minute Noodles,Snacks,South,148,67,85,68,48,0,Sunny,0,43.8,High
2025-12-05,1,P005,Tata Salt 1kg,Staples,South,170,81,93,80,22,0,Rainy,0,20.61,High
2025-12-05,1,P006,Coca-Cola 600ml,Beverages,South,141,32,44,29,40,10,Cloudy,1,41.21,High
2025-12-05,1,P007,Parle-G 800g,Snacks,South,135,46,58,46,65,10,Rainy,1,68.45,High
2025-12-05,1,P008,Surf Excel 1kg,Cleaning,South,212,65,78,64,220,0,Cloudy,0,218.75,High
2025-12-05,1,P009,Amul Butter 500g,Dairy,South,126,101,114,105,275,5,Sunny,1,298.62,High
2025-12-05,1,P010,Red Label Tea 500g,Beverages,South,291,97,99,93,255,15,Stormy,0,242.01,High
2025-12-06,1,P001,Amul Taaza Toned Milk 1L,Dairy,South,52,75,89,70,58,0,Sunny,1,57.3,High
2025-12-06,1,P002,Britannia Good Day 600g,Snacks,South,179,40,55,41,120,20,Rainy,0,128.91,High
2025-12-06,1,P003,Aashirvaad Atta 5kg,Staples,South,104,100,102,103,248,0,Cloudy,1,246.54,High
2025-12-06,1,P004,Maggi 2-Minute Noodles,Snacks,South,232,115,125,114,48,15,Stormy,1,50.23,High
2025-12-06,1,P005,Tata Salt 1kg,Staples,South,298,77,82,77,22,0,Rainy,1,21.88,High
2025-12-06,1,P006,Coca-Cola 600ml,Beverages,South,190,100,113,101,40,5,Sunny,0,40.09,High
2025-12-06,1,P007,Parle-G 800g,Snacks,South,175,52,52,47,65,5,Sunny,0,61.15,High
2025-12-06,1,P008,Surf Excel 1kg,Cleaning,South,134,69,86,67,220,5,Rainy,1,213.52,High
2025-12-06,1,P009,Amul Butter 500g,Dairy,South,283,118,124,115,275,15,Sunny,0,261.5,High
2025-12-06,1,P010,Red Label Tea 500g,Beverages,South,102,57,70,58,255,5,Stormy,0,236.1,High
2025-12-07,1,P001,Amul Taaza Toned Milk 1L,Dairy,South,179,60,76,58,58,15,Cloudy,1,58.21,High
2025-12-07,1,P002,Britannia Good Day 600g,Snacks,South,254,93,102,95,120,5,Sunny,0,119.97,High
2025-12-07,1,P003,Aashirvaad Atta 5kg,Staples,South,75,108,118,107,248,0,Rainy,0,225.75,High
2025-12-07,1,P004,Maggi 2-Minute Noodles,Snacks,South,106,84,84,86,48,0,Sunny,1,50.39,High
2025-12-07,1,P005,Tata Salt 1kg,Staples,South,160,114,129,109,22,0,Cloudy,0,20.5,High
2025-12-07,1,P006,Coca-Cola 600ml,Beverages,South,204,48,48,43,40,0,Cloudy,1,38.76,High
2025-12-07,1,P007,Parle-G 800g,Snacks,South,81,74,76,72,65,10,Stormy,0,60.93,High
2025-12-07,1,P008,Surf Excel 1kg,Cleaning,South,102,100,108,97,220,0,Rainy,0,241.4,High
2025-12-07,1,P009,Amul Butter 500g,Dairy,South,243,118,120,120,275,10,Rainy,0,291.76,High
2025-12-07,1,P010,Red Label Tea 500g,Beverages,South,52,118,119,121,255,0,Rainy,0,278.07,High
2025-12-08,1,P001,Amul Taaza Toned Milk 1L,Dairy,South,127,82,94,81,58,5,Rainy,1,63.11,High
2025-12-08,1,P002,Britannia Good Day 600g,Snacks,South,111,106,108,106,120,20,Stormy,1,108.75,High
2025-12-08,1,P003,Aashirvaad Atta 5kg,Staples,South,133,102,115,104,248,0,Sunny,1,223.2,High
2025-12-08,1,P004,Maggi 2-Minute Noodles,Snacks,South,144,54,65,49,48,0,Stormy,1,50.78,High
2025-12-08,1,P005,Tata Salt 1kg,Staples,South,80,76,95,74,22,0,Sunny,0,23.71,High
2025-12-08,1,P006,Coca-Cola 600ml,Beverages,South,248,22,32,26,40,0,Cloudy,0,41.08,High
2025-12-08,1,P007,Parle-G 800g,Snacks,South,80,40,55,43,65,20,Cloudy,0,65.63,High
2025-12-08,1,P008,Surf Excel 1kg,Cleaning,South,66,45,55,44,220,10,Stormy,0,240.97,High
2025-12-08,1,P009,Amul Butter 500g,Dairy,South,262,87,102,82,275,0,Cloudy,0,253.47,High
2025-12-08,1,P010,Red Label Tea 500g,Beverages,South,179,89,99,84,255,0,Rainy,0,241.12,High
2025-12-09,1,P001,Amul Taaza Toned Milk 1L,Dairy,South,222,61,72,64,58,20,Sunny,0,58.14,High
2025-12-09,1,P002,Britannia Good Day 600g,Snacks,South,180,79,88,80,120,0,Cloudy,0,131.16,High
2025-12-09,1,P003,Aashirvaad Atta 5kg,Staples,South,93,47,55,42,248,10,Stormy,1,235.63,High
2025-12-09,1,P004,Maggi 2-Minute Noodles,Snacks,South,237,84,100,82,48,5,Rainy,0,50.88,High
2025-12-09,1,P005,Tata Salt 1kg,Staples,South,67,104,111,107,22,0,Rainy,0,22.19,High
2025-12-09,1,P006,Coca-Cola 600ml,Beverages,South,113,50,55,54,40,10,Sunny,0,42.93,High
2025-12-09,1,P007,Parle-G 800g,Snacks,South,93,84,86,82,65,15,Stormy,1,62.13,High
2025-12-09,1,P008,Surf Excel 1kg,Cleaning,South,132,82,86,83,220,15,Stormy,0,234.56,High
2025-12-09,1,P009,Amul Butter 500g,Dairy,South,115,96,105,95,275,0,Cloudy,0,262.5,High
2025-12-09,1,P010,Red Label Tea 500g,Beverages,South,96,64,70,66,255,5,Stormy,0,234.05,High
2025-12-10,1,P001,Amul Taaza Toned Milk 1L,Dairy,South,61,97,115,92,58,0,Rainy,0,56.73,High
2025-12-10,1,P002,Britannia Good Day 600g,Snacks,South,75,108,124,104,120,0,Rainy,0,118.59,High
2025-12-10,1,P003,Aashirvaad Atta 5kg,Staples,South,183,45,58,47,248,5,Sunny,1,248.29,High
2025-12-10,1,P004,Maggi 2-Minute Noodles,Snacks,South,250,111,119,110,48,0,Cloudy,0,48.67,High
2025-12-10,1,P005,Tata Salt 1kg,Staples,South,165,35,35,35,22,5,Cloudy,0,20.78,High
2025-12-10,1,P006,Coca-Cola 600ml,Beverages,South,179,56,56,57,40,10,Rainy,0,39.62,High
2025-12-10,1,P007,Parle-G 800g,Snacks,South,298,88,88,89,65,0,Sunny,0,60.44,High
2025-12-10,1,P008,Surf Excel 1kg,Cleaning,South,73,94,101,96,220,20,Sunny,0,208.25,High
2025-12-10,1,P009,Amul Butter 500g,Dairy,South,113,37,38,33,275,0,Sunny,0,262.87,High
2025-12-10,1,P010,Red Label Tea 500g,Beverages,South,140,68,77,66,255,10,Stormy,0,276.53,High
2025-12-11,1,P001,Amul Taaza Toned Milk 1L,Dairy,South,136,53,56,51,58,0,Sunny,0,55.18,High
2025-12-11,1,P002,Britannia Good Day 600g,Snacks,South,228,31,34,27,120,20,Sunny,0,119.52,High
2025-12-11,1,P003,Aashirvaad Atta 5kg,Staples,South,275,51,53,51,248,0,Stormy,1,251.55,High
2025-12-11,1,P004,Maggi 2-Minute Noodles,Snacks,South,158,71,84,70,48,5,Sunny,1,44.55,High
2025-12-11,1,P005,Tata Salt 1kg,Staples,South,299,50,59,52,22,0,Rainy,0,21.59,High
2025-12-11,1,P006,Coca-Cola 600ml,Beverages,South,204,47,53,48,40,5,Rainy,0,40.23,High
2025-12-11,1,P007,Parle-G 800g,Snacks,South,144,51,59,52,65,15,Sunny,0,67.9,High
2025-12-11,1,P008,Surf Excel 1kg,Cleaning,South,115,106,110,108,220,15,Cloudy,0,200.6,High
2025-12-11,1,P009,Amul Butter 500g,Dairy,South,157,71,80,71,275,10,Sunny,0,300.29,High
2025-12-11,1,P010,Red Label Tea 500g,Beverages,South,100,64,71,67,255,0,Stormy,0,243.44,High
2025-12-12,1,P001,Amul Taaza Toned Milk 1L,Dairy,South,271,100,114,100,58,5,Cloudy,0,56.02,High
2025-12-12,1,P002,Britannia Good Day 600g,Snacks,South,256,113,126,117,120,10,Rainy,1,125.95,High
2025-12-12,1,P003,Aashirvaad Atta 5kg,Staples,South,133,52,68,53,248,15,Rainy,1,224.67,High
2025-12-12,1,P004,Maggi 2-Minute Noodles,Snacks,South,271,84,99,79,48,0,Rainy,0,52.03,High
2025-12-12,1,P005,Tata Salt 1kg,Staples,South,190,55,60,56,22,5,Stormy,1,21.26,High
2025-12-12,1,P006,Coca-Cola 600ml,Beverages,South,263,92,109,90,40,0,Stormy,0,42.7,High
2025-12-12,1,P007,Parle-G 800g,Snacks,South,171,34,51,34,65,0,Rainy,0,70.02,High
2025-12-12,1,P008,Surf Excel 1kg,Cleaning,South,86,106,111,104,220,5,Sunny,0,226.88,High
2025-12-12,1,P009,Amul Butter 500g,Dairy,South,82,29,48,25,275,5,Sunny,0,253.33,High
2025-12-12,1,P010,Red Label Tea 500g,Beverages,South,168,75,87,78,255,10,Stormy,0,272.04,High
2025-12-13,1,P001,Amul Taaza Toned Milk 1L,Dairy,South,115,50,55,49,58,0,Cloudy,1,59.48,High
2025-12-13,1,P002,Britannia Good Day 600g,Snacks,South,161,136,138,136,120,5,Stormy,0,118.86,High
2025-12-13,1,P003,Aashirvaad Atta 5kg,Staples,South,196,141,148,145,248,0,Rainy,1,265.59,High
2025-12-13,1,P004,Maggi 2-Minute Noodles,Snacks,South,172,96,99,94,48,10,Sunny,1,50.22,High
2025-12-13,1,P005,Tata Salt 1kg,Staples,South,87,77,90,74,22,5,Cloudy,0,24.11,High
2025-12-13,1,P006,Coca-Cola 600ml,Beverages,South,168,102,111,105,40,0,Stormy,0,37.73,High
2025-12-13,1,P007,Parle-G 800g,Snacks,South,120,101,112,97,65,0,Cloudy,0,61.23,High
2025-12-13,1,P008,Surf Excel 1kg,Cleaning,South,190,90,100,92,220,5,Rainy,0,204.29,High
2025-12-13,1,P009,Amul Butter 500g,Dairy,South,56,122,130,126,275,0,Cloudy,0,252.04,High
2025-12-13,1,P010,Red Label Tea 500g,Beverages,South,208,127,127,129,255,20,Cloudy,0,272.96,High
2025-12-14,1,P001,Amul Taaza Toned Milk 1L,Dairy,South,220,99,113,97,58,10,Stormy,0,54.81,High
2025-12-14,1,P002,Britannia Good Day 600g,Snacks,South,211,87,101,90,120,5,Stormy,0,121.71,High
2025-12-14,1,P003,Aashirvaad Atta 5kg,Staples,South,217,134,140,134,248,10,Cloudy,0,227.96,High
2025-12-14,1,P004,Maggi 2-Minute Noodles,Snacks,South,193,141,151,137,48,15,Cloudy,1,52.53,High
2025-12-14,1,P005,Tata Salt 1kg,Staples,South,238,80,86,76,22,0,Cloudy,0,19.96,High
2025-12-14,1,P006,Coca-Cola 600ml,Beverages,South,260,95,101,95,40,0,Rainy,0,41.76,High
2025-12-14,1,P007,Parle-G 800g,Snacks,South,98,133,148,134,65,0,Rainy,1,71.17,High
2025-12-14,1,P008,Surf Excel 1kg,Cleaning,South,159,79,80,78,220,5,Cloudy,0,202.73,High
2025-12-14,1,P009,Amul Butter 500g,Dairy,South,162,74,87,72,275,20,Rainy,0,275.77,High
2025-12-14,1,P010,Red Label Tea 500g,Beverages,South,123,46,64,50,255,10,Sunny,0,271.01,High
2025-12-15,1,P001,Amul Taaza Toned Milk 1L,Dairy,South,197,29,35,28,58,20,Sunny,0,54.14,High
2025-12-15,1,P002,Britannia Good Day 600g,Snacks,South,248,100,108,101,120,5,Cloudy,0,116.68,High
2025-12-15,1,P003,Aashirvaad Atta 5kg,Staples,South,184,30,34,28,248,0,Rainy,0,239.79,High
2025-12-15,1,P004,Maggi 2-Minute Noodles,Snacks,South,157,61,66,59,48,15,Stormy,1,52.03,High
2025-12-15,1,P005,Tata Salt 1kg,Staples,South,242,29,47,30,22,0,Cloudy,0,21.7,High
2025-12-15,1,P006,Coca-Cola 600ml,Beverages,South,93,26,42,24,40,20,Sunny,0,43.47,High
2025-12-15,1,P007,Parle-G 800g,Snacks,South,85,55,57,57,65,20,Sunny,0,66.97,High
2025-12-15,1,P008,Surf Excel 1kg,Cleaning,South,177,109,124,105,220,0,Cloudy,1,228.75,High
2025-12-15,1,P009,Amul Butter 500g,Dairy,South,232,46,61,41,275,0,Sunny,0,294.1,High
2025-12-15,1,P010,Red Label Tea 500g,Beverages,South,272,115,130,114,255,15,Stormy,1,257.99,High
2025-12-16,1,P001,Amul Taaza Toned Milk 1L,Dairy,South,234,62,74,62,58,10,Sunny,1,55.51,High
2025-12-16,1,P002,Britannia Good Day 600g,Snacks,South,235,85,86,86,120,10,Sunny,1,129.06,High
2025-12-16,1,P003,Aashirvaad Atta 5kg,Staples,South,206,93,111,96,248,10,Sunny,0,237.02,High
2025-12-16,1,P004,Maggi 2-Minute Noodles,Snacks,South,139,50,59,54,48,10,Sunny,0,47.2,High
2025-12-16,1,P005,Tata Salt 1kg,Staples,South,56,44,59,42,22,10,Rainy,1,23.1,High
2025-12-16,1,P006,Coca-Cola 600ml,Beverages,South,111,39,48,41,40,0,Cloudy,1,41.44,High
2025-12-16,1,P007,Parle-G 800g,Snacks,South,252,87,97,82,65,0,Stormy,0,62.81,High
2025-12-16,1,P008,Surf Excel 1kg,Cleaning,South,294,48,58,52,220,20,Stormy,1,213.25,High
2025-12-16,1,P009,Amul Butter 500g,Dairy,South,110,39,44,34,275,15,Sunny,0,253.05,High
2025-12-16,1,P010,Red Label Tea 500g,Beverages,South,242,69,75,67,255,0,Rainy,1,246.59,High
2025-12-17,1,P001,Amul Taaza Toned Milk 1L,Dairy,South,152,104,122,103,58,0,Stormy,0,58.11,High
2025-12-17,1,P002,Britannia Good Day 600g,Snacks,South,287,68,79,71,120,0,Cloudy,0,120.74,High
2025-12-17,1,P003,Aashirvaad Atta 5kg,Staples,South,296,82,90,83,248,20,Rainy,1,227.35,High
2025-12-17,1,P004,Maggi 2-Minute Noodles,Snacks,South,81,70,81,73,48,10,Sunny,0,50.65,High
2025-12-17,1,P005,Tata Salt 1kg,Staples,South,179,68,85,64,22,0,Stormy,0,20.0,High
2025-12-17,1,P006,Coca-Cola 600ml,Beverages,South,266,112,112,111,40,5,Stormy,0,39.88,High
2025-12-17,1,P007,Parle-G 800g,Snacks,South,151,47,47,43,65,5,Rainy,0,63.98,High
2025-12-17,1,P008,Surf Excel 1kg,Cleaning,South,79,65,81,65,220,0,Sunny,0,239.89,High
2025-12-17,1,P009,Amul Butter 500g,Dairy,South,251,97,109,100,275,15,Stormy,0,300.76,High
2025-12-17,1,P010,Red Label Tea 500g,Beverages,South,252,34,40,32,255,0,Stormy,0,279.78,High
2025-12-18,1,P001,Amul Taaza Toned Milk 1L,Dairy,South,155,46,61,46,58,5,Sunny,0,52.81,High
2025-12-18,1,P002,Britannia Good Day 600g,Snacks,South,156,29,34,32,120,0,Rainy,0,130.62,High
2025-12-18,1,P003,Aashirvaad Atta 5kg,Staples,South,114,53,54,55,248,20,Sunny,0,267.59,High
2025-12-18,1,P004,Maggi 2-Minute Noodles,Snacks,South,280,28,32,23,48,10,Rainy,0,52.03,High
2025-12-18,1,P005,Tata Salt 1kg,Staples,South,207,33,45,28,22,5,Sunny,0,19.87,High
2025-12-18,1,P006,Coca-Cola 600ml,Beverages,South,190,56,74,51,40,0,Cloudy,0,39.31,High
2025-12-18,1,P007,Parle-G 800g,Snacks,South,170,102,121,98,65,0,Rainy,0,69.24,High
2025-12-18,1,P008,Surf Excel 1kg,Cleaning,South,260,70,77,65,220,5,Rainy,0,222.28,High
2025-12-18,1,P009,Amul Butter 500g,Dairy,South,54,88,89,91,275,10,Rainy,0,252.01,High
2025-12-18,1,P010,Red Label Tea 500g,Beverages,South,282,94,95,95,255,0,Sunny,0,261.05,High
2025-12-19,1,P001,Amul Taaza Toned Milk 1L,Dairy,South,187,67,68,62,58,15,Cloudy,0,56.57,High
2025-12-19,1,P002,Britannia Good Day 600g,Snacks,South,74,22,31,21,120,5,Rainy,0,123.26,High
2025-12-19,1,P003,Aashirvaad Atta 5kg,Staples,South,158,58,69,54,248,0,Sunny,0,258.91,High
2025-12-19,1,P004,Maggi 2-Minute Noodles,Snacks,South,138,70,82,67,48,0,Sunny,1,44.97,High
2025-12-19,1,P005,Tata Salt 1kg,Staples,South,251,61,62,63,22,20,Rainy,1,23.57,High
2025-12-19,1,P006,Coca-Cola 600ml,Beverages,South,209,111,124,113,40,15,Cloudy,0,40.31,High
2025-12-19,1,P007,Parle-G 800g,Snacks,South,191,70,79,70,65,10,Cloudy,0,64.48,High
2025-12-19,1,P008,Surf Excel 1kg,Cleaning,South,169,26,37,30,220,0,Cloudy,0,220.16,High
2025-12-19,1,P009,Amul Butter 500g,Dairy,South,108,75,79,75,275,0,Cloudy,0,252.75,High
2025-12-19,1,P010,Red Label Tea 500g,Beverages,South,76,73,88,69,255,0,Cloudy,1,269.94,High
2025-12-20,1,P001,Amul Taaza Toned Milk 1L,Dairy,South,182,126,129,127,58,10,Stormy,0,54.59,High
2025-12-20,1,P002,Britannia Good Day 600g,Snacks,South,80,36,51,36,120,15,Sunny,0,130.16,High
2025-12-20,1,P003,Aashirvaad Atta 5kg,Staples,South,68,124,130,128,248,10,Rainy,0,264.04,High
2025-12-20,1,P004,Maggi 2-Minute Noodles,Snacks,South,236,71,80,71,48,0,Stormy,1,51.76,High
2025-12-20,1,P005,Tata Salt 1kg,Staples,South,95,79,94,78,22,15,Stormy,0,22.47,High
2025-12-20,1,P006,Coca-Cola 600ml,Beverages,South,259,120,134,115,40,20,Sunny,1,43.35,High
2025-12-20,1,P007,Parle-G 800g,Snacks,South,90,135,151,139,65,20,Stormy,0,68.43,High
2025-12-20,1,P008,Surf Excel 1kg,Cleaning,South,191,139,140,134,220,15,Sunny,0,204.26,High
2025-12-20,1,P009,Amul Butter 500g,Dairy,South,59,113,131,114,275,20,Rainy,0,262.4,High
2025-12-20,1,P010,Red Label Tea 500g,Beverages,South,154,150,164,146,255,15,Cloudy,0,254.74,High
2025-12-21,1,P001,Amul Taaza Toned Milk 1L,Dairy,South,181,132,145,127,58,10,Rainy,0,61.12,High
2025-12-21,1,P002,Britannia Good Day 600g,Snacks,South,198,50,62,49,120,0,Stormy,0,118.75,High
2025-12-21,1,P003,Aashirvaad Atta 5kg,Staples,South,169,51,55,47,248,10,Rainy,0,226.0,High
2025-12-21,1,P004,Maggi 2-Minute Noodles,Snacks,South,116,86,103,84,48,20,Cloudy,0,48.7,High
2025-12-21,1,P005,Tata Salt 1kg,Staples,South,216,56,68,52,22,0,Stormy,0,20.8,High
2025-12-21,1,P006,Coca-Cola 600ml,Beverages,South,151,101,111,103,40,20,Rainy,1,43.02,High
2025-12-21,1,P007,Parle-G 800g,Snacks,South,149,109,112,110,65,20,Stormy,0,60.27,High
2025-12-21,1,P008,Surf Excel 1kg,Cleaning,South,239,91,96,93,220,20,Sunny,0,219.46,High
2025-12-21,1,P009,Amul Butter 500g,Dairy,South,296,133,133,136,275,0,Cloudy,0,266.56,High
2025-12-21,1,P010,Red Label Tea 500g,Beverages,South,275,89,106,87,255,0,Stormy,0,266.78,High
2025-12-22,1,P001,Amul Taaza Toned Milk 1L,Dairy,South,150,75,90,78,58,0,Cloudy,0,60.73,High
2025-12-22,1,P002,Britannia Good Day 600g,Snacks,South,294,76,94,71,120,0,Sunny,0,119.68,High
2025-12-22,1,P003,Aashirvaad Atta 5kg,Staples,South,106,58,70,55,248,0,Stormy,0,252.92,High
2025-12-22,1,P004,Maggi 2-Minute Noodles,Snacks,South,262,35,42,36,48,5,Sunny,0,46.34,High
2025-12-22,1,P005,Tata Salt 1kg,Staples,South,141,36,39,38,22,0,Rainy,0,22.2,High
2025-12-22,1,P006,Coca-Cola 600ml,Beverages,South,174,37,39,38,40,15,Cloudy,1,39.3,High
2025-12-22,1,P007,Parle-G 800g,Snacks,South,179,57,64,58,65,15,Stormy,0,61.72,High
2025-12-22,1,P008,Surf Excel 1kg,Cleaning,South,122,82,98,78,220,0,Cloudy,0,217.87,High
2025-12-22,1,P009,Amul Butter 500g,Dairy,South,188,49,53,51,275,0,Rainy,0,276.85,High
2025-12-22,1,P010,Red Label Tea 500g,Beverages,South,228,73,87,69,255,0,Cloudy,0,239.32,High
2025-12-23,1,P001,Amul Taaza Toned Milk 1L,Dairy,South,116,67,85,69,58,0,Sunny,0,54.35,High
2025-12-23,1,P002,Britannia Good Day 600g,Snacks,South,132,69,78,66,120,0,Sunny,0,118.48,High
2025-12-23,1,P003,Aashirvaad Atta 5kg,Staples,South,105,96,109,93,248,10,Stormy,0,262.57,High
2025-12-23,1,P004,Maggi 2-Minute Noodles,Snacks,South,263,99,118,99,48,15,Stormy,0,45.42,High
2025-12-23,1,P005,Tata Salt 1kg,Staples,South,112,94,98,92,22,20,Cloudy,0,22.64,High
2025-12-23,1,P006,Coca-Cola 600ml,Beverages,South,180,83,92,85,40,20,Sunny,0,41.22,High
2025-12-23,1,P007,Parle-G 800g,Snacks,South,128,71,76,69,65,20,Sunny,0,68.31,High
2025-12-23,1,P008,Surf Excel 1kg,Cleaning,South,152,88,97,90,220,15,Rainy,0,234.87,High
2025-12-23,1,P009,Amul Butter 500g,Dairy,South,89,20,32,21,275,0,Stormy,0,275.75,High
2025-12-23,1,P010,Red Label Tea 500g,Beverages,South,161,74,80,69,255,0,Rainy,0,262.75,High
2025-12-24,1,P001,Amul Taaza Toned Milk 1L,Dairy,South,296,48,62,52,58,5,Stormy,0,55.67,High
2025-12-24,1,P002,Britannia Good Day 600g,Snacks,South,257,24,35,19,120,5,Cloudy,0,113.03,High
2025-12-24,1,P003,Aashirvaad Atta 5kg,Staples,South,259,41,48,45,248,15,Rainy,0,267.9,High
2025-12-24,1,P004,Maggi 2-Minute Noodles,Snacks,South,290,63,72,63,48,0,Sunny,0,43.37,High
2025-12-24,1,P005,Tata Salt 1kg,Staples,South,171,35,49,31,22,0,Stormy,0,23.36,High
2025-12-24,1,P006,Coca-Cola 600ml,Beverages,South,239,35,35,37,40,5,Rainy,1,36.66,High
2025-12-24,1,P007,Parle-G 800g,Snacks,South,192,30,41,33,65,20,Rainy,0,65.74,High
2025-12-24,1,P008,Surf Excel 1kg,Cleaning,South,263,98,108,96,220,0,Stormy,1,207.42,High
2025-12-24,1,P009,Amul Butter 500g,Dairy,South,293,94,96,94,275,0,Rainy,1,300.97,High
2025-12-24,1,P010,Red Label Tea 500g,Beverages,South,98,29,39,26,255,0,Rainy,1,259.03,High
2025-12-25,1,P001,Amul Taaza Toned Milk 1L,Dairy,South,175,29,46,31,58,5,Cloudy,0,54.78,High
2025-12-25,1,P002,Britannia Good Day 600g,Snacks,South,94,36,52,31,120,0,Rainy,1,120.77,High
2025-12-25,1,P003,Aashirvaad Atta 5kg,Staples,South,298,96,104,97,248,5,Cloudy,0,260.97,High
2025-12-25,1,P004,Maggi 2-Minute Noodles,Snacks,South,199,65,81,69,48,0,Rainy,0,51.38,High
2025-12-25,1,P005,Tata Salt 1kg,Staples,South,53,47,54,46,22,5,Rainy,1,19.87,High
2025-12-25,1,P006,Coca-Cola 600ml,Beverages,South,62,68,85,69,40,0,Cloudy,0,40.58,High
2025-12-25,1,P007,Parle-G 800g,Snacks,South,131,101,115,102,65,5,Cloudy,1,70.33,High
2025-12-25,1,P008,Surf Excel 1kg,Cleaning,South,192,26,27,27,220,0,Rainy,0,240.36,High
2025-12-25,1,P009,Amul Butter 500g,Dairy,South,101,38,52,40,275,5,Rainy,1,301.77,High
2025-12-25,1,P010,Red Label Tea 500g,Beverages,South,263,93,104,94,255,15,Stormy,0,271.92,High
2025-12-26,1,P001,Amul Taaza Toned Milk 1L,Dairy,South,158,57,65,60,58,15,Stormy,1,53.58,High
2025-12-26,1,P002,Britannia Good Day 600g,Snacks,South,85,80,84,79,120,20,Sunny,0,113.33,High
2025-12-26,1,P003,Aashirvaad Atta 5kg,Staples,South,250,77,88,74,248,0,Cloudy,1,242.33,High
2025-12-26,1,P004,Maggi 2-Minute Noodles,Snacks,South,174,42,43,39,48,0,Stormy,0,52.07,High
2025-12-26,1,P005,Tata Salt 1kg,Staples,South,67,34,40,37,22,20,Rainy,1,21.67,High
2025-12-26,1,P006,Coca-Cola 600ml,Beverages,South,142,47,55,50,40,5,Cloudy,1,42.6,High
2025-12-26,1,P007,Parle-G 800g,Snacks,South,244,77,78,72,65,10,Rainy,1,60.47,High
2025-12-26,1,P008,Surf Excel 1kg,Cleaning,South,279,101,112,103,220,0,Sunny,0,202.84,High
2025-12-26,1,P009,Amul Butter 500g,Dairy,South,210,99,102,94,275,15,Stormy,0,283.31,High
2025-12-26,1,P010,Red Label Tea 500g,Beverages,South,54,97,110,94,255,15,Cloudy,0,277.28,High
2025-12-27,1,P001,Amul Taaza Toned Milk 1L,Dairy,South,156,76,83,80,58,15,Sunny,0,53.17,High
2025-12-27,1,P002,Britannia Good Day 600g,Snacks,South,226,130,130,130,120,5,Rainy,0,126.55,High
2025-12-27,1,P003,Aashirvaad Atta 5kg,Staples,South,91,98,107,93,248,20,Sunny,1,264.36,High
2025-12-27,1,P004,Maggi 2-Minute Noodles,Snacks,South,178,139,155,142,48,10,Sunny,0,51.56,High
2025-12-27,1,P005,Tata Salt 1kg,Staples,South,162,113,123,108,22,10,Cloudy,1,21.27,High
2025-12-27,1,P006,Coca-Cola 600ml,Beverages,South,272,78,93,82,40,10,Stormy,0,39.73,High
2025-12-27,1,P007,Parle-G 800g,Snacks,South,137,101,108,102,65,0,Sunny,0,69.18,High
2025-12-27,1,P008,Surf Excel 1kg,Cleaning,South,55,65,82,67,220,0,Sunny,1,236.5,High
2025-12-27,1,P009,Amul Butter 500g,Dairy,South,188,119,128,123,275,0,Stormy,0,278.47,High
2025-12-27,1,P010,Red Label Tea 500g,Beverages,South,75,58,69,57,255,0,Stormy,1,256.04,High
2025-12-28,1,P001,Amul Taaza Toned Milk 1L,Dairy,South,294,68,78,70,58,5,Cloudy,0,57.38,High
2025-12-28,1,P002,Britannia Good Day 600g,Snacks,South,239,105,111,107,120,5,Stormy,0,130.72,High
2025-12-28,1,P003,Aashirvaad Atta 5kg,Staples,South,259,106,117,101,248,0,Stormy,0,272.07,High
2025-12-28,1,P004,Maggi 2-Minute Noodles,Snacks,South,182,124,126,121,48,5,Cloudy,0,48.18,High
2025-12-28,1,P005,Tata Salt 1kg,Staples,South,102,128,147,131,22,5,Rainy,0,22.41,High
2025-12-28,1,P006,Coca-Cola 600ml,Beverages,South,186,42,54,44,40,15,Sunny,1,41.92,High
2025-12-28,1,P007,Parle-G 800g,Snacks,South,136,92,100,95,65,0,Sunny,0,71.48,High
2025-12-28,1,P008,Surf Excel 1kg,Cleaning,South,169,46,63,43,220,0,Rainy,0,226.07,High
2025-12-28,1,P009,Amul Butter 500g,Dairy,South,266,80,96,83,275,0,Rainy,1,265.37,High
2025-12-28,1,P010,Red Label Tea 500g,Beverages,South,291,64,81,67,255,20,Cloudy,0,263.93,High
2025-12-29,1,P001,Amul Taaza Toned Milk 1L,Dairy,South,263,105,115,100,58,0,Sunny,0,52.7,High
2025-12-29,1,P002,Britannia Good Day 600g,Snacks,South,95,44,59,41,120,0,Sunny,0,125.8,High
2025-12-29,1,P003,Aashirvaad Atta 5kg,Staples,South,262,37,55,38,248,20,Rainy,1,270.48,High
2025-12-29,1,P004,Maggi 2-Minute Noodles,Snacks,South,87,47,66,45,48,0,Sunny,1,50.03,High
2025-12-29,1,P005,Tata Salt 1kg,Staples,South,133,57,62,57,22,5,Cloudy,0,23.67,High
2025-12-29,1,P006,Coca-Cola 600ml,Beverages,South,204,68,81,68,40,5,Sunny,0,42.73,High
2025-12-29,1,P007,Parle-G 800g,Snacks,South,258,87,97,87,65,20,Rainy,0,62.62,High
2025-12-29,1,P008,Surf Excel 1kg,Cleaning,South,62,38,50,42,220,15,Stormy,1,233.62,High
2025-12-29,1,P009,Amul Butter 500g,Dairy,South,264,94,111,91,275,0,Rainy,0,262.16,High
2025-12-29,1,P010,Red Label Tea 500g,Beverages,South,183,104,119,105,255,15,Stormy,1,273.28,High
2025-12-30,1,P001,Amul Taaza Toned Milk 1L,Dairy,South,116,37,51,33,58,5,Rainy,0,53.85,High
2025-12-30,1,P002,Britannia Good Day 600g,Snacks,South,289,28,40,24,120,0,Sunny,0,118.42,High
2025-12-30,1,P003,Aashirvaad Atta 5kg,Staples,South,64,93,93,89,248,0,Rainy,0,255.53,High
2025-12-30,1,P004,Maggi 2-Minute Noodles,Snacks,South,237,51,52,50,48,0,Cloudy,0,47.7,High
2025-12-30,1,P005,Tata Salt 1kg,Staples,South,292,102,116,97,22,0,Sunny,0,22.52,High
2025-12-30,1,P006,Coca-Cola 600ml,Beverages,South,188,25,28,25,40,0,Rainy,0,40.64,High
2025-12-30,1,P007,Parle-G 800g,Snacks,South,69,88,98,87,65,0,Stormy,0,64.86,High
2025-12-30,1,P008,Surf Excel 1kg,Cleaning,South,158,78,97,76,220,20,Cloudy,1,233.16,High
2025-12-30,1,P009,Amul Butter 500g,Dairy,South,196,97,116,100,275,5,Stormy,0,280.84,High
2025-12-30,1,P010,Red Label Tea 500g,Beverages,South,164,44,61,39,255,0,Rainy,1,278.05,High
2025-12-31,1,P001,Amul Taaza Toned Milk 1L,Dairy,South,158,112,119,116,58,0,Cloudy,0,57.74,High
2025-12-31,1,P002,Britannia Good Day 600g,Snacks,South,128,85,97,80,120,0,Stormy,1,122.38,High
2025-12-31,1,P003,Aashirvaad Atta 5kg,Staples,South,57,39,41,37,248,0,Cloudy,0,248.8,High
2025-12-31,1,P004,Maggi 2-Minute Noodles,Snacks,South,265,101,104,97,48,0,Stormy,0,46.95,High
2025-12-31,1,P005,Tata Salt 1kg,Staples,South,153,88,99,83,22,10,Sunny,1,21.9,High
2025-12-31,1,P006,Coca-Cola 600ml,Beverages,South,240,28,44,32,40,5,Cloudy,0,43.69,High
2025-12-31,1,P007,Parle-G 800g,Snacks,South,214,89,102,92,65,0,Rainy,0,61.12,High
2025-12-31,1,P008,Surf Excel 1kg,Cleaning,South,123,92,97,92,220,15,Sunny,0,201.75,High
2025-12-31,1,P009,Amul Butter 500g,Dairy,South,276,65,70,61,275,20,Stormy,0,255.77,High
2025-12-31,1,P010,Red Label Tea 500g,Beverages,South,116,102,119,100,255,10,Cloudy,0,280.49,High
2026-01-01,1,P001,Amul Taaza Toned Milk 1L,Dairy,South,291,53,66,50,58,0,Cloudy,0,61.34,Low
2026-01-01,1,P002,Britannia Good Day 600g,Snacks,South,133,71,77,66,120,10,Rainy,0,124.54,Low
2026-01-01,1,P003,Aashirvaad Atta 5kg,Staples,South,235,81,83,84,248,0,Stormy,1,225.23,Low
2026-01-01,1,P004,Maggi 2-Minute Noodles,Snacks,South,116,78,97,78,48,5,Cloudy,1,52.37,Low
2026-01-01,1,P005,Tata Salt 1kg,Staples,South,222,23,37,19,22,15,Cloudy,1,21.11,Low
2026-01-01,1,P006,Coca-Cola 600ml,Beverages,South,178,77,86,79,40,0,Sunny,0,36.21,Low
2026-01-01,1,P007,Parle-G 800g,Snacks,South,284,76,82,77,65,5,Stormy,0,66.89,Low
2026-01-01,1,P008,Surf Excel 1kg,Cleaning,South,299,31,49,35,220,10,Rainy,0,210.02,Low
2026-01-01,1,P009,Amul Butter 500g,Dairy,South,135,30,48,29,275,0,Stormy,1,298.63,Low
2026-01-01,1,P010,Red Label Tea 500g,Beverages,South,111,26,39,22,255,0,Cloudy,1,276.35,Low
2026-01-02,1,P001,Amul Taaza Toned Milk 1L,Dairy,South,198,69,76,68,58,0,Cloudy,0,53.54,Low
2026-01-02,1,P002,Britannia Good Day 600g,Snacks,South,181,30,44,32,120,5,Stormy,0,116.98,Low
2026-01-02,1,P003,Aashirvaad Atta 5kg,Staples,South,90,35,47,34,248,15,Cloudy,0,240.66,Low
2026-01-02,1,P004,Maggi 2-Minute Noodles,Snacks,South,287,79,97,81,48,0,Stormy,1,52.76,Low
2026-01-02,1,P005,Tata Salt 1kg,Staples,South,275,32,40,36,22,20,Stormy,1,22.86,Low
2026-01-02,1,P006,Coca-Cola 600ml,Beverages,South,140,20,21,23,40,15,Sunny,0,43.56,Low
2026-01-02,1,P007,Parle-G 800g,Snacks,South,290,33,39,31,65,0,Sunny,0,59.81,Low
2026-01-02,1,P008,Surf Excel 1kg,Cleaning,South,157,30,33,25,220,0,Cloudy,0,230.46,Low
2026-01-02,1,P009,Amul Butter 500g,Dairy,South,274,45,54,43,275,10,Cloudy,0,281.49,Low
2026-01-02,1,P010,Red Label Tea 500g,Beverages,South,213,78,78,80,255,0,Rainy,0,259.29,Low
2026-01-03,1,P001,Amul Taaza Toned Milk 1L,Dairy,South,165,83,100,87,58,10,Stormy,1,53.94,Low
2026-01-03,1,P002,Britannia Good Day 600g,Snacks,South,66,74,89,70,120,0,Stormy,0,130.63,Low
2026-01-03,1,P003,Aashirvaad Atta 5kg,Staples,South,88,106,110,107,248,5,Stormy,1,267.5,Low
2026-01-03,1,P004,Maggi 2-Minute Noodles,Snacks,South,296,44,52,44,48,5,Stormy,0,43.64,Low
2026-01-03,1,P005,Tata Salt 1kg,Staples,South,280,76,76,79,22,10,Sunny,0,21.81,Low
2026-01-03,1,P006,Coca-Cola 600ml,Beverages,South,299,65,83,61,40,20,Sunny,0,38.48,Low
2026-01-03,1,P007,Parle-G 800g,Snacks,South,167,54,59,49,65,0,Stormy,0,59.6,Low
2026-01-03,1,P008,Surf Excel 1kg,Cleaning,South,250,69,70,70,220,0,Rainy,1,208.5,Low
2026-01-03,1,P009,Amul Butter 500g,Dairy,South,77,44,57,45,275,0,Rainy,0,254.93,Low
2026-01-03,1,P010,Red Label Tea 500g,Beverages,South,60,44,46,45,255,0,Sunny,0,268.04,Low
2026-01-04,1,P001,Amul Taaza Toned Milk 1L,Dairy,South,237,36,55,33,58,15,Stormy,0,59.57,Low
2026-01-04,1,P002,Britannia Good Day 600g,Snacks,South,266,71,72,73,120,0,Rainy,0,110.17,Low
2026-01-04,1,P003,Aashirvaad Atta 5kg,Staples,South,67,32,44,31,248,0,Rainy,0,272.64,Low
2026-01-04,1,P004,Maggi 2-Minute Noodles,Snacks,South,109,99,103,96,48,0,Cloudy,1,51.08,Low
2026-01-04,1,P005,Tata Salt 1kg,Staples,South,279,51,68,47,22,10,Cloudy,0,22.5,Low
2026-01-04,1,P006,Coca-Cola 600ml,Beverages,South,167,50,67,51,40,0,Stormy,0,39.91,Low
2026-01-04,1,P007,Parle-G 800g,Snacks,South,123,91,107,91,65,5,Rainy,0,67.72,Low
2026-01-04,1,P008,Surf Excel 1kg,Cleaning,South,212,46,64,44,220,0,Sunny,1,198.72,Low
2026-01-04,1,P009,Amul Butter 500g,Dairy,South,101,80,83,83,275,15,Rainy,0,301.11,Low
2026-01-04,1,P010,Red Label Tea 500g,Beverages,South,95,90,93,91,255,0,Rainy,1,248.87,Low
2026-01-05,1,P001,Amul Taaza Toned Milk 1L,Dairy,South,110,34,42,29,58,10,Rainy,1,58.72,Low
2026-01-05,1,P002,Britannia Good Day 600g,Snacks,South,162,51,56,51,120,0,Rainy,1,124.78,Low
2026-01-05,1,P003,Aashirvaad Atta 5kg,Staples,South,133,67,79,70,248,0,Cloudy,0,245.85,Low
2026-01-05,1,P004,Maggi 2-Minute Noodles,Snacks,South,207,64,74,64,48,0,Rainy,0,47.17,Low
2026-01-05,1,P005,Tata Salt 1kg,Staples,South,159,25,31,25,22,20,Sunny,0,23.4,Low
2026-01-05,1,P006,Coca-Cola 600ml,Beverages,South,227,59,75,57,40,10,Cloudy,0,42.96,Low
2026-01-05,1,P007,Parle-G 800g,Snacks,South,119,21,21,23,65,5,Stormy,0,63.63,Low
2026-01-05,1,P008,Surf Excel 1kg,Cleaning,South,183,66,78,64,220,0,Rainy,0,234.45,Low
2026-01-05,1,P009,Amul Butter 500g,Dairy,South,282,69,82,69,275,10,Rainy,0,278.84,Low
2026-01-05,1,P010,Red Label Tea 500g,Beverages,South,167,34,40,29,255,0,Cloudy,0,257.89,Low
2026-01-06,1,P001,Amul Taaza Toned Milk 1L,Dairy,South,137,34,45,34,58,0,Cloudy,0,60.87,Low
2026-01-06,1,P002,Britannia Good Day 600g,Snacks,South,216,33,41,33,120,0,Cloudy,0,108.62,Low
2026-01-06,1,P003,Aashirvaad Atta 5kg,Staples,South,212,30,31,27,248,20,Cloudy,0,272.77,Low
2026-01-06,1,P004,Maggi 2-Minute Noodles,Snacks,South,293,55,73,58,48,10,Sunny,0,48.72,Low
2026-01-06,1,P005,Tata Salt 1kg,Staples,South,58,54,55,51,22,5,Sunny,0,22.5,Low
2026-01-06,1,P006,Coca-Cola 600ml,Beverages,South,214,41,54,45,40,0,Cloudy,0,41.37,Low
2026-01-06,1,P007,Parle-G 800g,Snacks,South,251,52,62,54,65,0,Stormy,1,60.5,Low
2026-01-06,1,P008,Surf Excel 1kg,Cleaning,South,295,79,97,82,220,0,Sunny,0,228.5,Low
2026-01-06,1,P009,Amul Butter 500g,Dairy,South,156,54,65,49,275,15,Rainy,0,273.06,Low
2026-01-06,1,P010,Red Label Tea 500g,Beverages,South,212,50,66,52,255,0,Rainy,0,240.81,Low
2026-01-07,1,P001,Amul Taaza Toned Milk 1L,Dairy,South,177,45,53,47,58,20,Cloudy,0,58.82,Low
2026-01-07,1,P002,Britannia Good Day 600g,Snacks,South,255,43,49,39,120,0,Cloudy,0,123.41,Low
2026-01-07,1,P003,Aashirvaad Atta 5kg,Staples,South,82,82,92,79,248,0,Cloudy,0,224.98,Low
2026-01-07,1,P004,Maggi 2-Minute Noodles,Snacks,South,71,44,63,47,48,0,Cloudy,0,43.89,Low
2026-01-07,1,P005,Tata Salt 1kg,Staples,South,118,75,85,71,22,0,Rainy,0,22.61,Low
2026-01-07,1,P006,Coca-Cola 600ml,Beverages,South,146,76,79,71,40,0,Sunny,0,37.1,Low
2026-01-07,1,P007,Parle-G 800g,Snacks,South,204,55,61,50,65,10,Sunny,0,65.8,Low
2026-01-07,1,P008,Surf Excel 1kg,Cleaning,South,231,30,35,33,220,5,Stormy,0,236.63,Low
2026-01-07,1,P009,Amul Butter 500g,Dairy,South,124,51,54,52,275,0,Sunny,0,268.18,Low
2026-01-07,1,P010,Red Label Tea 500g,Beverages,South,102,37,44,40,255,15,Rainy,0,238.73,Low
2026-01-08,1,P001,Amul Taaza Toned Milk 1L,Dairy,South,89,21,25,17,58,0,Rainy,1,60.49,Low
2026-01-08,1,P002,Britannia Good Day 600g,Snacks,South,250,70,86,72,120,5,Cloudy,1,130.02,Low
2026-01-08,1,P003,Aashirvaad Atta 5kg,Staples,South,229,50,66,54,248,0,Sunny,1,258.74,Low
2026-01-08,1,P004,Maggi 2-Minute Noodles,Snacks,South,233,50,57,46,48,5,Cloudy,0,46.27,Low
2026-01-08,1,P005,Tata Salt 1kg,Staples,South,80,62,80,61,22,15,Sunny,0,20.03,Low
2026-01-08,1,P006,Coca-Cola 600ml,Beverages,South,178,16,27,17,40,10,Sunny,0,39.74,Low
2026-01-08,1,P007,Parle-G 800g,Snacks,South,62,66,82,62,65,15,Sunny,0,60.77,Low
2026-01-08,1,P008,Surf Excel 1kg,Cleaning,South,54,63,82,65,220,5,Sunny,0,206.74,Low
2026-01-08,1,P009,Amul Butter 500g,Dairy,South,251,31,50,27,275,0,Sunny,1,256.74,Low
2026-01-08,1,P010,Red Label Tea 500g,Beverages,South,212,39,57,43,255,20,Cloudy,0,243.6,Low
2026-01-09,1,P001,Amul Taaza Toned Milk 1L,Dairy,South,238,28,32,30,58,10,Stormy,0,59.84,Low
2026-01-09,1,P002,Britannia Good Day 600g,Snacks,South,171,47,64,47,120,0,Rainy,0,119.47,Low
2026-01-09,1,P003,Aashirvaad Atta 5kg,Staples,South,54,39,50,36,248,10,Sunny,0,258.81,Low
2026-01-09,1,P004,Maggi 2-Minute Noodles,Snacks,South,257,31,49,27,48,0,Sunny,0,46.4,Low
2026-01-09,1,P005,Tata Salt 1kg,Staples,South,56,50,57,52,22,0,Cloudy,0,21.43,Low
2026-01-09,1,P006,Coca-Cola 600ml,Beverages,South,212,37,50,36,40,10,Rainy,1,39.69,Low
2026-01-09,1,P007,Parle-G 800g,Snacks,South,183,46,65,44,65,0,Rainy,1,62.95,Low
2026-01-09,1,P008,Surf Excel 1kg,Cleaning,South,155,51,63,46,220,5,Rainy,0,237.39,Low
2026-01-09,1,P009,Amul Butter 500g,Dairy,South,250,61,69,65,275,20,Sunny,0,287.77,Low
2026-01-09,1,P010,Red Label Tea 500g,Beverages,South,269,71,72,74,255,0,Stormy,0,248.55,Low
2026-01-10,1,P001,Amul Taaza Toned Milk 1L,Dairy,South,83,89,94,89,58,0,Stormy,0,56.05,Low
2026-01-10,1,P002,Britannia Good Day 600g,Snacks,South,96,40,56,38,120,10,Cloudy,0,118.95,Low
2026-01-10,1,P003,Aashirvaad Atta 5kg,Staples,South,139,56,62,55,248,10,Cloudy,1,248.08,Low
2026-01-10,1,P004,Maggi 2-Minute Noodles,Snacks,South,132,58,61,58,48,20,Rainy,0,45.12,Low
2026-01-10,1,P005,Tata Salt 1kg,Staples,South,91,51,59,53,22,0,Stormy,0,21.29,Low
2026-01-10,1,P006,Coca-Cola 600ml,Beverages,South,148,35,49,35,40,5,Rainy,0,36.69,Low
2026-01-10,1,P007,Parle-G 800g,Snacks,South,114,23,37,27,65,0,Cloudy,0,67.96,Low
2026-01-10,1,P008,Surf Excel 1kg,Cleaning,South,122,61,76,64,220,0,Cloudy,0,238.86,Low
2026-01-10,1,P009,Amul Butter 500g,Dairy,South,156,78,82,78,275,15,Rainy,0,301.61,Low
2026-01-10,1,P010,Red Label Tea 500g,Beverages,South,229,91,99,87,255,5,Rainy,0,232.23,Low
2026-01-11,1,P001,Amul Taaza Toned Milk 1L,Dairy,South,53,57,65,61,58,0,Sunny,1,62.38,Low
2026-01-11,1,P002,Britannia Good Day 600g,Snacks,South,94,71,75,75,120,20,Sunny,1,121.2,Low
2026-01-11,1,P003,Aashirvaad Atta 5kg,Staples,South,219,20,36,16,248,10,Cloudy,1,253.83,Low
2026-01-11,1,P004,Maggi 2-Minute Noodles,Snacks,South,209,51,56,46,48,0,Stormy,0,51.13,Low
2026-01-11,1,P005,Tata Salt 1kg,Staples,South,130,88,92,87,22,20,Stormy,0,22.29,Low
2026-01-11,1,P006,Coca-Cola 600ml,Beverages,South,193,69,69,68,40,0,Sunny,0,39.95,Low
2026-01-11,1,P007,Parle-G 800g,Snacks,South,244,42,52,46,65,20,Stormy,0,65.11,Low
2026-01-11,1,P008,Surf Excel 1kg,Cleaning,South,191,103,104,103,220,20,Stormy,1,227.75,Low
2026-01-11,1,P009,Amul Butter 500g,Dairy,South,267,63,66,61,275,20,Cloudy,0,250.11,Low
2026-01-11,1,P010,Red Label Tea 500g,Beverages,South,50,68,76,66,255,20,Rainy,0,245.29,Low
2026-01-12,1,P001,Amul Taaza Toned Milk 1L,Dairy,South,79,68,86,72,58,5,Sunny,0,61.5,Low
2026-01-12,1,P002,Britannia Good Day 600g,Snacks,South,114,56,73,52,120,15,Stormy,0,127.29,Low
2026-01-12,1,P003,Aashirvaad Atta 5kg,Staples,South,140,47,52,48,248,5,Cloudy,0,237.92,Low
2026-01-12,1,P004,Maggi 2-Minute Noodles,Snacks,South,234,39,40,38,48,10,Rainy,0,43.54,Low
2026-01-12,1,P005,Tata Salt 1kg,Staples,South,56,25,37,27,22,15,Rainy,1,21.37,Low
2026-01-12,1,P006,Coca-Cola 600ml,Beverages,South,291,61,79,57,40,0,Stormy,0,40.04,Low
2026-01-12,1,P007,Parle-G 800g,Snacks,South,196,51,54,50,65,0,Cloudy,0,60.87,Low
2026-01-12,1,P008,Surf Excel 1kg,Cleaning,South,134,52,54,51,220,0,Sunny,0,201.18,Low
2026-01-12,1,P009,Amul Butter 500g,Dairy,South,69,27,35,24,275,0,Sunny,0,300.54,Low
2026-01-12,1,P010,Red Label Tea 500g,Beverages,South,239,37,48,37,255,10,Sunny,0,249.87,Low
2026-01-13,1,P001,Amul Taaza Toned Milk 1L,Dairy,South,56,42,56,46,58,0,Rainy,1,63.09,Low
2026-01-13,1,P002,Britannia Good Day 600g,Snacks,South,242,54,59,57,120,0,Sunny,0,118.8,Low
2026-01-13,1,P003,Aashirvaad Atta 5kg,Staples,South,239,26,41,22,248,0,Sunny,0,231.35,Low
2026-01-13,1,P004,Maggi 2-Minute Noodles,Snacks,South,54,47,52,43,48,0,Stormy,0,45.73,Low
2026-01-13,1,P005,Tata Salt 1kg,Staples,South,238,63,67,67,22,20,Sunny,0,21.38,Low
2026-01-13,1,P006,Coca-Cola 600ml,Beverages,South,292,55,68,51,40,20,Sunny,0,41.76,Low
2026-01-13,1,P007,Parle-G 800g,Snacks,South,100,31,34,34,65,20,Sunny,1,66.99,Low
2026-01-13,1,P008,Surf Excel 1kg,Cleaning,South,176,29,41,26,220,15,Sunny,1,214.26,Low
2026-01-13,1,P009,Amul Butter 500g,Dairy,South,96,20,27,24,275,10,Cloudy,0,299.5,Low
2026-01-13,1,P010,Red Label Tea 500g,Beverages,South,132,28,45,32,255,0,Rainy,1,270.81,Low
2026-01-14,1,P001,Amul Taaza Toned Milk 1L,Dairy,South,154,25,30,28,58,15,Sunny,0,52.5,Low
2026-01-14,1,P002,Britannia Good Day 600g,Snacks,South,53,28,28,23,120,15,Rainy,0,112.49,Low
2026-01-14,1,P003,Aashirvaad Atta 5kg,Staples,South,162,46,53,46,248,20,Cloudy,0,264.68,Low
2026-01-14,1,P004,Maggi 2-Minute Noodles,Snacks,South,161,67,84,64,48,5,Sunny,1,46.45,Low
2026-01-14,1,P005,Tata Salt 1kg,Staples,South,66,29,45,29,22,0,Sunny,0,20.6,Low
2026-01-14,1,P006,Coca-Cola 600ml,Beverages,South,255,58,77,59,40,20,Stormy,0,36.47,Low
2026-01-14,1,P007,Parle-G 800g,Snacks,South,267,35,48,39,65,0,Sunny,0,71.17,Low
2026-01-14,1,P008,Surf Excel 1kg,Cleaning,South,88,28,42,31,220,0,Stormy,0,240.77,Low
2026-01-14,1,P009,Amul Butter 500g,Dairy,South,258,36,50,39,275,10,Cloudy,0,269.33,Low
2026-01-14,1,P010,Red Label Tea 500g,Beverages,South,226,73,79,68,255,0,Sunny,0,247.4,Low
2026-01-15,1,P001,Amul Taaza Toned Milk 1L,Dairy,South,145,35,49,37,58,20,Rainy,0,53.61,Low
2026-01-15,1,P002,Britannia Good Day 600g,Snacks,South,152,18,23,18,120,10,Rainy,0,119.41,Low
2026-01-15,1,P003,Aashirvaad Atta 5kg,Staples,South,69,71,81,74,248,0,Rainy,0,224.78,Low
2026-01-15,1,P004,Maggi 2-Minute Noodles,Snacks,South,285,57,58,58,48,0,Rainy,0,47.91,Low
2026-01-15,1,P005,Tata Salt 1kg,Staples,South,62,62,71,57,22,0,Cloudy,1,21.99,Low
2026-01-15,1,P006,Coca-Cola 600ml,Beverages,South,184,40,44,40,40,10,Rainy,0,39.85,Low
2026-01-15,1,P007,Parle-G 800g,Snacks,South,197,16,21,17,65,0,Sunny,0,63.29,Low
2026-01-15,1,P008,Surf Excel 1kg,Cleaning,South,198,78,81,73,220,15,Rainy,0,226.9,Low
2026-01-15,1,P009,Amul Butter 500g,Dairy,South,115,36,47,39,275,10,Rainy,0,267.5,Low
2026-01-15,1,P010,Red Label Tea 500g,Beverages,South,263,40,45,38,255,10,Stormy,0,256.9,Low
2026-01-16,1,P001,Amul Taaza Toned Milk 1L,Dairy,South,228,50,62,51,58,10,Cloudy,0,61.6,Low
2026-01-16,1,P002,Britannia Good Day 600g,Snacks,South,169,43,62,44,120,0,Sunny,0,115.81,Low
2026-01-16,1,P003,Aashirvaad Atta 5kg,Staples,South,298,52,53,50,248,0,Stormy,0,252.49,Low
2026-01-16,1,P004,Maggi 2-Minute Noodles,Snacks,South,244,69,76,65,48,10,Sunny,1,52.5,Low
2026-01-16,1,P005,Tata Salt 1kg,Staples,South,163,67,75,66,22,10,Stormy,0,21.05,Low
2026-01-16,1,P006,Coca-Cola 600ml,Beverages,South,113,49,62,51,40,0,Cloudy,0,38.1,Low
2026-01-16,1,P007,Parle-G 800g,Snacks,South,261,48,58,46,65,0,Stormy,0,60.68,Low
2026-01-16,1,P008,Surf Excel 1kg,Cleaning,South,54,37,44,36,220,0,Sunny,0,220.83,Low
2026-01-16,1,P009,Amul Butter 500g,Dairy,South,156,60,68,58,275,0,Cloudy,1,262.07,Low
2026-01-16,1,P010,Red Label Tea 500g,Beverages,South,68,43,43,43,255,0,Stormy,0,251.04,Low
2026-01-17,1,P001,Amul Taaza Toned Milk 1L,Dairy,South,120,108,122,108,58,0,Sunny,0,55.91,Low
2026-01-17,1,P002,Britannia Good Day 600g,Snacks,South,150,30,47,34,120,0,Cloudy,0,131.52,Low
2026-01-17,1,P003,Aashirvaad Atta 5kg,Staples,South,235,54,62,56,248,10,Sunny,0,262.21,Low
2026-01-17,1,P004,Maggi 2-Minute Noodles,Snacks,South,69,56,73,54,48,0,Rainy,0,52.12,Low
2026-01-17,1,P005,Tata Salt 1kg,Staples,South,191,92,104,90,22,15,Rainy,0,23.38,Low
2026-01-17,1,P006,Coca-Cola 600ml,Beverages,South,132,44,53,43,40,15,Stormy,0,42.33,Low
2026-01-17,1,P007,Parle-G 800g,Snacks,South,55,53,54,53,65,5,Sunny,0,70.84,Low
2026-01-17,1,P008,Surf Excel 1kg,Cleaning,South,139,33,52,36,220,20,Stormy,0,231.91,Low
2026-01-17,1,P009,Amul Butter 500g,Dairy,South,183,62,68,65,275,20,Stormy,0,281.64,Low
2026-01-17,1,P010,Red Label Tea 500g,Beverages,South,158,54,54,53,255,20,Sunny,1,255.78,Low
2026-01-18,1,P001,Amul Taaza Toned Milk 1L,Dairy,South,136,27,45,22,58,5,Cloudy,1,54.53,Low
2026-01-18,1,P002,Britannia Good Day 600g,Snacks,South,167,102,107,103,120,0,Sunny,1,129.85,Low
2026-01-18,1,P003,Aashirvaad Atta 5kg,Staples,South,111,60,61,55,248,10,Stormy,1,264.91,Low
2026-01-18,1,P004,Maggi 2-Minute Noodles,Snacks,South,259,102,114,100,48,10,Sunny,1,50.23,Low
2026-01-18,1,P005,Tata Salt 1kg,Staples,South,155,97,116,95,22,15,Sunny,0,23.89,Low
2026-01-18,1,P006,Coca-Cola 600ml,Beverages,South,54,46,53,42,40,10,Rainy,0,42.6,Low
2026-01-18,1,P007,Parle-G 800g,Snacks,South,244,46,57,50,65,0,Stormy,0,60.47,Low
2026-01-18,1,P008,Surf Excel 1kg,Cleaning,South,196,31,36,26,220,0,Rainy,0,237.14,Low
2026-01-18,1,P009,Amul Butter 500g,Dairy,South,253,89,101,85,275,15,Rainy,1,288.07,Low
2026-01-18,1,P010,Red Label Tea 500g,Beverages,South,273,42,58,45,255,20,Rainy,0,254.15,Low
2026-01-19,1,P001,Amul Taaza Toned Milk 1L,Dairy,South,176,24,32,28,58,15,Sunny,0,63.38,Low
2026-01-19,1,P002,Britannia Good Day 600g,Snacks,South,157,73,87,68,120,0,Cloudy,1,111.75,Low
2026-01-19,1,P003,Aashirvaad Atta 5kg,Staples,South,54,37,47,34,248,20,Rainy,0,236.4,Low
2026-01-19,1,P004,Maggi 2-Minute Noodles,Snacks,South,141,56,70,60,48,5,Sunny,0,46.57,Low
2026-01-19,1,P005,Tata Salt 1kg,Staples,South,112,65,84,63,22,15,Cloudy,1,22.57,Low
2026-01-19,1,P006,Coca-Cola 600ml,Beverages,South,58,30,37,34,40,5,Stormy,0,37.52,Low
2026-01-19,1,P007,Parle-G 800g,Snacks,South,159,25,25,23,65,15,Sunny,1,63.8,Low
2026-01-19,1,P008,Surf Excel 1kg,Cleaning,South,147,22,24,20,220,20,Sunny,0,214.91,Low
2026-01-19,1,P009,Amul Butter 500g,Dairy,South,133,35,44,33,275,15,Cloudy,0,274.43,Low
2026-01-19,1,P010,Red Label Tea 500g,Beverages,South,94,65,68,61,255,0,Stormy,1,269.3,Low
2026-01-20,1,P001,Amul Taaza Toned Milk 1L,Dairy,South,280,24,27,24,58,0,Cloudy,0,62.11,Low
2026-01-20,1,P002,Britannia Good Day 600g,Snacks,South,144,35,49,37,120,0,Rainy,0,119.97,Low
2026-01-20,1,P003,Aashirvaad Atta 5kg,Staples,South,85,40,40,41,248,15,Sunny,0,239.49,Low
2026-01-20,1,P004,Maggi 2-Minute Noodles,Snacks,South,270,70,75,69,48,15,Sunny,1,48.51,Low
2026-01-20,1,P005,Tata Salt 1kg,Staples,South,170,46,60,43,22,15,Stormy,0,20.06,Low
2026-01-20,1,P006,Coca-Cola 600ml,Beverages,South,172,61,69,64,40,20,Cloudy,1,38.28,Low
2026-01-20,1,P007,Parle-G 800g,Snacks,South,208,20,21,17,65,0,Cloudy,1,60.78,Low
2026-01-20,1,P008,Surf Excel 1kg,Cleaning,South,248,46,53,43,220,20,Rainy,0,240.09,Low
2026-01-20,1,P009,Amul Butter 500g,Dairy,South,147,33,47,31,275,0,Cloudy,0,266.82,Low
2026-01-20,1,P010,Red Label Tea 500g,Beverages,South,256,63,67,65,255,0,Stormy,0,249.18,Low
2026-01-21,1,P001,Amul Taaza Toned Milk 1L,Dairy,South,72,55,74,56,58,0,Rainy,0,63.76,Low
2026-01-21,1,P002,Britannia Good Day 600g,Snacks,South,180,67,69,65,120,0,Rainy,0,119.18,Low
2026-01-21,1,P003,Aashirvaad Atta 5kg,Staples,South,167,74,79,73,248,0,Cloudy,0,260.59,Low
2026-01-21,1,P004,Maggi 2-Minute Noodles,Snacks,South,262,60,79,57,48,15,Sunny,0,48.54,Low
2026-01-21,1,P005,Tata Salt 1kg,Staples,South,280,44,57,42,22,5,Rainy,0,23.51,Low
2026-01-21,1,P006,Coca-Cola 600ml,Beverages,South,233,74,78,78,40,0,Cloudy,0,42.8,Low
2026-01-21,1,P007,Parle-G 800g,Snacks,South,183,30,49,32,65,20,Stormy,0,67.76,Low
2026-01-21,1,P008,Surf Excel 1kg,Cleaning,South,273,25,31,28,220,0,Stormy,0,207.56,Low
2026-01-21,1,P009,Amul Butter 500g,Dairy,South,208,70,89,74,275,0,Cloudy,1,294.97,Low
2026-01-21,1,P010,Red Label Tea 500g,Beverages,South,205,73,82,69,255,0,Sunny,0,275.87,Low
2026-01-22,1,P001,Amul Taaza Toned Milk 1L,Dairy,South,250,47,65,47,58,0,Sunny,0,63.59,Low
2026-01-22,1,P002,Britannia Good Day 600g,Snacks,South,232,36,38,34,120,15,Stormy,0,128.59,Low
2026-01-22,1,P003,Aashirvaad Atta 5kg,Staples,South,94,75,89,70,248,0,Stormy,1,235.11,Low
2026-01-22,1,P004,Maggi 2-Minute Noodles,Snacks,South,180,72,75,74,48,20,Cloudy,1,43.4,Low
2026-01-22,1,P005,Tata Salt 1kg,Staples,South,133,52,69,51,22,0,Rainy,1,23.46,Low
2026-01-22,1,P006,Coca-Cola 600ml,Beverages,South,149,57,65,58,40,10,Cloudy,0,41.45,Low
2026-01-22,1,P007,Parle-G 800g,Snacks,South,272,34,52,31,65,0,Cloudy,1,60.1,Low
2026-01-22,1,P008,Surf Excel 1kg,Cleaning,South,286,66,72,62,220,15,Rainy,0,201.98,Low
2026-01-22,1,P009,Amul Butter 500g,Dairy,South,90,52,63,50,275,0,Sunny,1,264.98,Low
2026-01-22,1,P010,Red Label Tea 500g,Beverages,South,176,36,44,40,255,0,Stormy,0,260.24,Low
2026-01-23,1,P001,Amul Taaza Toned Milk 1L,Dairy,South,296,34,35,32,58,10,Sunny,0,61.23,Low
2026-01-23,1,P002,Britannia Good Day 600g,Snacks,South,219,54,65,51,120,10,Cloudy,1,108.05,Low
2026-01-23,1,P003,Aashirvaad Atta 5kg,Staples,South,157,26,32,28,248,0,Rainy,1,226.41,Low
2026-01-23,1,P004,Maggi 2-Minute Noodles,Snacks,South,266,59,62,60,48,20,Sunny,0,43.47,Low
2026-01-23,1,P005,Tata Salt 1kg,Staples,South,171,51,66,46,22,20,Stormy,0,20.33,Low
2026-01-23,1,P006,Coca-Cola 600ml,Beverages,South,243,67,85,64,40,5,Rainy,0,41.52,Low
2026-01-23,1,P007,Parle-G 800g,Snacks,South,255,36,44,40,65,0,Sunny,0,61.3,Low
2026-01-23,1,P008,Surf Excel 1kg,Cleaning,South,164,14,15,11,220,0,Cloudy,0,210.69,Low
2026-01-23,1,P009,Amul Butter 500g,Dairy,South,194,30,35,34,275,10,Rainy,1,251.19,Low
2026-01-23,1,P010,Red Label Tea 500g,Beverages,South,243,18,29,16,255,10,Stormy,0,244.13,Low
2026-01-24,1,P001,Amul Taaza Toned Milk 1L,Dairy,South,117,57,61,56,58,10,Stormy,0,54.27,Low
2026-01-24,1,P002,Britannia Good Day 600g,Snacks,South,226,52,52,53,120,5,Sunny,1,121.74,Low
2026-01-24,1,P003,Aashirvaad Atta 5kg,Staples,South,185,98,115,101,248,10,Cloudy,0,229.88,Low
2026-01-24,1,P004,Maggi 2-Minute Noodles,Snacks,South,259,104,123,102,48,0,Sunny,0,50.14,Low
2026-01-24,1,P005,Tata Salt 1kg,Staples,South,271,66,83,66,22,5,Cloudy,0,20.5,Low
2026-01-24,1,P006,Coca-Cola 600ml,Beverages,South,213,56,58,55,40,0,Stormy,0,38.51,Low
2026-01-24,1,P007,Parle-G 800g,Snacks,South,282,32,49,36,65,20,Cloudy,0,66.84,Low
2026-01-24,1,P008,Surf Excel 1kg,Cleaning,South,117,80,93,79,220,10,Rainy,0,203.98,Low
2026-01-24,1,P009,Amul Butter 500g,Dairy,South,115,55,69,57,275,5,Sunny,1,300.03,Low
2026-01-24,1,P010,Red Label Tea 500g,Beverages,South,182,101,109,101,255,0,Rainy,0,274.34,Low
2026-01-25,1,P001,Amul Taaza Toned Milk 1L,Dairy,South,207,86,86,82,58,15,Sunny,0,53.09,Low
2026-01-25,1,P002,Britannia Good Day 600g,Snacks,South,220,25,32,23,120,0,Sunny,0,115.66,Low
2026-01-25,1,P003,Aashirvaad Atta 5kg,Staples,South,278,69,81,72,248,0,Stormy,0,257.52,Low
2026-01-25,1,P004,Maggi 2-Minute Noodles,Snacks,South,142,73,78,77,48,15,Stormy,0,49.96,Low
2026-01-25,1,P005,Tata Salt 1kg,Staples,South,61,57,72,57,22,10,Cloudy,0,23.69,Low
2026-01-25,1,P006,Coca-Cola 600ml,Beverages,South,176,68,69,66,40,0,Rainy,1,40.31,Low
2026-01-25,1,P007,Parle-G 800g,Snacks,South,93,77,87,76,65,15,Rainy,0,65.23,Low
2026-01-25,1,P008,Surf Excel 1kg,Cleaning,South,248,64,75,63,220,20,Stormy,1,215.11,Low
2026-01-25,1,P009,Amul Butter 500g,Dairy,South,145,35,51,30,275,0,Sunny,0,285.39,Low
2026-01-25,1,P010,Red Label Tea 500g,Beverages,South,98,58,59,54,255,20,Rainy,0,239.08,Low
2026-01-26,1,P001,Amul Taaza Toned Milk 1L,Dairy,South,223,43,61,38,58,0,Cloudy,0,59.87,Low
2026-01-26,1,P002,Britannia Good Day 600g,Snacks,South,284,70,79,74,120,10,Rainy,1,117.34,Low
2026-01-26,1,P003,Aashirvaad Atta 5kg,Staples,South,291,57,62,56,248,20,Stormy,0,227.53,Low
2026-01-26,1,P004,Maggi 2-Minute Noodles,Snacks,South,63,18,20,13,48,15,Cloudy,1,44.64,Low
2026-01-26,1,P005,Tata Salt 1kg,Staples,South,293,55,63,55,22,0,Stormy,1,23.6,Low
2026-01-26,1,P006,Coca-Cola 600ml,Beverages,South,265,77,87,80,40,0,Rainy,1,36.18,Low
2026-01-26,1,P007,Parle-G 800g,Snacks,South,118,39,49,42,65,5,Sunny,1,60.91,Low
2026-01-26,1,P008,Surf Excel 1kg,Cleaning,South,233,83,87,87,220,0,Cloudy,0,213.83,Low
2026-01-26,1,P009,Amul Butter 500g,Dairy,South,186,40,59,42,275,5,Rainy,1,279.67,Low
2026-01-26,1,P010,Red Label Tea 500g,Beverages,South,123,55,67,57,255,15,Stormy,0,232.63,Low
2026-01-27,1,P001,Amul Taaza Toned Milk 1L,Dairy,South,61,47,55,51,58,0,Sunny,0,59.86,Low
2026-01-27,1,P002,Britannia Good Day 600g,Snacks,South,67,59,65,61,120,10,Stormy,0,118.08,Low
2026-01-27,1,P003,Aashirvaad Atta 5kg,Staples,South,230,73,81,75,248,0,Stormy,1,227.54,Low
2026-01-27,1,P004,Maggi 2-Minute Noodles,Snacks,South,288,59,74,55,48,20,Sunny,0,45.63,Low
2026-01-27,1,P005,Tata Salt 1kg,Staples,South,75,34,50,33,22,0,Rainy,1,21.63,Low
2026-01-27,1,P006,Coca-Cola 600ml,Beverages,South,292,81,89,81,40,0,Rainy,1,41.23,Low
2026-01-27,1,P007,Parle-G 800g,Snacks,South,50,64,69,67,65,0,Stormy,0,63.72,Low
2026-01-27,1,P008,Surf Excel 1kg,Cleaning,South,189,50,55,52,220,10,Rainy,0,240.53,Low
2026-01-27,1,P009,Amul Butter 500g,Dairy,South,202,61,74,60,275,10,Stormy,0,257.94,Low
2026-01-27,1,P010,Red Label Tea 500g,Beverages,South,96,69,81,64,255,0,Stormy,1,264.99,Low
2026-01-28,1,P001,Amul Taaza Toned Milk 1L,Dairy,South,202,50,61,45,58,0,Rainy,0,57.88,Low
2026-01-28,1,P002,Britannia Good Day 600g,Snacks,South,202,42,49,46,120,0,Rainy,0,125.87,Low
2026-01-28,1,P003,Aashirvaad Atta 5kg,Staples,South,272,37,52,41,248,0,Cloudy,0,258.65,Low
2026-01-28,1,P004,Maggi 2-Minute Noodles,Snacks,South,234,66,74,62,48,10,Stormy,0,49.33,Low
2026-01-28,1,P005,Tata Salt 1kg,Staples,South,139,21,28,18,22,20,Sunny,1,23.87,Low
2026-01-28,1,P006,Coca-Cola 600ml,Beverages,South,175,31,32,27,40,15,Rainy,0,37.67,Low
2026-01-28,1,P007,Parle-G 800g,Snacks,South,92,62,79,66,65,0,Cloudy,0,66.83,Low
2026-01-28,1,P008,Surf Excel 1kg,Cleaning,South,254,44,63,40,220,0,Sunny,0,205.1,Low
2026-01-28,1,P009,Amul Butter 500g,Dairy,South,195,32,44,32,275,0,Cloudy,0,257.91,Low
2026-01-28,1,P010,Red Label Tea 500g,Beverages,South,206,58,58,60,255,0,Sunny,0,230.5,Low
2026-01-29,1,P001,Amul Taaza Toned Milk 1L,Dairy,South,293,50,50,52,58,0,Stormy,0,61.12,Low
2026-01-29,1,P002,Britannia Good Day 600g,Snacks,South,108,73,73,72,120,5,Stormy,1,115.76,Low
2026-01-29,1,P003,Aashirvaad Atta 5kg,Staples,South,162,13,13,14,248,15,Rainy,0,257.57,Low
2026-01-29,1,P004,Maggi 2-Minute Noodles,Snacks,South,284,67,72,63,48,15,Stormy,0,44.09,Low
2026-01-29,1,P005,Tata Salt 1kg,Staples,South,147,39,51,36,22,10,Stormy,0,19.99,Low
2026-01-29,1,P006,Coca-Cola 600ml,Beverages,South,216,26,32,30,40,15,Sunny,0,38.97,Low
2026-01-29,1,P007,Parle-G 800g,Snacks,South,251,73,89,68,65,5,Cloudy,1,66.28,Low
2026-01-29,1,P008,Surf Excel 1kg,Cleaning,South,215,52,71,56,220,10,Cloudy,0,211.52,Low
2026-01-29,1,P009,Amul Butter 500g,Dairy,South,70,57,64,58,275,0,Cloudy,0,280.51,Low
2026-01-29,1,P010,Red Label Tea 500g,Beverages,South,256,30,42,33,255,0,Sunny,1,251.32,Low
2026-01-30,1,P001,Amul Taaza Toned Milk 1L,Dairy,South,166,33,40,37,58,10,Sunny,0,57.04,Low
2026-01-30,1,P002,Britannia Good Day 600g,Snacks,South,93,80,91,83,120,10,Stormy,0,126.84,Low
2026-01-30,1,P003,Aashirvaad Atta 5kg,Staples,South,143,66,66,63,248,0,Stormy,0,270.91,Low
2026-01-30,1,P004,Maggi 2-Minute Noodles,Snacks,South,186,28,39,27,48,0,Rainy,0,52.48,Low
2026-01-30,1,P005,Tata Salt 1kg,Staples,South,171,72,74,74,22,15,Sunny,1,22.61,Low
2026-01-30,1,P006,Coca-Cola 600ml,Beverages,South,55,38,50,35,40,15,Stormy,0,37.98,Low
2026-01-30,1,P007,Parle-G 800g,Snacks,South,158,13,30,9,65,0,Rainy,1,60.4,Low
2026-01-30,1,P008,Surf Excel 1kg,Cleaning,South,129,43,61,46,220,0,Stormy,1,236.43,Low
2026-01-30,1,P009,Amul Butter 500g,Dairy,South,121,30,30,28,275,0,Rainy,1,293.5,Low
2026-01-30,1,P010,Red Label Tea 500g,Beverages,South,220,23,32,26,255,15,Rainy,0,267.85,Low
2026-01-31,1,P001,Amul Taaza Toned Milk 1L,Dairy,South,52,100,113,100,58,15,Stormy,0,62.53,Low
2026-01-31,1,P002,Britannia Good Day 600g,Snacks,South,128,102,114,103,120,10,Stormy,1,112.05,Low
2026-01-31,1,P003,Aashirvaad Atta 5kg,Staples,South,161,28,47,25,248,0,Stormy,0,267.47,Low
2026-01-31,1,P004,Maggi 2-Minute Noodles,Snacks,South,189,40,42,42,48,0,Cloudy,1,43.46,Low
2026-01-31,1,P005,Tata Salt 1kg,Staples,South,68,47,51,42,22,0,Cloudy,0,20.3,Low
2026-01-31,1,P006,Coca-Cola 600ml,Beverages,South,84,32,38,30,40,0,Rainy,0,39.02,Low
2026-01-31,1,P007,Parle-G 800g,Snacks,South,159,42,49,44,65,5,Sunny,1,61.14,Low
2026-01-31,1,P008,Surf Excel 1kg,Cleaning,South,164,47,49,43,220,0,Sunny,0,237.53,Low
2026-01-31,1,P009,Amul Butter 500g,Dairy,South,212,32,39,35,275,5,Stormy,0,262.18,Low
2026-01-31,1,P010,Red Label Tea 500g,Beverages,South,279,47,54,43,255,15,Rainy,0,230.84,Low
2026-02-01,1,P001,Amul Taaza Toned Milk 1L,Dairy,South,66,71,83,72,58,15,Cloudy,0,56.31,Low
2026-02-01,1,P002,Britannia Good Day 600g,Snacks,South,236,54,64,57,120,0,Rainy,0,123.91,Low
2026-02-01,1,P003,Aashirvaad Atta 5kg,Staples,South,268,56,69,53,248,0,Sunny,1,259.88,Low
2026-02-01,1,P004,Maggi 2-Minute Noodles,Snacks,South,148,70,85,73,48,10,Rainy,0,46.22,Low
2026-02-01,1,P005,Tata Salt 1kg,Staples,South,207,47,54,47,22,15,Sunny,0,21.86,Low
2026-02-01,1,P006,Coca-Cola 600ml,Beverages,South,160,56,72,59,40,15,Sunny,0,42.65,Low
2026-02-01,1,P007,Parle-G 800g,Snacks,South,144,89,102,89,65,10,Cloudy,0,70.39,Low
2026-02-01,1,P008,Surf Excel 1kg,Cleaning,South,253,47,51,42,220,10,Rainy,0,241.64,Low
2026-02-01,1,P009,Amul Butter 500g,Dairy,South,225,65,65,62,275,0,Rainy,1,276.38,Low
2026-02-01,1,P010,Red Label Tea 500g,Beverages,South,232,33,40,31,255,5,Sunny,1,261.08,Low
2026-02-02,1,P001,Amul Taaza Toned Milk 1L,Dairy,South,266,34,49,34,58,0,Sunny,1,58.13,Low
2026-02-02,1,P002,Britannia Good Day 600g,Snacks,South,216,75,80,72,120,0,Rainy,0,125.24,Low
2026-02-02,1,P003,Aashirvaad Atta 5kg,Staples,South,216,58,66,58,248,15,Sunny,0,243.42,Low
2026-02-02,1,P004,Maggi 2-Minute Noodles,Snacks,South,59,40,59,38,48,10,Sunny,0,47.25,Low
2026-02-02,1,P005,Tata Salt 1kg,Staples,South,238,44,44,41,22,20,Cloudy,1,20.3,Low
2026-02-02,1,P006,Coca-Cola 600ml,Beverages,South,98,72,83,68,40,15,Stormy,0,38.09,Low
2026-02-02,1,P007,Parle-G 800g,Snacks,South,175,37,54,35,65,0,Sunny,0,68.77,Low
2026-02-02,1,P008,Surf Excel 1kg,Cleaning,South,206,77,83,79,220,0,Sunny,0,215.73,Low
2026-02-02,1,P009,Amul Butter 500g,Dairy,South,109,53,66,49,275,0,Rainy,0,257.6,Low
2026-02-02,1,P010,Red Label Tea 500g,Beverages,South,58,44,63,42,255,20,Stormy,0,248.29,Low
2026-02-03,1,P001,Amul Taaza Toned Milk 1L,Dairy,South,178,58,62,62,58,0,Sunny,0,55.47,Low
2026-02-03,1,P002,Britannia Good Day 600g,Snacks,South,173,36,39,33,120,5,Sunny,0,131.67,Low
2026-02-03,1,P003,Aashirvaad Atta 5kg,Staples,South,57,29,37,30,248,15,Cloudy,1,231.44,Low
2026-02-03,1,P004,Maggi 2-Minute Noodles,Snacks,South,153,31,36,33,48,0,Cloudy,0,43.83,Low
2026-02-03,1,P005,Tata Salt 1kg,Staples,South,299,38,40,41,22,0,Cloudy,0,22.5,Low
2026-02-03,1,P006,Coca-Cola 600ml,Beverages,South,271,30,45,31,40,5,Stormy,0,37.63,Low
2026-02-03,1,P007,Parle-G 800g,Snacks,South,79,55,68,56,65,0,Cloudy,1,64.7,Low
2026-02-03,1,P008,Surf Excel 1kg,Cleaning,South,90,66,80,66,220,0,Stormy,0,215.32,Low
2026-02-03,1,P009,Amul Butter 500g,Dairy,South,162,61,64,60,275,10,Stormy,0,250.9,Low
2026-02-03,1,P010,Red Label Tea 500g,Beverages,South,79,52,56,55,255,10,Rainy,0,266.41,Low
2026-02-04,1,P001,Amul Taaza Toned Milk 1L,Dairy,South,255,30,46,27,58,0,Rainy,1,52.99,Low
2026-02-04,1,P002,Britannia Good Day 600g,Snacks,South,173,37,54,37,120,0,Rainy,0,110.3,Low
2026-02-04,1,P003,Aashirvaad Atta 5kg,Staples,South,85,17,33,18,248,20,Cloudy,0,227.43,Low
2026-02-04,1,P004,Maggi 2-Minute Noodles,Snacks,South,71,25,41,25,48,20,Stormy,1,52.07,Low
2026-02-04,1,P005,Tata Salt 1kg,Staples,South,170,42,44,45,22,0,Cloudy,0,24.2,Low
2026-02-04,1,P006,Coca-Cola 600ml,Beverages,South,219,61,80,59,40,5,Sunny,1,41.75,Low
2026-02-04,1,P007,Parle-G 800g,Snacks,South,226,47,50,43,65,0,Cloudy,0,65.48,Low
2026-02-04,1,P008,Surf Excel 1kg,Cleaning,South,138,39,42,38,220,0,Cloudy,0,203.09,Low
2026-02-04,1,P009,Amul Butter 500g,Dairy,South,79,62,68,60,275,20,Sunny,0,279.68,Low
2026-02-04,1,P010,Red Label Tea 500g,Beverages,South,150,26,30,27,255,0,Cloudy,0,275.34,Low
2026-02-05,1,P001,Amul Taaza Toned Milk 1L,Dairy,South,256,44,51,42,58,20,Cloudy,0,57.18,Low
2026-02-05,1,P002,Britannia Good Day 600g,Snacks,South,189,62,74,59,120,0,Sunny,0,114.6,Low
2026-02-05,1,P003,Aashirvaad Atta 5kg,Staples,South,67,51,70,52,248,5,Cloudy,1,238.38,Low
2026-02-05,1,P004,Maggi 2-Minute Noodles,Snacks,South,172,76,82,78,48,0,Stormy,0,45.56,Low
2026-02-05,1,P005,Tata Salt 1kg,Staples,South,263,57,59,54,22,5,Stormy,0,23.18,Low
2026-02-05,1,P006,Coca-Cola 600ml,Beverages,South,202,13,19,13,40,0,Sunny,1,41.73,Low
2026-02-05,1,P007,Parle-G 800g,Snacks,South,295,60,68,63,65,0,Rainy,0,59.91,Low
2026-02-05,1,P008,Surf Excel 1kg,Cleaning,South,110,44,51,44,220,0,Cloudy,0,230.44,Low
2026-02-05,1,P009,Amul Butter 500g,Dairy,South,188,57,67,57,275,0,Rainy,1,277.67,Low
2026-02-05,1,P010,Red Label Tea 500g,Beverages,South,199,75,80,78,255,0,Sunny,0,270.47,Low
2026-02-06,1,P001,Amul Taaza Toned Milk 1L,Dairy,South,103,68,75,64,58,15,Sunny,0,57.72,Low
2026-02-06,1,P002,Britannia Good Day 600g,Snacks,South,73,40,42,38,120,0,Cloudy,0,115.16,Low
2026-02-06,1,P003,Aashirvaad Atta 5kg,Staples,South,52,61,80,59,248,5,Cloudy,0,246.22,Low
2026-02-06,1,P004,Maggi 2-Minute Noodles,Snacks,South,95,66,67,63,48,0,Cloudy,0,48.88,Low
2026-02-06,1,P005,Tata Salt 1kg,Staples,South,160,54,65,54,22,10,Rainy,0,22.09,Low
2026-02-06,1,P006,Coca-Cola 600ml,Beverages,South,149,50,68,48,40,0,Cloudy,0,40.12,Low
2026-02-06,1,P007,Parle-G 800g,Snacks,South,92,49,57,46,65,0,Stormy,0,65.74,Low
2026-02-06,1,P008,Surf Excel 1kg,Cleaning,South,195,39,51,37,220,20,Cloudy,0,233.61,Low
2026-02-06,1,P009,Amul Butter 500g,Dairy,South,267,82,101,84,275,5,Cloudy,0,264.66,Low
2026-02-06,1,P010,Red Label Tea 500g,Beverages,South,72,57,60,52,255,10,Sunny,0,236.72,Low
2026-02-07,1,P001,Amul Taaza Toned Milk 1L,Dairy,South,272,58,77,59,58,0,Rainy,1,54.04,Low
2026-02-07,1,P002,Britannia Good Day 600g,Snacks,South,169,76,95,72,120,20,Sunny,0,121.16,Low
2026-02-07,1,P003,Aashirvaad Atta 5kg,Staples,South,80,80,89,79,248,0,Cloudy,1,269.52,Low
2026-02-07,1,P004,Maggi 2-Minute Noodles,Snacks,South,179,73,78,76,48,0,Sunny,0,44.3,Low
2026-02-07,1,P005,Tata Salt 1kg,Staples,South,185,81,87,77,22,5,Rainy,0,21.15,Low
2026-02-07,1,P006,Coca-Cola 600ml,Beverages,South,270,34,49,37,40,10,Stormy,1,38.21,Low
2026-02-07,1,P007,Parle-G 800g,Snacks,South,140,105,117,109,65,0,Rainy,0,60.68,Low
2026-02-07,1,P008,Surf Excel 1kg,Cleaning,South,139,99,113,99,220,0,Stormy,1,219.6,Low
2026-02-07,1,P009,Amul Butter 500g,Dairy,South,180,33,38,30,275,10,Sunny,1,283.27,Low
2026-02-07,1,P010,Red Label Tea 500g,Beverages,South,173,37,43,38,255,0,Rainy,0,272.57,Low
2026-02-08,1,P001,Amul Taaza Toned Milk 1L,Dairy,South,69,62,80,63,58,10,Sunny,0,53.18,Low
2026-02-08,1,P002,Britannia Good Day 600g,Snacks,South,291,39,44,38,120,15,Rainy,0,117.61,Low
2026-02-08,1,P003,Aashirvaad Atta 5kg,Staples,South,244,33,39,30,248,0,Cloudy,0,262.75,Low
2026-02-08,1,P004,Maggi 2-Minute Noodles,Snacks,South,186,88,99,90,48,5,Sunny,0,52.26,Low
2026-02-08,1,P005,Tata Salt 1kg,Staples,South,60,69,70,70,22,10,Cloudy,0,22.01,Low
2026-02-08,1,P006,Coca-Cola 600ml,Beverages,South,55,53,56,57,40,0,Sunny,0,40.43,Low
2026-02-08,1,P007,Parle-G 800g,Snacks,South,57,66,70,68,65,0,Stormy,0,62.13,Low
2026-02-08,1,P008,Surf Excel 1kg,Cleaning,South,213,68,71,63,220,0,Cloudy,1,202.12,Low
2026-02-08,1,P009,Amul Butter 500g,Dairy,South,246,87,94,85,275,10,Rainy,0,275.01,Low
2026-02-08,1,P010,Red Label Tea 500g,Beverages,South,149,57,67,54,255,10,Cloudy,0,249.14,Low
2026-02-09,1,P001,Amul Taaza Toned Milk 1L,Dairy,South,134,55,74,51,58,20,Stormy,1,55.71,Low
2026-02-09,1,P002,Britannia Good Day 600g,Snacks,South,137,71,88,71,120,0,Cloudy,0,120.12,Low
2026-02-09,1,P003,Aashirvaad Atta 5kg,Staples,South,231,80,86,77,248,0,Stormy,1,223.67,Low
2026-02-09,1,P004,Maggi 2-Minute Noodles,Snacks,South,262,60,63,58,48,10,Sunny,0,52.44,Low
2026-02-09,1,P005,Tata Salt 1kg,Staples,South,192,64,77,66,22,0,Stormy,0,22.08,Low
2026-02-09,1,P006,Coca-Cola 600ml,Beverages,South,213,38,50,37,40,0,Stormy,0,41.44,Low
2026-02-09,1,P007,Parle-G 800g,Snacks,South,291,77,78,74,65,10,Stormy,1,61.41,Low
2026-02-09,1,P008,Surf Excel 1kg,Cleaning,South,218,68,70,63,220,10,Stormy,0,217.2,Low
2026-02-09,1,P009,Amul Butter 500g,Dairy,South,248,61,68,58,275,20,Stormy,0,276.19,Low
2026-02-09,1,P010,Red Label Tea 500g,Beverages,South,93,31,35,30,255,0,Cloudy,0,240.1,Low
2026-02-10,1,P001,Amul Taaza Toned Milk 1L,Dairy,South,287,19,35,17,58,0,Rainy,1,63.12,Low
2026-02-10,1,P002,Britannia Good Day 600g,Snacks,South,69,59,69,62,120,5,Sunny,0,111.1,Low
2026-02-10,1,P003,Aashirvaad Atta 5kg,Staples,South,107,12,25,14,248,20,Stormy,0,247.76,Low
2026-02-10,1,P004,Maggi 2-Minute Noodles,Snacks,South,57,49,67,50,48,0,Stormy,1,52.02,Low
2026-02-10,1,P005,Tata Salt 1kg,Staples,South,56,27,28,26,22,10,Cloudy,0,23.21,Low
2026-02-10,1,P006,Coca-Cola 600ml,Beverages,South,158,35,41,31,40,15,Rainy,1,41.79,Low
2026-02-10,1,P007,Parle-G 800g,Snacks,South,196,33,43,34,65,0,Rainy,0,63.72,Low
2026-02-10,1,P008,Surf Excel 1kg,Cleaning,South,157,15,19,15,220,20,Sunny,1,240.27,Low
2026-02-10,1,P009,Amul Butter 500g,Dairy,South,84,32,37,29,275,0,Stormy,1,272.38,Low
2026-02-10,1,P010,Red Label Tea 500g,Beverages,South,140,13,23,12,255,0,Rainy,0,279.63,Low
2026-02-11,1,P001,Amul Taaza Toned Milk 1L,Dairy,South,217,59,75,57,58,0,Stormy,0,58.28,Low
2026-02-11,1,P002,Britannia Good Day 600g,Snacks,South,77,45,53,44,120,5,Sunny,0,121.08,Low
2026-02-11,1,P003,Aashirvaad Atta 5kg,Staples,South,194,59,78,61,248,20,Rainy,0,240.5,Low
2026-02-11,1,P004,Maggi 2-Minute Noodles,Snacks,South,203,48,62,50,48,0,Rainy,0,47.54,Low
2026-02-11,1,P005,Tata Salt 1kg,Staples,South,275,72,72,76,22,5,Rainy,1,20.19,Low
2026-02-11,1,P006,Coca-Cola 600ml,Beverages,South,76,57,60,55,40,0,Sunny,0,41.05,Low
2026-02-11,1,P007,Parle-G 800g,Snacks,South,227,59,75,59,65,0,Cloudy,1,70.72,Low
2026-02-11,1,P008,Surf Excel 1kg,Cleaning,South,250,44,48,44,220,15,Rainy,0,202.83,Low
2026-02-11,1,P009,Amul Butter 500g,Dairy,South,295,34,38,34,275,5,Cloudy,0,286.54,Low
2026-02-11,1,P010,Red Label Tea 500g,Beverages,South,275,46,61,42,255,15,Stormy,0,277.68,Low
2026-02-12,1,P001,Amul Taaza Toned Milk 1L,Dairy,South,283,76,88,78,58,0,Sunny,1,63.58,Low
2026-02-12,1,P002,Britannia Good Day 600g,Snacks,South,156,22,23,24,120,10,Cloudy,1,119.52,Low
2026-02-12,1,P003,Aashirvaad Atta 5kg,Staples,South,278,24,35,19,248,0,Cloudy,1,253.46,Low
2026-02-12,1,P004,Maggi 2-Minute Noodles,Snacks,South,86,40,59,36,48,15,Sunny,1,50.69,Low
2026-02-12,1,P005,Tata Salt 1kg,Staples,South,166,59,66,63,22,0,Stormy,0,20.46,Low
2026-02-12,1,P006,Coca-Cola 600ml,Beverages,South,180,34,40,35,40,20,Stormy,0,39.65,Low
2026-02-12,1,P007,Parle-G 800g,Snacks,South,144,26,44,23,65,0,Sunny,1,59.27,Low
2026-02-12,1,P008,Surf Excel 1kg,Cleaning,South,250,72,91,75,220,0,Cloudy,1,237.95,Low
2026-02-12,1,P009,Amul Butter 500g,Dairy,South,118,36,47,40,275,0,Sunny,0,251.01,Low
2026-02-12,1,P010,Red Label Tea 500g,Beverages,South,69,49,63,48,255,15,Sunny,0,241.7,Low
2026-02-13,1,P001,Amul Taaza Toned Milk 1L,Dairy,South,116,19,23,23,58,20,Stormy,0,55.96,Low
2026-02-13,1,P002,Britannia Good Day 600g,Snacks,South,201,21,24,23,120,0,Stormy,0,125.28,Low
2026-02-13,1,P003,Aashirvaad Atta 5kg,Staples,South,249,46,64,45,248,15,Cloudy,0,265.76,Low
2026-02-13,1,P004,Maggi 2-Minute Noodles,Snacks,South,129,43,58,44,48,10,Sunny,0,47.26,Low
2026-02-13,1,P005,Tata Salt 1kg,Staples,South,255,33,52,29,22,0,Rainy,0,21.27,Low
2026-02-13,1,P006,Coca-Cola 600ml,Beverages,South,141,32,49,30,40,10,Stormy,0,36.15,Low
2026-02-13,1,P007,Parle-G 800g,Snacks,South,105,77,83,80,65,20,Cloudy,0,64.16,Low
2026-02-13,1,P008,Surf Excel 1kg,Cleaning,South,134,38,52,42,220,10,Sunny,1,236.61,Low
2026-02-13,1,P009,Amul Butter 500g,Dairy,South,58,40,42,44,275,15,Stormy,0,298.71,Low
2026-02-13,1,P010,Red Label Tea 500g,Beverages,South,124,28,41,23,255,0,Rainy,0,248.86,Low
2026-02-14,1,P001,Amul Taaza Toned Milk 1L,Dairy,South,133,35,38,37,58,20,Stormy,1,53.54,Low
2026-02-14,1,P002,Britannia Good Day 600g,Snacks,South,186,87,90,85,120,0,Cloudy,0,122.32,Low
2026-02-14,1,P003,Aashirvaad Atta 5kg,Staples,South,276,31,45,28,248,0,Rainy,0,249.7,Low
2026-02-14,1,P004,Maggi 2-Minute Noodles,Snacks,South,268,88,96,83,48,5,Sunny,0,50.48,Low
2026-02-14,1,P005,Tata Salt 1kg,Staples,South,63,77,87,77,22,0,Sunny,0,23.93,Low
2026-02-14,1,P006,Coca-Cola 600ml,Beverages,South,145,46,53,50,40,5,Sunny,0,39.44,Low
2026-02-14,1,P007,Parle-G 800g,Snacks,South,195,31,39,31,65,15,Sunny,0,65.97,Low
2026-02-14,1,P008,Surf Excel 1kg,Cleaning,South,177,100,102,101,220,0,Cloudy,0,236.99,Low
2026-02-14,1,P009,Amul Butter 500g,Dairy,South,211,92,104,87,275,20,Cloudy,1,292.04,Low
2026-02-14,1,P010,Red Label Tea 500g,Beverages,South,233,96,107,94,255,15,Stormy,0,237.81,Low
2026-02-15,1,P001,Amul Taaza Toned Milk 1L,Dairy,South,211,55,64,58,58,10,Sunny,0,61.69,Low
2026-02-15,1,P002,Britannia Good Day 600g,Snacks,South,191,27,30,23,120,0,Sunny,0,122.14,Low
2026-02-15,1,P003,Aashirvaad Atta 5kg,Staples,South,50,89,100,84,248,0,Stormy,0,268.25,Low
2026-02-15,1,P004,Maggi 2-Minute Noodles,Snacks,South,170,52,64,48,48,15,Sunny,1,46.22,Low
2026-02-15,1,P005,Tata Salt 1kg,Staples,South,125,90,91,94,22,0,Sunny,0,23.14,Low
2026-02-15,1,P006,Coca-Cola 600ml,Beverages,South,160,75,94,71,40,15,Stormy,0,41.34,Low
2026-02-15,1,P007,Parle-G 800g,Snacks,South,104,52,58,48,65,5,Rainy,0,63.35,Low
2026-02-15,1,P008,Surf Excel 1kg,Cleaning,South,143,95,109,97,220,15,Cloudy,0,198.93,Low
2026-02-15,1,P009,Amul Butter 500g,Dairy,South,225,76,92,79,275,0,Rainy,0,266.71,Low
2026-02-15,1,P010,Red Label Tea 500g,Beverages,South,188,22,24,18,255,15,Cloudy,1,240.89,Low
2026-02-16,1,P001,Amul Taaza Toned Milk 1L,Dairy,South,295,63,68,61,58,15,Cloudy,0,52.76,Low
2026-02-16,1,P002,Britannia Good Day 600g,Snacks,South,234,56,75,51,120,0,Sunny,0,115.05,Low
2026-02-16,1,P003,Aashirvaad Atta 5kg,Staples,South,94,63,81,65,248,0,Rainy,0,229.01,Low
2026-02-16,1,P004,Maggi 2-Minute Noodles,Snacks,South,168,51,70,53,48,10,Stormy,0,49.71,Low
2026-02-16,1,P005,Tata Salt 1kg,Staples,South,82,63,72,63,22,5,Sunny,0,20.15,Low
2026-02-16,1,P006,Coca-Cola 600ml,Beverages,South,54,26,44,26,40,0,Stormy,1,41.65,Low
2026-02-16,1,P007,Parle-G 800g,Snacks,South,249,25,41,27,65,0,Rainy,0,62.44,Low
2026-02-16,1,P008,Surf Excel 1kg,Cleaning,South,90,25,36,24,220,0,Sunny,0,207.54,Low
2026-02-16,1,P009,Amul Butter 500g,Dairy,South,70,75,86,72,275,20,Rainy,0,285.04,Low
2026-02-16,1,P010,Red Label Tea 500g,Beverages,South,123,50,64,52,255,15,Cloudy,1,279.52,Low
2026-02-17,1,P001,Amul Taaza Toned Milk 1L,Dairy,South,84,74,75,70,58,20,Stormy,1,62.44,Low
2026-02-17,1,P002,Britannia Good Day 600g,Snacks,South,112,58,77,61,120,5,Cloudy,1,118.03,Low
2026-02-17,1,P003,Aashirvaad Atta 5kg,Staples,South,78,17,19,17,248,15,Sunny,0,262.92,Low
2026-02-17,1,P004,Maggi 2-Minute Noodles,Snacks,South,273,84,98,88,48,20,Sunny,1,47.7,Low
2026-02-17,1,P005,Tata Salt 1kg,Staples,South,132,85,87,82,22,0,Cloudy,0,21.07,Low
2026-02-17,1,P006,Coca-Cola 600ml,Beverages,South,137,44,53,45,40,20,Stormy,1,41.4,Low
2026-02-17,1,P007,Parle-G 800g,Snacks,South,223,68,84,69,65,20,Sunny,0,64.79,Low
2026-02-17,1,P008,Surf Excel 1kg,Cleaning,South,290,34,45,34,220,0,Sunny,1,202.5,Low
2026-02-17,1,P009,Amul Butter 500g,Dairy,South,289,60,69,57,275,15,Stormy,0,281.89,Low
2026-02-17,1,P010,Red Label Tea 500g,Beverages,South,246,68,74,71,255,0,Sunny,0,232.04,Low
2026-02-18,1,P001,Amul Taaza Toned Milk 1L,Dairy,South,106,64,64,63,58,20,Cloudy,0,53.89,Low
2026-02-18,1,P002,Britannia Good Day 600g,Snacks,South,80,40,46,35,120,0,Sunny,0,127.77,Low
2026-02-18,1,P003,Aashirvaad Atta 5kg,Staples,South,220,69,69,69,248,0,Cloudy,0,227.45,Low
2026-02-18,1,P004,Maggi 2-Minute Noodles,Snacks,South,216,30,30,32,48,0,Stormy,0,50.71,Low
2026-02-18,1,P005,Tata Salt 1kg,Staples,South,64,39,52,40,22,0,Rainy,0,22.79,Low
2026-02-18,1,P006,Coca-Cola 600ml,Beverages,South,288,46,64,45,40,0,Stormy,0,39.97,Low
2026-02-18,1,P007,Parle-G 800g,Snacks,South,228,25,28,22,65,0,Stormy,0,64.71,Low
2026-02-18,1,P008,Surf Excel 1kg,Cleaning,South,178,46,54,44,220,20,Cloudy,0,240.62,Low
2026-02-18,1,P009,Amul Butter 500g,Dairy,South,295,60,74,57,275,0,Sunny,0,258.1,Low
2026-02-18,1,P010,Red Label Tea 500g,Beverages,South,137,19,32,16,255,20,Sunny,0,265.26,Low
2026-02-19,1,P001,Amul Taaza Toned Milk 1L,Dairy,South,159,37,52,34,58,5,Stormy,0,59.55,Low
2026-02-19,1,P002,Britannia Good Day 600g,Snacks,South,299,65,79,62,120,0,Rainy,0,130.38,Low
2026-02-19,1,P003,Aashirvaad Atta 5kg,Staples,South,72,81,98,84,248,15,Rainy,0,225.22,Low
2026-02-19,1,P004,Maggi 2-Minute Noodles,Snacks,South,159,28,31,24,48,0,Cloudy,1,43.21,Low
2026-02-19,1,P005,Tata Salt 1kg,Staples,South,62,18,24,18,22,10,Stormy,0,20.25,Low
2026-02-19,1,P006,Coca-Cola 600ml,Beverages,South,126,80,89,84,40,10,Stormy,0,43.27,Low
2026-02-19,1,P007,Parle-G 800g,Snacks,South,225,64,67,67,65,0,Sunny,0,64.5,Low
2026-02-19,1,P008,Surf Excel 1kg,Cleaning,South,91,32,40,31,220,0,Cloudy,0,209.66,Low
2026-02-19,1,P009,Amul Butter 500g,Dairy,South,227,24,27,21,275,0,Sunny,1,284.69,Low
2026-02-19,1,P010,Red Label Tea 500g,Beverages,South,211,21,23,21,255,10,Rainy,0,243.3,Low
2026-02-20,1,P001,Amul Taaza Toned Milk 1L,Dairy,South,159,68,81,63,58,10,Cloudy,0,58.7,Low
2026-02-20,1,P002,Britannia Good Day 600g,Snacks,South,145,71,77,69,120,20,Rainy,0,116.29,Low
2026-02-20,1,P003,Aashirvaad Atta 5kg,Staples,South,265,72,84,76,248,5,Sunny,1,269.85,Low
2026-02-20,1,P004,Maggi 2-Minute Noodles,Snacks,South,178,55,64,59,48,15,Stormy,0,48.41,Low
2026-02-20,1,P005,Tata Salt 1kg,Staples,South,282,47,50,42,22,0,Cloudy,0,23.38,Low
2026-02-20,1,P006,Coca-Cola 600ml,Beverages,South,171,56,65,56,40,5,Rainy,1,36.96,Low
2026-02-20,1,P007,Parle-G 800g,Snacks,South,293,48,61,49,65,0,Stormy,1,65.88,Low
2026-02-20,1,P008,Surf Excel 1kg,Cleaning,South,260,41,50,37,220,0,Stormy,0,230.22,Low
2026-02-20,1,P009,Amul Butter 500g,Dairy,South,175,67,82,63,275,5,Sunny,0,258.05,Low
2026-02-20,1,P010,Red Label Tea 500g,Beverages,South,245,24,42,26,255,0,Sunny,0,238.72,Low
2026-02-21,1,P001,Amul Taaza Toned Milk 1L,Dairy,South,79,20,37,16,58,0,Sunny,0,61.7,Low
2026-02-21,1,P002,Britannia Good Day 600g,Snacks,South,159,69,87,73,120,15,Rainy,0,120.85,Low
2026-02-21,1,P003,Aashirvaad Atta 5kg,Staples,South,198,47,62,48,248,15,Sunny,0,240.1,Low
2026-02-21,1,P004,Maggi 2-Minute Noodles,Snacks,South,265,83,83,85,48,15,Stormy,0,43.3,Low
2026-02-21,1,P005,Tata Salt 1kg,Staples,South,86,67,77,62,22,15,Sunny,0,22.78,Low
2026-02-21,1,P006,Coca-Cola 600ml,Beverages,South,261,71,72,70,40,0,Stormy,0,38.7,Low
2026-02-21,1,P007,Parle-G 800g,Snacks,South,221,40,52,39,65,5,Stormy,0,63.94,Low
2026-02-21,1,P008,Surf Excel 1kg,Cleaning,South,210,96,96,93,220,0,Rainy,1,226.03,Low
2026-02-21,1,P009,Amul Butter 500g,Dairy,South,137,48,64,50,275,0,Cloudy,0,255.21,Low
2026-02-21,1,P010,Red Label Tea 500g,Beverages,South,201,69,76,64,255,0,Cloudy,0,249.99,Low
2026-02-22,1,P001,Amul Taaza Toned Milk 1L,Dairy,South,121,54,73,52,58,0,Sunny,0,55.71,Low
2026-02-22,1,P002,Britannia Good Day 600g,Snacks,South,123,83,93,80,120,0,Stormy,0,126.19,Low
2026-02-22,1,P003,Aashirvaad Atta 5kg,Staples,South,97,91,110,92,248,15,Cloudy,1,249.66,Low
2026-02-22,1,P004,Maggi 2-Minute Noodles,Snacks,South,81,77,94,74,48,5,Cloudy,0,48.78,Low
2026-02-22,1,P005,Tata Salt 1kg,Staples,South,249,37,46,36,22,20,Cloudy,0,21.61,Low
2026-02-22,1,P006,Coca-Cola 600ml,Beverages,South,187,86,104,83,40,0,Rainy,0,40.73,Low
2026-02-22,1,P007,Parle-G 800g,Snacks,South,142,96,99,93,65,20,Stormy,0,58.56,Low
2026-02-22,1,P008,Surf Excel 1kg,Cleaning,South,121,97,102,96,220,0,Stormy,0,226.52,Low
2026-02-22,1,P009,Amul Butter 500g,Dairy,South,250,29,36,31,275,0,Stormy,1,260.69,Low
2026-02-22,1,P010,Red Label Tea 500g,Beverages,South,221,59,63,55,255,0,Rainy,0,252.23,Low
2026-02-23,1,P001,Amul Taaza Toned Milk 1L,Dairy,South,132,52,63,53,58,0,Rainy,0,55.2,Low
2026-02-23,1,P002,Britannia Good Day 600g,Snacks,South,298,45,49,44,120,5,Sunny,0,128.38,Low
2026-02-23,1,P003,Aashirvaad Atta 5kg,Staples,South,207,40,45,40,248,20,Cloudy,1,256.29,Low
2026-02-23,1,P004,Maggi 2-Minute Noodles,Snacks,South,127,70,80,71,48,0,Stormy,0,50.64,Low
2026-02-23,1,P005,Tata Salt 1kg,Staples,South,144,26,43,24,22,20,Cloudy,1,21.52,Low
2026-02-23,1,P006,Coca-Cola 600ml,Beverages,South,152,56,65,52,40,20,Stormy,0,42.69,Low
2026-02-23,1,P007,Parle-G 800g,Snacks,South,216,46,54,47,65,0,Stormy,1,67.78,Low
2026-02-23,1,P008,Surf Excel 1kg,Cleaning,South,229,37,48,37,220,20,Sunny,0,207.63,Low
2026-02-23,1,P009,Amul Butter 500g,Dairy,South,50,18,23,19,275,0,Cloudy,0,278.19,Low
2026-02-23,1,P010,Red Label Tea 500g,Beverages,South,56,78,84,73,255,0,Sunny,0,270.95,Low
2026-02-24,1,P001,Amul Taaza Toned Milk 1L,Dairy,South,227,35,48,35,58,20,Cloudy,0,53.86,Low
2026-02-24,1,P002,Britannia Good Day 600g,Snacks,South,232,52,53,49,120,5,Sunny,0,128.83,Low
2026-02-24,1,P003,Aashirvaad Atta 5kg,Staples,South,231,45,60,40,248,0,Stormy,1,258.82,Low
2026-02-24,1,P004,Maggi 2-Minute Noodles,Snacks,South,147,78,82,81,48,5,Cloudy,0,50.24,Low
2026-02-24,1,P005,Tata Salt 1kg,Staples,South,97,44,44,41,22,0,Sunny,1,21.41,Low
2026-02-24,1,P006,Coca-Cola 600ml,Beverages,South,146,60,78,55,40,15,Sunny,0,43.55,Low
2026-02-24,1,P007,Parle-G 800g,Snacks,South,263,45,62,40,65,5,Rainy,0,70.62,Low
2026-02-24,1,P008,Surf Excel 1kg,Cleaning,South,154,61,80,64,220,20,Rainy,0,221.48,Low
2026-02-24,1,P009,Amul Butter 500g,Dairy,South,290,21,26,16,275,0,Sunny,0,300.11,Low
2026-02-24,1,P010,Red Label Tea 500g,Beverages,South,219,44,54,44,255,10,Rainy,0,237.59,Low
2026-02-25,1,P001,Amul Taaza Toned Milk 1L,Dairy,South,277,80,96,75,58,10,Cloudy,0,54.34,Low
2026-02-25,1,P002,Britannia Good Day 600g,Snacks,South,52,39,42,35,120,15,Stormy,1,119.9,Low
2026-02-25,1,P003,Aashirvaad Atta 5kg,Staples,South,202,23,37,19,248,5,Sunny,0,237.23,Low
2026-02-25,1,P004,Maggi 2-Minute Noodles,Snacks,South,297,38,55,42,48,5,Cloudy,0,47.99,Low
2026-02-25,1,P005,Tata Salt 1kg,Staples,South,262,50,68,50,22,20,Rainy,1,21.61,Low
2026-02-25,1,P006,Coca-Cola 600ml,Beverages,South,74,25,25,27,40,10,Cloudy,0,42.0,Low
2026-02-25,1,P007,Parle-G 800g,Snacks,South,68,62,78,57,65,0,Cloudy,0,68.81,Low
2026-02-25,1,P008,Surf Excel 1kg,Cleaning,South,265,34,37,31,220,10,Cloudy,0,222.13,Low
2026-02-25,1,P009,Amul Butter 500g,Dairy,South,188,36,51,32,275,5,Rainy,1,276.99,Low
2026-02-25,1,P010,Red Label Tea 500g,Beverages,South,277,45,45,49,255,0,Stormy,0,264.87,Low
2026-02-26,1,P001,Amul Taaza Toned Milk 1L,Dairy,South,74,42,47,37,58,0,Sunny,0,59.91,Low
2026-02-26,1,P002,Britannia Good Day 600g,Snacks,South,230,22,22,23,120,0,Rainy,0,110.9,Low
2026-02-26,1,P003,Aashirvaad Atta 5kg,Staples,South,67,28,44,23,248,5,Stormy,0,233.64,Low
2026-02-26,1,P004,Maggi 2-Minute Noodles,Snacks,South,143,19,38,22,48,10,Sunny,1,46.96,Low
2026-02-26,1,P005,Tata Salt 1kg,Staples,South,249,49,65,47,22,10,Rainy,0,23.24,Low
2026-02-26,1,P006,Coca-Cola 600ml,Beverages,South,255,67,67,63,40,5,Rainy,0,41.33,Low
2026-02-26,1,P007,Parle-G 800g,Snacks,South,297,59,64,61,65,20,Stormy,0,63.9,Low
2026-02-26,1,P008,Surf Excel 1kg,Cleaning,South,238,17,19,21,220,0,Stormy,1,235.19,Low
2026-02-26,1,P009,Amul Butter 500g,Dairy,South,87,53,65,56,275,10,Sunny,0,264.87,Low
2026-02-26,1,P010,Red Label Tea 500g,Beverages,South,106,70,85,66,255,0,Stormy,0,243.79,Low
2026-02-27,1,P001,Amul Taaza Toned Milk 1L,Dairy,South,207,64,82,59,58,15,Rainy,1,59.71,Low
2026-02-27,1,P002,Britannia Good Day 600g,Snacks,South,232,15,20,16,120,20,Cloudy,0,131.8,Low
2026-02-27,1,P003,Aashirvaad Atta 5kg,Staples,South,73,65,72,62,248,0,Stormy,0,226.93,Low
2026-02-27,1,P004,Maggi 2-Minute Noodles,Snacks,South,151,79,95,75,48,10,Rainy,0,48.87,Low
2026-02-27,1,P005,Tata Salt 1kg,Staples,South,66,41,55,36,22,0,Cloudy,0,21.24,Low
2026-02-27,1,P006,Coca-Cola 600ml,Beverages,South,153,21,34,19,40,5,Rainy,0,41.77,Low
2026-02-27,1,P007,Parle-G 800g,Snacks,South,79,27,28,24,65,0,Stormy,1,61.86,Low
2026-02-27,1,P008,Surf Excel 1kg,Cleaning,South,234,25,40,20,220,0,Cloudy,0,213.79,Low
2026-02-27,1,P009,Amul Butter 500g,Dairy,South,92,67,80,62,275,20,Stormy,0,297.19,Low
2026-02-27,1,P010,Red Label Tea 500g,Beverages,South,155,24,34,19,255,10,Cloudy,1,256.42,Low
2026-02-28,1,P001,Amul Taaza Toned Milk 1L,Dairy,South,104,57,67,57,58,0,Rainy,0,54.69,Low
2026-02-28,1,P002,Britannia Good Day 600g,Snacks,South,254,92,103,93,120,0,Sunny,0,131.9,Low
2026-02-28,1,P003,Aashirvaad Atta 5kg,Staples,South,169,64,83,59,248,0,Cloudy,0,254.97,Low
2026-02-28,1,P004,Maggi 2-Minute Noodles,Snacks,South,199,94,96,95,48,20,Stormy,1,45.76,Low
2026-02-28,1,P005,Tata Salt 1kg,Staples,South,263,77,93,76,22,0,Rainy,0,21.86,Low
2026-02-28,1,P006,Coca-Cola 600ml,Beverages,South,198,60,64,57,40,15,Rainy,0,38.8,Low
2026-02-28,1,P007,Parle-G 800g,Snacks,South,220,89,106,87,65,0,Rainy,0,59.54,Low
2026-02-28,1,P008,Surf Excel 1kg,Cleaning,South,259,59,59,57,220,10,Cloudy,1,198.35,Low
2026-02-28,1,P009,Amul Butter 500g,Dairy,South,124,56,71,54,275,20,Sunny,0,299.2,Low
2026-02-28,1,P010,Red Label Tea 500g,Beverages,South,127,98,108,100,255,0,Stormy,0,240.16,Low
2026-03-01,1,P001,Amul Taaza Toned Milk 1L,Dairy,South,231,103,117,105,58,0,Stormy,0,56.37,Low
2026-03-01,1,P002,Britannia Good Day 600g,Snacks,South,254,89,104,85,120,15,Stormy,0,114.9,Low
2026-03-01,1,P003,Aashirvaad Atta 5kg,Staples,South,56,78,83,74,248,10,Sunny,0,261.63,Low
2026-03-01,1,P004,Maggi 2-Minute Noodles,Snacks,South,288,27,32,23,48,10,Stormy,0,47.06,Low
2026-03-01,1,P005,Tata Salt 1kg,Staples,South,171,86,93,85,22,5,Sunny,0,22.91,Low
2026-03-01,1,P006,Coca-Cola 600ml,Beverages,South,79,42,46,43,40,20,Stormy,0,42.55,Low
2026-03-01,1,P007,Parle-G 800g,Snacks,South,251,37,37,38,65,5,Sunny,0,63.36,Low
2026-03-01,1,P008,Surf Excel 1kg,Cleaning,South,207,104,104,105,220,0,Sunny,1,225.75,Low
2026-03-01,1,P009,Amul Butter 500g,Dairy,South,292,82,86,83,275,10,Rainy,0,299.15,Low
2026-03-01,1,P010,Red Label Tea 500g,Beverages,South,274,102,111,98,255,20,Rainy,1,279.28,Low
2026-03-02,1,P001,Amul Taaza Toned Milk 1L,Dairy,South,61,38,56,39,58,0,Sunny,0,52.78,Low
2026-03-02,1,P002,Britannia Good Day 600g,Snacks,South,99,68,74,69,120,20,Rainy,0,112.52,Low
2026-03-02,1,P003,Aashirvaad Atta 5kg,Staples,South,240,28,44,25,248,0,Rainy,1,247.96,Low
2026-03-02,1,P004,Maggi 2-Minute Noodles,Snacks,South,299,17,33,15,48,10,Sunny,1,46.25,Low
2026-03-02,1,P005,Tata Salt 1kg,Staples,South,88,33,37,36,22,10,Cloudy,1,20.54,Low
2026-03-02,1,P006,Coca-Cola 600ml,Beverages,South,294,48,52,48,40,15,Rainy,1,37.1,Low
2026-03-02,1,P007,Parle-G 800g,Snacks,South,108,19,21,19,65,0,Stormy,0,70.3,Low
2026-03-02,1,P008,Surf Excel 1kg,Cleaning,South,291,40,46,43,220,0,Cloudy,0,235.5,Low
2026-03-02,1,P009,Amul Butter 500g,Dairy,South,201,59,65,59,275,20,Cloudy,0,279.42,Low
2026-03-02,1,P010,Red Label Tea 500g,Beverages,South,179,26,32,30,255,15,Stormy,0,267.79,Low
2026-03-03,1,P001,Amul Taaza Toned Milk 1L,Dairy,South,280,30,37,30,58,20,Sunny,0,58.46,Low
2026-03-03,1,P002,Britannia Good Day 600g,Snacks,South,120,54,59,56,120,0,Sunny,0,121.1,Low
2026-03-03,1,P003,Aashirvaad Atta 5kg,Staples,South,192,68,80,71,248,5,Sunny,0,240.92,Low
2026-03-03,1,P004,Maggi 2-Minute Noodles,Snacks,South,77,58,63,61,48,0,Rainy,0,48.96,Low
2026-03-03,1,P005,Tata Salt 1kg,Staples,South,149,69,73,69,22,0,Stormy,1,23.7,Low
2026-03-03,1,P006,Coca-Cola 600ml,Beverages,South,159,53,72,53,40,5,Sunny,0,43.46,Low
2026-03-03,1,P007,Parle-G 800g,Snacks,South,52,37,47,36,65,0,Sunny,1,64.12,Low
2026-03-03,1,P008,Surf Excel 1kg,Cleaning,South,183,32,41,35,220,5,Cloudy,1,207.04,Low
2026-03-03,1,P009,Amul Butter 500g,Dairy,South,50,33,47,33,275,0,Stormy,0,279.62,Low
2026-03-03,1,P010,Red Label Tea 500g,Beverages,South,209,46,64,41,255,0,Rainy,0,279.87,Low
2026-03-04,1,P001,Amul Taaza Toned Milk 1L,Dairy,South,156,39,50,34,58,0,Rainy,0,60.0,Low
2026-03-04,1,P002,Britannia Good Day 600g,Snacks,South,105,75,90,72,120,15,Stormy,0,110.44,Low
2026-03-04,1,P003,Aashirvaad Atta 5kg,Staples,South,75,42,56,46,248,0,Cloudy,0,272.08,Low
2026-03-04,1,P004,Maggi 2-Minute Noodles,Snacks,South,270,32,44,33,48,5,Stormy,1,43.96,Low
2026-03-04,1,P005,Tata Salt 1kg,Staples,South,86,24,41,21,22,20,Rainy,0,23.7,Low
2026-03-04,1,P006,Coca-Cola 600ml,Beverages,South,251,45,57,42,40,0,Rainy,1,43.71,Low
2026-03-04,1,P007,Parle-G 800g,Snacks,South,75,71,80,67,65,10,Cloudy,0,66.93,Low
2026-03-04,1,P008,Surf Excel 1kg,Cleaning,South,122,38,49,40,220,0,Sunny,1,238.36,Low
2026-03-04,1,P009,Amul Butter 500g,Dairy,South,282,40,47,37,275,10,Rainy,1,287.71,Low
2026-03-04,1,P010,Red Label Tea 500g,Beverages,South,88,50,52,51,255,20,Rainy,0,230.9,Low
2026-03-05,1,P001,Amul Taaza Toned Milk 1L,Dairy,South,255,71,77,67,58,0,Cloudy,0,53.61,Low
2026-03-05,1,P002,Britannia Good Day 600g,Snacks,South,219,64,77,59,120,0,Stormy,0,119.07,Low
2026-03-05,1,P003,Aashirvaad Atta 5kg,Staples,South,173,57,72,58,248,10,Sunny,0,267.96,Low
2026-03-05,1,P004,Maggi 2-Minute Noodles,Snacks,South,61,43,52,39,48,0,Sunny,0,43.54,Low
2026-03-05,1,P005,Tata Salt 1kg,Staples,South,90,45,50,46,22,5,Stormy,1,23.04,Low
2026-03-05,1,P006,Coca-Cola 600ml,Beverages,South,239,64,73,60,40,10,Rainy,0,43.76,Low
2026-03-05,1,P007,Parle-G 800g,Snacks,South,69,24,41,21,65,10,Cloudy,0,68.39,Low
2026-03-05,1,P008,Surf Excel 1kg,Cleaning,South,209,34,49,34,220,5,Cloudy,1,217.31,Low
2026-03-05,1,P009,Amul Butter 500g,Dairy,South,230,31,40,27,275,0,Rainy,0,250.65,Low
2026-03-05,1,P010,Red Label Tea 500g,Beverages,South,253,33,41,34,255,0,Sunny,0,246.76,Low
2026-03-06,1,P001,Amul Taaza Toned Milk 1L,Dairy,South,105,35,53,33,58,10,Stormy,1,57.12,Low
2026-03-06,1,P002,Britannia Good Day 600g,Snacks,South,171,71,74,72,120,0,Stormy,0,119.48,Low
2026-03-06,1,P003,Aashirvaad Atta 5kg,Staples,South,133,88,100,83,248,0,Sunny,0,267.1,Low
2026-03-06,1,P004,Maggi 2-Minute Noodles,Snacks,South,131,27,37,30,48,0,Rainy,0,46.32,Low
2026-03-06,1,P005,Tata Salt 1kg,Staples,South,169,70,84,68,22,0,Sunny,1,20.4,Low
2026-03-06,1,P006,Coca-Cola 600ml,Beverages,South,54,51,68,48,40,20,Sunny,1,38.24,Low
2026-03-06,1,P007,Parle-G 800g,Snacks,South,293,40,57,44,65,10,Sunny,0,65.59,Low
2026-03-06,1,P008,Surf Excel 1kg,Cleaning,South,242,15,32,17,220,15,Sunny,0,225.0,Low
2026-03-06,1,P009,Amul Butter 500g,Dairy,South,267,24,41,22,275,20,Sunny,0,262.23,Low
2026-03-06,1,P010,Red Label Tea 500g,Beverages,South,127,27,39,27,255,0,Sunny,0,272.14,Low
2026-03-07,1,P001,Amul Taaza Toned Milk 1L,Dairy,South,283,38,46,34,58,20,Sunny,1,63.7,Low
2026-03-07,1,P002,Britannia Good Day 600g,Snacks,South,125,47,53,50,120,15,Cloudy,0,127.74,Low
2026-03-07,1,P003,Aashirvaad Atta 5kg,Staples,South,149,71,73,72,248,5,Stormy,0,252.6,Low
2026-03-07,1,P004,Maggi 2-Minute Noodles,Snacks,South,56,72,84,67,48,0,Stormy,0,44.35,Low
2026-03-07,1,P005,Tata Salt 1kg,Staples,South,249,25,38,26,22,20,Cloudy,0,21.03,Low
2026-03-07,1,P006,Coca-Cola 600ml,Beverages,South,168,70,80,70,40,5,Rainy,0,43.72,Low
2026-03-07,1,P007,Parle-G 800g,Snacks,South,197,50,64,54,65,5,Sunny,0,67.17,Low
2026-03-07,1,P008,Surf Excel 1kg,Cleaning,South,124,84,93,79,220,15,Stormy,0,239.25,Low
2026-03-07,1,P009,Amul Butter 500g,Dairy,South,73,37,47,41,275,5,Sunny,0,283.13,Low
2026-03-07,1,P010,Red Label Tea 500g,Beverages,South,156,65,76,60,255,5,Stormy,1,254.56,Low
2026-03-08,1,P001,Amul Taaza Toned Milk 1L,Dairy,South,271,65,76,69,58,20,Rainy,0,59.14,Low
2026-03-08,1,P002,Britannia Good Day 600g,Snacks,South,261,94,102,96,120,0,Stormy,0,117.15,Low
2026-03-08,1,P003,Aashirvaad Atta 5kg,Staples,South,180,42,56,44,248,5,Rainy,0,246.73,Low
2026-03-08,1,P004,Maggi 2-Minute Noodles,Snacks,South,115,23,35,18,48,15,Cloudy,1,44.68,Low
2026-03-08,1,P005,Tata Salt 1kg,Staples,South,127,82,89,82,22,0,Rainy,0,23.84,Low
2026-03-08,1,P006,Coca-Cola 600ml,Beverages,South,189,56,63,60,40,10,Sunny,0,43.3,Low
2026-03-08,1,P007,Parle-G 800g,Snacks,South,170,24,27,22,65,0,Sunny,0,61.4,Low
2026-03-08,1,P008,Surf Excel 1kg,Cleaning,South,186,100,118,100,220,5,Rainy,0,221.61,Low
2026-03-08,1,P009,Amul Butter 500g,Dairy,South,76,65,83,61,275,0,Sunny,0,287.03,Low
2026-03-08,1,P010,Red Label Tea 500g,Beverages,South,79,57,68,60,255,0,Rainy,0,249.58,Low
2026-03-09,1,P001,Amul Taaza Toned Milk 1L,Dairy,South,198,73,77,77,58,0,Stormy,0,62.81,Low
2026-03-09,1,P002,Britannia Good Day 600g,Snacks,South,156,17,30,20,120,0,Rainy,0,127.25,Low
2026-03-09,1,P003,Aashirvaad Atta 5kg,Staples,South,126,16,35,16,248,5,Stormy,0,223.37,Low
2026-03-09,1,P004,Maggi 2-Minute Noodles,Snacks,South,65,56,69,60,48,10,Stormy,0,43.67,Low
2026-03-09,1,P005,Tata Salt 1kg,Staples,South,85,15,32,17,22,15,Sunny,0,23.29,Low
2026-03-09,1,P006,Coca-Cola 600ml,Beverages,South,128,49,57,52,40,0,Stormy,0,41.25,Low
2026-03-09,1,P007,Parle-G 800g,Snacks,South,171,60,60,60,65,5,Stormy,0,63.08,Low
2026-03-09,1,P008,Surf Excel 1kg,Cleaning,South,226,49,57,53,220,15,Cloudy,0,213.81,Low
2026-03-09,1,P009,Amul Butter 500g,Dairy,South,142,57,72,61,275,5,Stormy,0,248.0,Low
2026-03-09,1,P010,Red Label Tea 500g,Beverages,South,124,34,39,30,255,15,Stormy,0,279.87,Low
2026-03-10,1,P001,Amul Taaza Toned Milk 1L,Dairy,South,294,54,58,55,58,0,Stormy,0,60.01,Low
2026-03-10,1,P002,Britannia Good Day 600g,Snacks,South,192,32,50,35,120,20,Sunny,0,112.19,Low
2026-03-10,1,P003,Aashirvaad Atta 5kg,Staples,South,286,47,47,46,248,0,Cloudy,1,224.98,Low
2026-03-10,1,P004,Maggi 2-Minute Noodles,Snacks,South,93,60,70,62,48,0,Stormy,0,45.89,Low
2026-03-10,1,P005,Tata Salt 1kg,Staples,South,93,76,81,79,22,0,Sunny,1,23.16,Low
2026-03-10,1,P006,Coca-Cola 600ml,Beverages,South,142,61,74,57,40,15,Stormy,0,41.71,Low
2026-03-10,1,P007,Parle-G 800g,Snacks,South,212,35,48,39,65,0,Rainy,0,64.23,Low
2026-03-10,1,P008,Surf Excel 1kg,Cleaning,South,257,36,54,37,220,0,Sunny,0,210.95,Low
2026-03-10,1,P009,Amul Butter 500g,Dairy,South,148,61,69,60,275,0,Rainy,0,249.72,Low
2026-03-10,1,P010,Red Label Tea 500g,Beverages,South,61,45,62,44,255,0,Stormy,0,239.3,Low
2026-03-11,1,P001,Amul Taaza Toned Milk 1L,Dairy,South,107,32,33,27,58,10,Rainy,0,60.54,Low
2026-03-11,1,P002,Britannia Good Day 600g,Snacks,South,86,24,34,28,120,10,Sunny,0,121.78,Low
2026-03-11,1,P003,Aashirvaad Atta 5kg,Staples,South,284,51,68,54,248,0,Cloudy,0,237.78,Low
2026-03-11,1,P004,Maggi 2-Minute Noodles,Snacks,South,203,37,41,34,48,15,Rainy,0,44.2,Low
2026-03-11,1,P005,Tata Salt 1kg,Staples,South,175,57,59,56,22,0,Cloudy,0,20.8,Low
2026-03-11,1,P006,Coca-Cola 600ml,Beverages,South,221,16,18,18,40,0,Stormy,0,42.99,Low
2026-03-11,1,P007,Parle-G 800g,Snacks,South,258,40,59,37,65,0,Rainy,0,71.02,Low
2026-03-11,1,P008,Surf Excel 1kg,Cleaning,South,127,84,103,86,220,0,Sunny,0,232.94,Low
2026-03-11,1,P009,Amul Butter 500g,Dairy,South,181,58,73,60,275,15,Stormy,0,263.06,Low
2026-03-11,1,P010,Red Label Tea 500g,Beverages,South,270,62,76,61,255,0,Stormy,0,273.1,Low
2026-03-12,1,P001,Amul Taaza Toned Milk 1L,Dairy,South,127,15,24,13,58,0,Rainy,0,55.46,Low
2026-03-12,1,P002,Britannia Good Day 600g,Snacks,South,286,62,68,64,120,0,Cloudy,1,131.82,Low
2026-03-12,1,P003,Aashirvaad Atta 5kg,Staples,South,159,28,40,28,248,0,Sunny,0,232.52,Low
2026-03-12,1,P004,Maggi 2-Minute Noodles,Snacks,South,196,53,59,54,48,10,Stormy,1,45.17,Low
2026-03-12,1,P005,Tata Salt 1kg,Staples,South,60,57,62,56,22,5,Rainy,1,20.98,Low
2026-03-12,1,P006,Coca-Cola 600ml,Beverages,South,163,23,24,26,40,0,Rainy,0,43.79,Low
2026-03-12,1,P007,Parle-G 800g,Snacks,South,176,34,35,31,65,15,Rainy,0,64.8,Low
2026-03-12,1,P008,Surf Excel 1kg,Cleaning,South,221,55,58,56,220,0,Rainy,0,208.28,Low
2026-03-12,1,P009,Amul Butter 500g,Dairy,South,87,28,39,32,275,0,Sunny,0,299.76,Low
2026-03-12,1,P010,Red Label Tea 500g,Beverages,South,242,71,71,67,255,0,Cloudy,0,245.45,Low
2026-03-13,1,P001,Amul Taaza Toned Milk 1L,Dairy,South,90,68,82,69,58,0,Stormy,0,52.5,Low
2026-03-13,1,P002,Britannia Good Day 600g,Snacks,South,188,29,34,25,120,0,Stormy,0,116.07,Low
2026-03-13,1,P003,Aashirvaad Atta 5kg,Staples,South,144,30,42,31,248,15,Stormy,1,257.96,Low
2026-03-13,1,P004,Maggi 2-Minute Noodles,Snacks,South,233,43,61,43,48,20,Cloudy,0,47.07,Low
2026-03-13,1,P005,Tata Salt 1kg,Staples,South,242,74,82,77,22,20,Stormy,0,22.66,Low
2026-03-13,1,P006,Coca-Cola 600ml,Beverages,South,90,24,41,28,40,15,Sunny,0,38.2,Low
2026-03-13,1,P007,Parle-G 800g,Snacks,South,95,65,72,68,65,0,Sunny,0,65.89,Low
2026-03-13,1,P008,Surf Excel 1kg,Cleaning,South,240,71,81,68,220,0,Cloudy,1,221.23,Low
2026-03-13,1,P009,Amul Butter 500g,Dairy,South,210,63,71,60,275,15,Rainy,0,256.45,Low
2026-03-13,1,P010,Red Label Tea 500g,Beverages,South,102,53,68,51,255,20,Rainy,0,279.47,Low
2026-03-14,1,P001,Amul Taaza Toned Milk 1L,Dairy,South,94,90,90,92,58,10,Cloudy,0,52.7,Low
2026-03-14,1,P002,Britannia Good Day 600g,Snacks,South,192,49,58,45,120,5,Stormy,1,131.7,Low
2026-03-14,1,P003,Aashirvaad Atta 5kg,Staples,South,189,29,38,24,248,10,Rainy,0,258.48,Low
2026-03-14,1,P004,Maggi 2-Minute Noodles,Snacks,South,176,43,45,40,48,10,Cloudy,1,49.23,Low
2026-03-14,1,P005,Tata Salt 1kg,Staples,South,69,80,96,75,22,0,Sunny,0,23.03,Low
2026-03-14,1,P006,Coca-Cola 600ml,Beverages,South,232,81,93,81,40,15,Sunny,0,41.06,Low
2026-03-14,1,P007,Parle-G 800g,Snacks,South,91,82,95,78,65,20,Sunny,1,66.57,Low
2026-03-14,1,P008,Surf Excel 1kg,Cleaning,South,198,85,95,86,220,0,Stormy,0,237.82,Low
2026-03-14,1,P009,Amul Butter 500g,Dairy,South,179,43,47,42,275,10,Cloudy,0,297.89,Low
2026-03-14,1,P010,Red Label Tea 500g,Beverages,South,81,84,88,81,255,0,Stormy,1,248.38,Low
2026-03-15,1,P001,Amul Taaza Toned Milk 1L,Dairy,South,104,98,116,102,58,0,Cloudy,0,53.92,Low
2026-03-15,1,P002,Britannia Good Day 600g,Snacks,South,219,60,64,59,120,10,Stormy,1,113.75,Low
2026-03-15,1,P003,Aashirvaad Atta 5kg,Staples,South,288,71,90,72,248,0,Sunny,1,269.65,Low
2026-03-15,1,P004,Maggi 2-Minute Noodles,Snacks,South,190,61,73,64,48,0,Rainy,0,46.57,Low
2026-03-15,1,P005,Tata Salt 1kg,Staples,South,279,102,113,97,22,0,Sunny,0,22.69,Low
2026-03-15,1,P006,Coca-Cola 600ml,Beverages,South,179,48,50,52,40,0,Rainy,1,38.9,Low
2026-03-15,1,P007,Parle-G 800g,Snacks,South,293,58,61,57,65,0,Cloudy,1,62.61,Low
2026-03-15,1,P008,Surf Excel 1kg,Cleaning,South,161,92,103,88,220,15,Cloudy,0,218.97,Low
2026-03-15,1,P009,Amul Butter 500g,Dairy,South,67,89,105,93,275,0,Stormy,1,293.1,Low
2026-03-15,1,P010,Red Label Tea 500g,Beverages,South,212,89,89,91,255,5,Stormy,1,267.14,Low
2026-03-16,1,P001,Amul Taaza Toned Milk 1L,Dairy,South,60,48,50,52,58,5,Sunny,0,54.64,Low
2026-03-16,1,P002,Britannia Good Day 600g,Snacks,South,285,48,53,51,120,0,Sunny,0,126.2,Low
2026-03-16,1,P003,Aashirvaad Atta 5kg,Staples,South,101,66,77,64,248,5,Sunny,0,243.64,Low
2026-03-16,1,P004,Maggi 2-Minute Noodles,Snacks,South,205,82,100,83,48,20,Cloudy,0,44.62,Low
2026-03-16,1,P005,Tata Salt 1kg,Staples,South,235,64,72,67,22,0,Rainy,0,22.06,Low
2026-03-16,1,P006,Coca-Cola 600ml,Beverages,South,129,31,47,28,40,15,Rainy,0,42.61,Low
2026-03-16,1,P007,Parle-G 800g,Snacks,South,100,23,31,20,65,0,Stormy,0,63.98,Low
2026-03-16,1,P008,Surf Excel 1kg,Cleaning,South,220,15,32,12,220,0,Cloudy,0,215.91,Low
2026-03-16,1,P009,Amul Butter 500g,Dairy,South,253,43,54,38,275,0,Rainy,0,277.4,Low
2026-03-16,1,P010,Red Label Tea 500g,Beverages,South,284,24,41,25,255,10,Stormy,0,240.88,Low
2026-03-17,1,P001,Amul Taaza Toned Milk 1L,Dairy,South,65,41,55,42,58,15,Stormy,1,57.42,Low
2026-03-17,1,P002,Britannia Good Day 600g,Snacks,South,296,57,72,54,120,0,Sunny,0,128.1,Low
2026-03-17,1,P003,Aashirvaad Atta 5kg,Staples,South,168,36,51,38,248,0,Stormy,0,247.75,Low
2026-03-17,1,P004,Maggi 2-Minute Noodles,Snacks,South,154,64,70,63,48,10,Sunny,0,45.51,Low
2026-03-17,1,P005,Tata Salt 1kg,Staples,South,216,58,71,59,22,0,Stormy,0,22.72,Low
2026-03-17,1,P006,Coca-Cola 600ml,Beverages,South,193,59,67,56,40,0,Sunny,0,41.51,Low
2026-03-17,1,P007,Parle-G 800g,Snacks,South,89,28,30,23,65,0,Cloudy,1,61.01,Low
2026-03-17,1,P008,Surf Excel 1kg,Cleaning,South,125,63,78,63,220,0,Rainy,0,224.89,Low
2026-03-17,1,P009,Amul Butter 500g,Dairy,South,241,37,49,35,275,5,Rainy,0,275.07,Low
2026-03-17,1,P010,Red Label Tea 500g,Beverages,South,299,57,71,61,255,15,Stormy,1,235.06,Low
2026-03-18,1,P001,Amul Taaza Toned Milk 1L,Dairy,South,125,44,48,45,58,20,Stormy,0,60.75,Low
2026-03-18,1,P002,Britannia Good Day 600g,Snacks,South,245,14,14,13,120,20,Sunny,1,131.08,Low
2026-03-18,1,P003,Aashirvaad Atta 5kg,Staples,South,184,47,53,45,248,0,Cloudy,1,262.23,Low
2026-03-18,1,P004,Maggi 2-Minute Noodles,Snacks,South,101,43,60,46,48,0,Cloudy,0,45.73,Low
2026-03-18,1,P005,Tata Salt 1kg,Staples,South,176,52,55,54,22,0,Stormy,0,22.32,Low
2026-03-18,1,P006,Coca-Cola 600ml,Beverages,South,211,32,37,33,40,10,Stormy,0,37.78,Low
2026-03-18,1,P007,Parle-G 800g,Snacks,South,165,28,29,26,65,20,Rainy,0,63.44,Low
2026-03-18,1,P008,Surf Excel 1kg,Cleaning,South,104,34,50,37,220,10,Rainy,0,206.2,Low
2026-03-18,1,P009,Amul Butter 500g,Dairy,South,158,22,23,22,275,0,Stormy,1,293.47,Low
2026-03-18,1,P010,Red Label Tea 500g,Beverages,South,153,42,47,45,255,15,Rainy,0,253.79,Low
2026-03-19,1,P001,Amul Taaza Toned Milk 1L,Dairy,South,191,32,47,30,58,5,Cloudy,0,60.36,Low
2026-03-19,1,P002,Britannia Good Day 600g,Snacks,South,187,47,52,43,120,10,Rainy,1,120.44,Low
2026-03-19,1,P003,Aashirvaad Atta 5kg,Staples,South,169,65,75,68,248,5,Rainy,1,232.89,Low
2026-03-19,1,P004,Maggi 2-Minute Noodles,Snacks,South,170,15,31,16,48,0,Sunny,0,44.77,Low
2026-03-19,1,P005,Tata Salt 1kg,Staples,South,71,39,46,41,22,5,Stormy,0,21.49,Low
2026-03-19,1,P006,Coca-Cola 600ml,Beverages,South,183,48,65,46,40,10,Sunny,0,37.3,Low
2026-03-19,1,P007,Parle-G 800g,Snacks,South,51,61,63,60,65,20,Sunny,1,69.82,Low
2026-03-19,1,P008,Surf Excel 1kg,Cleaning,South,62,56,69,59,220,0,Sunny,0,221.75,Low
2026-03-19,1,P009,Amul Butter 500g,Dairy,South,59,31,33,33,275,0,Cloudy,0,290.71,Low
2026-03-19,1,P010,Red Label Tea 500g,Beverages,South,117,59,61,57,255,15,Cloudy,0,251.98,Low
2026-03-20,1,P001,Amul Taaza Toned Milk 1L,Dairy,South,238,44,60,39,58,0,Cloudy,0,52.56,Low
2026-03-20,1,P002,Britannia Good Day 600g,Snacks,South,211,30,41,31,120,5,Sunny,0,119.43,Low
2026-03-20,1,P003,Aashirvaad Atta 5kg,Staples,South,215,26,39,26,248,0,Cloudy,0,226.99,Low
2026-03-20,1,P004,Maggi 2-Minute Noodles,Snacks,South,126,69,80,69,48,10,Stormy,0,44.82,Low
2026-03-20,1,P005,Tata Salt 1kg,Staples,South,188,30,48,33,22,15,Sunny,0,22.58,Low
2026-03-20,1,P006,Coca-Cola 600ml,Beverages,South,173,59,75,57,40,15,Sunny,0,41.31,Low
2026-03-20,1,P007,Parle-G 800g,Snacks,South,203,24,28,22,65,0,Cloudy,0,71.19,Low
2026-03-20,1,P008,Surf Excel 1kg,Cleaning,South,176,49,60,46,220,15,Rainy,0,202.41,Low
2026-03-20,1,P009,Amul Butter 500g,Dairy,South,65,54,70,52,275,0,Stormy,0,268.43,Low
2026-03-20,1,P010,Red Label Tea 500g,Beverages,South,176,25,42,28,255,0,Stormy,1,277.84,Low
2026-03-21,1,P001,Amul Taaza Toned Milk 1L,Dairy,South,115,53,58,57,58,5,Stormy,1,62.33,Low
2026-03-21,1,P002,Britannia Good Day 600g,Snacks,South,74,52,57,47,120,5,Stormy,0,113.98,Low
2026-03-21,1,P003,Aashirvaad Atta 5kg,Staples,South,202,58,65,55,248,20,Stormy,0,269.56,Low
2026-03-21,1,P004,Maggi 2-Minute Noodles,Snacks,South,275,48,53,46,48,15,Rainy,0,44.14,Low
2026-03-21,1,P005,Tata Salt 1kg,Staples,South,204,31,31,33,22,0,Rainy,0,23.07,Low
2026-03-21,1,P006,Coca-Cola 600ml,Beverages,South,94,33,43,30,40,10,Stormy,1,43.65,Low
2026-03-21,1,P007,Parle-G 800g,Snacks,South,83,78,79,81,65,15,Cloudy,0,64.95,Low
2026-03-21,1,P008,Surf Excel 1kg,Cleaning,South,222,76,90,74,220,20,Stormy,1,207.76,Low
2026-03-21,1,P009,Amul Butter 500g,Dairy,South,211,92,109,91,275,5,Cloudy,1,289.53,Low
2026-03-21,1,P010,Red Label Tea 500g,Beverages,South,72,44,51,44,255,0,Stormy,0,241.68,Low
2026-03-22,1,P001,Amul Taaza Toned Milk 1L,Dairy,South,153,67,75,62,58,0,Stormy,0,62.97,Low
2026-03-22,1,P002,Britannia Good Day 600g,Snacks,South,67,69,82,66,120,0,Sunny,0,120.75,Low
2026-03-22,1,P003,Aashirvaad Atta 5kg,Staples,South,77,23,32,18,248,15,Cloudy,0,237.8,Low
2026-03-22,1,P004,Maggi 2-Minute Noodles,Snacks,South,71,80,94,76,48,15,Cloudy,1,50.46,Low
2026-03-22,1,P005,Tata Salt 1kg,Staples,South,218,91,106,90,22,15,Rainy,0,23.55,Low
2026-03-22,1,P006,Coca-Cola 600ml,Beverages,South,120,61,75,56,40,0,Rainy,0,36.41,Low
2026-03-22,1,P007,Parle-G 800g,Snacks,South,123,85,89,89,65,0,Rainy,1,66.46,Low
2026-03-22,1,P008,Surf Excel 1kg,Cleaning,South,151,37,46,39,220,0,Stormy,1,204.56,Low
2026-03-22,1,P009,Amul Butter 500g,Dairy,South,230,34,39,33,275,10,Sunny,0,268.57,Low
2026-03-22,1,P010,Red Label Tea 500g,Beverages,South,164,98,116,100,255,0,Stormy,1,244.2,Low
2026-03-23,1,P001,Amul Taaza Toned Milk 1L,Dairy,South,216,81,86,83,58,0,Rainy,0,52.94,Low
2026-03-23,1,P002,Britannia Good Day 600g,Snacks,South,243,69,77,64,120,0,Cloudy,0,120.21,Low
2026-03-23,1,P003,Aashirvaad Atta 5kg,Staples,South,173,57,67,55,248,0,Cloudy,0,252.44,Low
2026-03-23,1,P004,Maggi 2-Minute Noodles,Snacks,South,260,71,83,68,48,10,Rainy,1,43.82,Low
2026-03-23,1,P005,Tata Salt 1kg,Staples,South,200,63,81,60,22,20,Stormy,0,21.88,Low
2026-03-23,1,P006,Coca-Cola 600ml,Beverages,South,127,54,56,53,40,10,Rainy,1,37.41,Low
2026-03-23,1,P007,Parle-G 800g,Snacks,South,121,44,63,43,65,0,Stormy,0,64.54,Low
2026-03-23,1,P008,Surf Excel 1kg,Cleaning,South,235,30,35,26,220,20,Sunny,0,234.77,Low
2026-03-23,1,P009,Amul Butter 500g,Dairy,South,173,44,54,39,275,10,Rainy,0,282.35,Low
2026-03-23,1,P010,Red Label Tea 500g,Beverages,South,63,51,64,55,255,10,Cloudy,0,272.19,Low
2026-03-24,1,P001,Amul Taaza Toned Milk 1L,Dairy,South,236,47,47,42,58,15,Cloudy,0,55.55,Low
2026-03-24,1,P002,Britannia Good Day 600g,Snacks,South,103,14,31,12,120,20,Sunny,1,119.97,Low
2026-03-24,1,P003,Aashirvaad Atta 5kg,Staples,South,248,44,52,45,248,0,Stormy,0,256.3,Low
2026-03-24,1,P004,Maggi 2-Minute Noodles,Snacks,South,257,49,68,48,48,0,Cloudy,0,45.21,Low
2026-03-24,1,P005,Tata Salt 1kg,Staples,South,233,18,19,21,22,10,Stormy,0,23.0,Low
2026-03-24,1,P006,Coca-Cola 600ml,Beverages,South,120,53,61,48,40,0,Cloudy,0,36.87,Low
2026-03-24,1,P007,Parle-G 800g,Snacks,South,202,25,43,27,65,10,Sunny,0,61.06,Low
2026-03-24,1,P008,Surf Excel 1kg,Cleaning,South,173,43,46,43,220,10,Sunny,0,238.44,Low
2026-03-24,1,P009,Amul Butter 500g,Dairy,South,76,38,54,35,275,5,Sunny,1,289.44,Low
2026-03-24,1,P010,Red Label Tea 500g,Beverages,South,124,49,52,52,255,0,Rainy,0,242.51,Low
2026-03-25,1,P001,Amul Taaza Toned Milk 1L,Dairy,South,274,33,40,33,58,5,Rainy,0,61.74,Low
2026-03-25,1,P002,Britannia Good Day 600g,Snacks,South,185,36,47,38,120,0,Sunny,0,121.78,Low
2026-03-25,1,P003,Aashirvaad Atta 5kg,Staples,South,91,38,40,34,248,5,Rainy,0,231.91,Low
2026-03-25,1,P004,Maggi 2-Minute Noodles,Snacks,South,66,88,96,86,48,0,Cloudy,0,44.39,Low
2026-03-25,1,P005,Tata Salt 1kg,Staples,South,130,85,87,82,22,10,Sunny,0,23.61,Low
2026-03-25,1,P006,Coca-Cola 600ml,Beverages,South,65,41,41,39,40,5,Sunny,0,42.58,Low
2026-03-25,1,P007,Parle-G 800g,Snacks,South,77,54,62,53,65,15,Stormy,0,65.86,Low
2026-03-25,1,P008,Surf Excel 1kg,Cleaning,South,193,34,45,33,220,0,Rainy,1,218.09,Low
2026-03-25,1,P009,Amul Butter 500g,Dairy,South,243,72,82,71,275,0,Sunny,0,275.17,Low
2026-03-25,1,P010,Red Label Tea 500g,Beverages,South,183,49,66,48,255,10,Cloudy,0,262.94,Low
2026-03-26,1,P001,Amul Taaza Toned Milk 1L,Dairy,South,142,50,56,50,58,0,Stormy,0,59.49,Low
2026-03-26,1,P002,Britannia Good Day 600g,Snacks,South,53,43,61,47,120,0,Rainy,0,111.61,Low
2026-03-26,1,P003,Aashirvaad Atta 5kg,Staples,South,132,51,63,51,248,20,Sunny,0,223.24,Low
2026-03-26,1,P004,Maggi 2-Minute Noodles,Snacks,South,133,62,73,60,48,10,Stormy,0,48.3,Low
2026-03-26,1,P005,Tata Salt 1kg,Staples,South,251,15,32,12,22,0,Rainy,0,23.26,Low
2026-03-26,1,P006,Coca-Cola 600ml,Beverages,South,273,33,48,37,40,0,Rainy,0,39.98,Low
2026-03-26,1,P007,Parle-G 800g,Snacks,South,197,55,66,54,65,5,Stormy,0,64.1,Low
2026-03-26,1,P008,Surf Excel 1kg,Cleaning,South,231,66,72,64,220,0,Sunny,0,203.67,Low
2026-03-26,1,P009,Amul Butter 500g,Dairy,South,112,69,85,71,275,0,Cloudy,0,283.62,Low
2026-03-26,1,P010,Red Label Tea 500g,Beverages,South,265,47,53,46,255,10,Sunny,1,244.27,Low
2026-03-27,1,P001,Amul Taaza Toned Milk 1L,Dairy,South,189,21,32,18,58,5,Rainy,1,57.49,Low
2026-03-27,1,P002,Britannia Good Day 600g,Snacks,South,247,40,58,39,120,0,Rainy,0,120.21,Low
2026-03-27,1,P003,Aashirvaad Atta 5kg,Staples,South,131,19,28,20,248,0,Cloudy,0,234.17,Low
2026-03-27,1,P004,Maggi 2-Minute Noodles,Snacks,South,83,60,70,59,48,0,Sunny,0,52.3,Low
2026-03-27,1,P005,Tata Salt 1kg,Staples,South,60,35,36,39,22,10,Sunny,0,22.3,Low
2026-03-27,1,P006,Coca-Cola 600ml,Beverages,South,123,30,49,29,40,10,Sunny,0,37.9,Low
2026-03-27,1,P007,Parle-G 800g,Snacks,South,247,70,85,71,65,20,Cloudy,1,68.37,Low
2026-03-27,1,P008,Surf Excel 1kg,Cleaning,South,292,73,85,75,220,15,Stormy,0,219.99,Low
2026-03-27,1,P009,Amul Butter 500g,Dairy,South,143,34,52,37,275,5,Sunny,1,253.76,Low
2026-03-27,1,P010,Red Label Tea 500g,Beverages,South,269,61,72,62,255,10,Rainy,0,275.7,Low
2026-03-28,1,P001,Amul Taaza Toned Milk 1L,Dairy,South,167,45,53,41,58,0,Sunny,0,60.85,Low
2026-03-28,1,P002,Britannia Good Day 600g,Snacks,South,265,65,65,69,120,0,Sunny,0,123.08,Low
2026-03-28,1,P003,Aashirvaad Atta 5kg,Staples,South,259,87,88,82,248,0,Stormy,0,249.5,Low
2026-03-28,1,P004,Maggi 2-Minute Noodles,Snacks,South,60,101,118,96,48,0,Sunny,0,48.36,Low
2026-03-28,1,P005,Tata Salt 1kg,Staples,South,143,32,51,33,22,15,Cloudy,1,20.52,Low
2026-03-28,1,P006,Coca-Cola 600ml,Beverages,South,218,96,108,96,40,15,Sunny,0,39.64,Low
2026-03-28,1,P007,Parle-G 800g,Snacks,South,148,94,99,98,65,10,Rainy,0,66.74,Low
2026-03-28,1,P008,Surf Excel 1kg,Cleaning,South,259,61,64,61,220,10,Rainy,0,200.04,Low
2026-03-28,1,P009,Amul Butter 500g,Dairy,South,199,90,105,93,275,15,Cloudy,0,248.2,Low
2026-03-28,1,P010,Red Label Tea 500g,Beverages,South,287,80,83,82,255,0,Sunny,1,259.23,Low
2026-03-29,1,P001,Amul Taaza Toned Milk 1L,Dairy,South,227,48,57,51,58,15,Cloudy,0,60.67,Low
2026-03-29,1,P002,Britannia Good Day 600g,Snacks,South,292,57,71,61,120,20,Cloudy,0,112.15,Low
2026-03-29,1,P003,Aashirvaad Atta 5kg,Staples,South,195,46,47,41,248,5,Stormy,0,234.1,Low
2026-03-29,1,P004,Maggi 2-Minute Noodles,Snacks,South,185,67,78,64,48,0,Rainy,0,51.95,Low
2026-03-29,1,P005,Tata Salt 1kg,Staples,South,66,57,58,52,22,0,Sunny,0,20.77,Low
2026-03-29,1,P006,Coca-Cola 600ml,Beverages,South,158,81,82,81,40,10,Sunny,0,37.25,Low
2026-03-29,1,P007,Parle-G 800g,Snacks,South,252,45,58,48,65,0,Cloudy,0,69.34,Low
2026-03-29,1,P008,Surf Excel 1kg,Cleaning,South,90,49,53,44,220,0,Stormy,0,206.57,Low
2026-03-29,1,P009,Amul Butter 500g,Dairy,South,58,22,27,26,275,5,Rainy,0,249.4,Low
2026-03-29,1,P010,Red Label Tea 500g,Beverages,South,147,40,49,44,255,10,Rainy,0,230.63,Low
2026-03-30,1,P001,Amul Taaza Toned Milk 1L,Dairy,South,205,17,36,15,58,0,Stormy,1,59.16,Low
2026-03-30,1,P002,Britannia Good Day 600g,Snacks,South,194,44,48,47,120,0,Stormy,1,114.53,Low
2026-03-30,1,P003,Aashirvaad Atta 5kg,Staples,South,241,72,76,76,248,0,Stormy,0,254.39,Low
2026-03-30,1,P004,Maggi 2-Minute Noodles,Snacks,South,128,40,44,40,48,5,Cloudy,1,46.37,Low
2026-03-30,1,P005,Tata Salt 1kg,Staples,South,104,59,69,62,22,0,Cloudy,1,24.19,Low
2026-03-30,1,P006,Coca-Cola 600ml,Beverages,South,70,58,68,57,40,20,Stormy,0,38.76,Low
2026-03-30,1,P007,Parle-G 800g,Snacks,South,288,35,46,30,65,15,Cloudy,0,60.39,Low
2026-03-30,1,P008,Surf Excel 1kg,Cleaning,South,257,62,67,57,220,5,Rainy,1,227.78,Low
2026-03-30,1,P009,Amul Butter 500g,Dairy,South,52,38,56,40,275,15,Cloudy,0,299.09,Low
2026-03-30,1,P010,Red Label Tea 500g,Beverages,South,159,44,47,46,255,0,Cloudy,1,254.27,Low
2026-03-31,1,P001,Amul Taaza Toned Milk 1L,Dairy,South,76,64,78,62,58,10,Cloudy,0,55.12,Low
2026-03-31,1,P002,Britannia Good Day 600g,Snacks,South,172,45,51,43,120,5,Cloudy,0,111.6,Low
2026-03-31,1,P003,Aashirvaad Atta 5kg,Staples,South,116,80,90,84,248,10,Stormy,0,250.92,Low
2026-03-31,1,P004,Maggi 2-Minute Noodles,Snacks,South,254,51,67,50,48,15,Stormy,0,50.54,Low
2026-03-31,1,P005,Tata Salt 1kg,Staples,South,193,61,74,60,22,20,Sunny,0,20.51,Low
2026-03-31,1,P006,Coca-Cola 600ml,Beverages,South,176,72,81,68,40,0,Cloudy,0,42.67,Low
2026-03-31,1,P007,Parle-G 800g,Snacks,South,101,46,48,45,65,10,Sunny,0,61.63,Low
2026-03-31,1,P008,Surf Excel 1kg,Cleaning,South,125,85,94,83,220,0,Stormy,1,209.85,Low
2026-03-31,1,P009,Amul Butter 500g,Dairy,South,153,44,54,43,275,10,Sunny,1,251.17,Low
2026-03-31,1,P010,Red Label Tea 500g,Beverages,South,166,66,74,66,255,10,Sunny,1,280.13,Low
2026-04-01,1,P001,Amul Taaza Toned Milk 1L,Dairy,South,207,16,17,13,58,0,Sunny,0,63.26,Low
2026-04-01,1,P002,Britannia Good Day 600g,Snacks,South,249,22,30,25,120,0,Rainy,0,118.46,Low
2026-04-01,1,P003,Aashirvaad Atta 5kg,Staples,South,271,37,47,36,248,15,Stormy,0,249.84,Low
2026-04-01,1,P004,Maggi 2-Minute Noodles,Snacks,South,54,25,29,24,48,0,Cloudy,0,52.3,Low
2026-04-01,1,P005,Tata Salt 1kg,Staples,South,67,50,61,45,22,0,Cloudy,0,23.83,Low
2026-04-01,1,P006,Coca-Cola 600ml,Beverages,South,234,69,86,67,40,0,Sunny,0,37.67,Low
2026-04-01,1,P007,Parle-G 800g,Snacks,South,261,45,48,44,65,0,Stormy,1,67.67,Low
2026-04-01,1,P008,Surf Excel 1kg,Cleaning,South,268,44,46,44,220,5,Sunny,0,218.99,Low
2026-04-01,1,P009,Amul Butter 500g,Dairy,South,287,61,65,62,275,0,Cloudy,0,278.21,Low
2026-04-01,1,P010,Red Label Tea 500g,Beverages,South,189,37,49,35,255,20,Stormy,0,271.58,Low
2026-04-02,1,P001,Amul Taaza Toned Milk 1L,Dairy,South,70,22,28,21,58,10,Stormy,0,58.75,Low
2026-04-02,1,P002,Britannia Good Day 600g,Snacks,South,124,77,77,81,120,0,Stormy,0,108.17,Low
2026-04-02,1,P003,Aashirvaad Atta 5kg,Staples,South,245,25,32,20,248,5,Rainy,0,261.11,Low
2026-04-02,1,P004,Maggi 2-Minute Noodles,Snacks,South,142,68,75,65,48,15,Stormy,1,45.94,Low
2026-04-02,1,P005,Tata Salt 1kg,Staples,South,267,56,67,59,22,15,Stormy,0,23.19,Low
2026-04-02,1,P006,Coca-Cola 600ml,Beverages,South,101,85,90,89,40,0,Sunny,0,42.11,Low
2026-04-02,1,P007,Parle-G 800g,Snacks,South,156,39,46,39,65,15,Rainy,0,62.75,Low
2026-04-02,1,P008,Surf Excel 1kg,Cleaning,South,229,73,89,72,220,0,Cloudy,0,224.88,Low
2026-04-02,1,P009,Amul Butter 500g,Dairy,South,76,63,78,63,275,10,Stormy,0,284.16,Low
2026-04-02,1,P010,Red Label Tea 500g,Beverages,South,200,35,50,36,255,0,Rainy,0,274.88,Low
2026-04-03,1,P001,Amul Taaza Toned Milk 1L,Dairy,South,220,68,80,68,58,5,Sunny,0,60.36,Low
2026-04-03,1,P002,Britannia Good Day 600g,Snacks,South,195,39,53,42,120,0,Cloudy,0,128.07,Low
2026-04-03,1,P003,Aashirvaad Atta 5kg,Staples,South,83,64,70,65,248,5,Rainy,0,230.81,Low
2026-04-03,1,P004,Maggi 2-Minute Noodles,Snacks,South,74,49,50,46,48,0,Cloudy,0,50.36,Low
2026-04-03,1,P005,Tata Salt 1kg,Staples,South,174,76,94,76,22,0,Cloudy,0,23.31,Low
2026-04-03,1,P006,Coca-Cola 600ml,Beverages,South,273,68,74,65,40,10,Cloudy,0,41.28,Low
2026-04-03,1,P007,Parle-G 800g,Snacks,South,120,59,74,63,65,15,Cloudy,1,71.14,Low
2026-04-03,1,P008,Surf Excel 1kg,Cleaning,South,223,80,95,84,220,15,Sunny,0,221.12,Low
2026-04-03,1,P009,Amul Butter 500g,Dairy,South,186,58,77,59,275,0,Rainy,1,267.93,Low
2026-04-03,1,P010,Red Label Tea 500g,Beverages,South,274,59,69,56,255,15,Cloudy,1,253.3,Low
2026-04-04,1,P001,Amul Taaza Toned Milk 1L,Dairy,South,226,39,42,34,58,0,Rainy,1,62.58,Low
2026-04-04,1,P002,Britannia Good Day 600g,Snacks,South,174,31,40,27,120,0,Cloudy,1,127.3,Low
2026-04-04,1,P003,Aashirvaad Atta 5kg,Staples,South,143,90,98,89,248,20,Stormy,0,228.71,Low
2026-04-04,1,P004,Maggi 2-Minute Noodles,Snacks,South,249,50,62,53,48,0,Cloudy,1,52.75,Low
2026-04-04,1,P005,Tata Salt 1kg,Staples,South,269,68,83,70,22,0,Sunny,0,21.87,Low
2026-04-04,1,P006,Coca-Cola 600ml,Beverages,South,66,44,61,43,40,10,Sunny,0,36.48,Low
2026-04-04,1,P007,Parle-G 800g,Snacks,South,77,74,82,73,65,20,Rainy,0,70.53,Low
2026-04-04,1,P008,Surf Excel 1kg,Cleaning,South,62,52,71,52,220,0,Cloudy,1,219.43,Low
2026-04-04,1,P009,Amul Butter 500g,Dairy,South,205,97,109,99,275,0,Rainy,0,298.98,Low
2026-04-04,1,P010,Red Label Tea 500g,Beverages,South,149,77,88,79,255,10,Stormy,0,241.56,Low
2026-04-05,1,P001,Amul Taaza Toned Milk 1L,Dairy,South,236,60,61,57,58,10,Cloudy,1,56.99,Low
2026-04-05,1,P002,Britannia Good Day 600g,Snacks,South,196,90,109,88,120,15,Stormy,0,108.1,Low
2026-04-05,1,P003,Aashirvaad Atta 5kg,Staples,South,218,99,101,94,248,15,Stormy,0,265.85,Low
2026-04-05,1,P004,Maggi 2-Minute Noodles,Snacks,South,91,82,85,85,48,5,Sunny,1,46.76,Low
2026-04-05,1,P005,Tata Salt 1kg,Staples,South,239,37,45,34,22,10,Cloudy,0,21.12,Low
2026-04-05,1,P006,Coca-Cola 600ml,Beverages,South,80,22,34,25,40,5,Stormy,0,39.81,Low
2026-04-05,1,P007,Parle-G 800g,Snacks,South,53,51,56,55,65,15,Rainy,1,60.21,Low
2026-04-05,1,P008,Surf Excel 1kg,Cleaning,South,190,25,44,28,220,0,Rainy,0,220.35,Low
2026-04-05,1,P009,Amul Butter 500g,Dairy,South,288,58,61,56,275,15,Sunny,1,298.64,Low
2026-04-05,1,P010,Red Label Tea 500g,Beverages,South,248,30,45,30,255,15,Rainy,0,253.37,Low
2026-04-06,1,P001,Amul Taaza Toned Milk 1L,Dairy,South,170,55,61,51,58,20,Rainy,0,56.11,Low
2026-04-06,1,P002,Britannia Good Day 600g,Snacks,South,99,30,33,31,120,10,Stormy,0,110.82,Low
2026-04-06,1,P003,Aashirvaad Atta 5kg,Staples,South,106,25,30,22,248,0,Sunny,0,237.71,Low
2026-04-06,1,P004,Maggi 2-Minute Noodles,Snacks,South,227,66,68,68,48,0,Stormy,0,50.29,Low
2026-04-06,1,P005,Tata Salt 1kg,Staples,South,296,53,62,50,22,0,Stormy,0,20.51,Low
2026-04-06,1,P006,Coca-Cola 600ml,Beverages,South,143,65,71,64,40,0,Sunny,0,36.04,Low
2026-04-06,1,P007,Parle-G 800g,Snacks,South,110,64,69,66,65,15,Sunny,1,71.03,Low
2026-04-06,1,P008,Surf Excel 1kg,Cleaning,South,71,57,64,61,220,0,Sunny,0,212.87,Low
2026-04-06,1,P009,Amul Butter 500g,Dairy,South,59,82,85,86,275,0,Sunny,0,266.83,Low
2026-04-06,1,P010,Red Label Tea 500g,Beverages,South,131,41,48,37,255,0,Rainy,1,249.97,Low
2026-04-07,1,P001,Amul Taaza Toned Milk 1L,Dairy,South,145,45,58,40,58,20,Sunny,0,59.93,Low
2026-04-07,1,P002,Britannia Good Day 600g,Snacks,South,104,46,64,47,120,0,Rainy,0,129.29,Low
2026-04-07,1,P003,Aashirvaad Atta 5kg,Staples,South,149,51,51,46,248,20,Cloudy,0,250.95,Low
2026-04-07,1,P004,Maggi 2-Minute Noodles,Snacks,South,276,73,87,74,48,0,Cloudy,0,52.38,Low
2026-04-07,1,P005,Tata Salt 1kg,Staples,South,247,61,80,60,22,0,Rainy,0,23.92,Low
2026-04-07,1,P006,Coca-Cola 600ml,Beverages,South,245,27,37,31,40,10,Stormy,0,40.84,Low
2026-04-07,1,P007,Parle-G 800g,Snacks,South,90,68,76,66,65,5,Rainy,1,61.66,Low
2026-04-07,1,P008,Surf Excel 1kg,Cleaning,South,163,52,57,48,220,0,Cloudy,1,222.05,Low
2026-04-07,1,P009,Amul Butter 500g,Dairy,South,295,43,53,40,275,0,Cloudy,0,250.59,Low
2026-04-07,1,P010,Red Label Tea 500g,Beverages,South,295,34,37,38,255,0,Rainy,0,248.13,Low
2026-04-08,1,P001,Amul Taaza Toned Milk 1L,Dairy,South,74,59,64,61,58,0,Sunny,0,57.28,Low
2026-04-08,1,P002,Britannia Good Day 600g,Snacks,South,211,73,84,74,120,20,Rainy,0,123.3,Low
2026-04-08,1,P003,Aashirvaad Atta 5kg,Staples,South,204,62,66,63,248,20,Cloudy,1,271.46,Low
2026-04-08,1,P004,Maggi 2-Minute Noodles,Snacks,South,225,55,62,54,48,20,Rainy,0,48.22,Low
2026-04-08,1,P005,Tata Salt 1kg,Staples,South,290,78,86,79,22,0,Sunny,0,20.53,Low
2026-04-08,1,P006,Coca-Cola 600ml,Beverages,South,56,57,60,54,40,15,Stormy,1,37.49,Low
2026-04-08,1,P007,Parle-G 800g,Snacks,South,173,64,69,60,65,15,Cloudy,1,64.68,Low
2026-04-08,1,P008,Surf Excel 1kg,Cleaning,South,127,47,64,44,220,0,Cloudy,0,234.37,Low
2026-04-08,1,P009,Amul Butter 500g,Dairy,South,114,82,91,82,275,0,Sunny,0,294.37,Low
2026-04-08,1,P010,Red Label Tea 500g,Beverages,South,128,58,76,53,255,15,Cloudy,0,264.23,Low
2026-04-09,1,P001,Amul Taaza Toned Milk 1L,Dairy,South,173,33,37,30,58,5,Rainy,0,58.84,Low
2026-04-09,1,P002,Britannia Good Day 600g,Snacks,South,222,43,57,40,120,20,Sunny,0,108.61,Low
2026-04-09,1,P003,Aashirvaad Atta 5kg,Staples,South,79,84,91,86,248,0,Cloudy,0,244.81,Low
2026-04-09,1,P004,Maggi 2-Minute Noodles,Snacks,South,83,80,86,81,48,5,Cloudy,0,46.0,Low
2026-04-09,1,P005,Tata Salt 1kg,Staples,South,210,52,71,52,22,0,Rainy,0,21.31,Low
2026-04-09,1,P006,Coca-Cola 600ml,Beverages,South,99,58,67,60,40,10,Sunny,0,40.22,Low
2026-04-09,1,P007,Parle-G 800g,Snacks,South,163,21,29,16,65,0,Cloudy,0,68.61,Low
2026-04-09,1,P008,Surf Excel 1kg,Cleaning,South,156,35,36,31,220,0,Sunny,0,216.83,Low
2026-04-09,1,P009,Amul Butter 500g,Dairy,South,163,46,52,48,275,0,Stormy,0,294.1,Low
2026-04-09,1,P010,Red Label Tea 500g,Beverages,South,114,16,32,14,255,10,Cloudy,0,257.06,Low
2026-04-10,1,P001,Amul Taaza Toned Milk 1L,Dairy,South,232,78,97,73,58,5,Sunny,0,59.48,Low
2026-04-10,1,P002,Britannia Good Day 600g,Snacks,South,254,58,71,57,120,10,Stormy,0,114.79,Low
2026-04-10,1,P003,Aashirvaad Atta 5kg,Staples,South,87,47,50,49,248,0,Cloudy,1,240.83,Low
2026-04-10,1,P004,Maggi 2-Minute Noodles,Snacks,South,138,52,55,48,48,0,Stormy,1,51.65,Low
2026-04-10,1,P005,Tata Salt 1kg,Staples,South,68,32,50,36,22,5,Rainy,1,22.14,Low
2026-04-10,1,P006,Coca-Cola 600ml,Beverages,South,162,71,81,66,40,0,Sunny,1,39.92,Low
2026-04-10,1,P007,Parle-G 800g,Snacks,South,133,19,19,16,65,5,Cloudy,0,65.28,Low
2026-04-10,1,P008,Surf Excel 1kg,Cleaning,South,209,37,40,35,220,15,Rainy,0,214.79,Low
2026-04-10,1,P009,Amul Butter 500g,Dairy,South,271,27,32,28,275,20,Stormy,0,296.32,Low
2026-04-10,1,P010,Red Label Tea 500g,Beverages,South,280,33,46,29,255,15,Rainy,0,273.82,Low
2026-04-11,1,P001,Amul Taaza Toned Milk 1L,Dairy,South,113,41,42,41,58,5,Sunny,0,55.58,Low
2026-04-11,1,P002,Britannia Good Day 600g,Snacks,South,90,49,62,46,120,0,Cloudy,0,120.37,Low
2026-04-11,1,P003,Aashirvaad Atta 5kg,Staples,South,254,62,69,64,248,20,Sunny,1,256.35,Low
2026-04-11,1,P004,Maggi 2-Minute Noodles,Snacks,South,241,91,101,89,48,20,Rainy,0,50.47,Low
2026-04-11,1,P005,Tata Salt 1kg,Staples,South,93,80,90,83,22,0,Rainy,1,20.09,Low
2026-04-11,1,P006,Coca-Cola 600ml,Beverages,South,52,77,85,76,40,0,Sunny,1,41.31,Low
2026-04-11,1,P007,Parle-G 800g,Snacks,South,291,76,84,77,65,20,Sunny,0,70.88,Low
2026-04-11,1,P008,Surf Excel 1kg,Cleaning,South,142,58,75,61,220,0,Cloudy,1,213.76,Low
2026-04-11,1,P009,Amul Butter 500g,Dairy,South,93,80,98,77,275,5,Rainy,0,273.76,Low
2026-04-11,1,P010,Red Label Tea 500g,Beverages,South,135,36,50,34,255,10,Rainy,0,241.76,Low
2026-04-12,1,P001,Amul Taaza Toned Milk 1L,Dairy,South,71,74,78,77,58,15,Sunny,0,59.39,Low
2026-04-12,1,P002,Britannia Good Day 600g,Snacks,South,190,75,75,71,120,0,Cloudy,1,126.31,Low
2026-04-12,1,P003,Aashirvaad Atta 5kg,Staples,South,275,36,43,37,248,0,Stormy,0,234.42,Low
2026-04-12,1,P004,Maggi 2-Minute Noodles,Snacks,South,81,88,92,87,48,0,Sunny,1,48.12,Low
2026-04-12,1,P005,Tata Salt 1kg,Staples,South,167,78,95,79,22,0,Sunny,0,23.9,Low
2026-04-12,1,P006,Coca-Cola 600ml,Beverages,South,145,43,57,44,40,0,Rainy,1,39.39,Low
2026-04-12,1,P007,Parle-G 800g,Snacks,South,148,100,107,104,65,0,Stormy,1,71.01,Low
2026-04-12,1,P008,Surf Excel 1kg,Cleaning,South,125,71,89,73,220,0,Cloudy,0,223.18,Low
2026-04-12,1,P009,Amul Butter 500g,Dairy,South,276,70,85,66,275,0,Stormy,1,266.92,Low
2026-04-12,1,P010,Red Label Tea 500g,Beverages,South,201,89,108,93,255,10,Rainy,1,252.42,Low
2026-04-13,1,P001,Amul Taaza Toned Milk 1L,Dairy,South,103,34,51,29,58,20,Rainy,0,62.78,Low
2026-04-13,1,P002,Britannia Good Day 600g,Snacks,South,278,72,82,73,120,0,Cloudy,0,118.45,Low
2026-04-13,1,P003,Aashirvaad Atta 5kg,Staples,South,82,52,60,56,248,5,Cloudy,0,234.08,Low
2026-04-13,1,P004,Maggi 2-Minute Noodles,Snacks,South,288,33,42,30,48,0,Stormy,0,44.04,Low
2026-04-13,1,P005,Tata Salt 1kg,Staples,South,277,77,95,76,22,15,Stormy,0,23.57,Low
2026-04-13,1,P006,Coca-Cola 600ml,Beverages,South,234,71,86,67,40,5,Cloudy,1,39.39,Low
2026-04-13,1,P007,Parle-G 800g,Snacks,South,102,43,45,38,65,0,Rainy,0,69.98,Low
2026-04-13,1,P008,Surf Excel 1kg,Cleaning,South,92,68,70,65,220,10,Rainy,0,207.98,Low
2026-04-13,1,P009,Amul Butter 500g,Dairy,South,137,28,41,25,275,5,Sunny,0,280.31,Low
2026-04-13,1,P010,Red Label Tea 500g,Beverages,South,225,55,70,50,255,10,Sunny,0,264.47,Low
2026-04-14,1,P001,Amul Taaza Toned Milk 1L,Dairy,South,229,67,84,66,58,0,Sunny,0,56.54,Low
2026-04-14,1,P002,Britannia Good Day 600g,Snacks,South,163,45,49,46,120,10,Stormy,0,121.29,Low
2026-04-14,1,P003,Aashirvaad Atta 5kg,Staples,South,84,21,30,20,248,10,Rainy,0,237.78,Low
2026-04-14,1,P004,Maggi 2-Minute Noodles,Snacks,South,108,16,33,20,48,20,Sunny,1,44.73,Low
2026-04-14,1,P005,Tata Salt 1kg,Staples,South,228,59,67,61,22,5,Stormy,0,23.03,Low
2026-04-14,1,P006,Coca-Cola 600ml,Beverages,South,166,34,36,34,40,0,Stormy,0,40.06,Low
2026-04-14,1,P007,Parle-G 800g,Snacks,South,191,68,72,72,65,0,Stormy,1,61.54,Low
2026-04-14,1,P008,Surf Excel 1kg,Cleaning,South,238,40,51,43,220,10,Stormy,1,213.18,Low
2026-04-14,1,P009,Amul Butter 500g,Dairy,South,150,34,51,36,275,5,Sunny,0,259.71,Low
2026-04-14,1,P010,Red Label Tea 500g,Beverages,South,227,59,64,62,255,0,Stormy,1,238.41,Low
2026-04-15,1,P001,Amul Taaza Toned Milk 1L,Dairy,South,204,60,79,61,58,0,Rainy,0,53.5,Low
2026-04-15,1,P002,Britannia Good Day 600g,Snacks,South,208,36,46,31,120,15,Cloudy,0,110.3,Low
2026-04-15,1,P003,Aashirvaad Atta 5kg,Staples,South,199,53,71,52,248,15,Rainy,0,245.21,Low
2026-04-15,1,P004,Maggi 2-Minute Noodles,Snacks,South,184,34,53,38,48,15,Cloudy,0,48.8,Low
2026-04-15,1,P005,Tata Salt 1kg,Staples,South,162,56,63,54,22,0,Sunny,1,21.97,Low
2026-04-15,1,P006,Coca-Cola 600ml,Beverages,South,160,32,48,35,40,10,Stormy,0,42.29,Low
2026-04-15,1,P007,Parle-G 800g,Snacks,South,202,49,57,53,65,10,Sunny,1,70.99,Low
2026-04-15,1,P008,Surf Excel 1kg,Cleaning,South,133,29,31,25,220,15,Rainy,0,212.4,Low
2026-04-15,1,P009,Amul Butter 500g,Dairy,South,95,74,89,76,275,0,Rainy,0,269.82,Low
2026-04-15,1,P010,Red Label Tea 500g,Beverages,South,179,52,61,53,255,0,Stormy,0,260.72,Low
2026-04-16,1,P001,Amul Taaza Toned Milk 1L,Dairy,South,114,55,56,55,58,20,Stormy,1,53.39,Low
2026-04-16,1,P002,Britannia Good Day 600g,Snacks,South,64,41,45,41,120,0,Sunny,1,127.6,Low
2026-04-16,1,P003,Aashirvaad Atta 5kg,Staples,South,253,56,65,53,248,0,Cloudy,1,228.98,Low
2026-04-16,1,P004,Maggi 2-Minute Noodles,Snacks,South,141,30,35,34,48,10,Cloudy,0,48.93,Low
2026-04-16,1,P005,Tata Salt 1kg,Staples,South,203,72,90,69,22,15,Stormy,0,22.02,Low
2026-04-16,1,P006,Coca-Cola 600ml,Beverages,South,186,33,38,33,40,10,Cloudy,0,41.78,Low
2026-04-16,1,P007,Parle-G 800g,Snacks,South,273,31,35,28,65,0,Stormy,0,64.92,Low
2026-04-16,1,P008,Surf Excel 1kg,Cleaning,South,63,68,81,63,220,0,Rainy,0,216.6,Low
2026-04-16,1,P009,Amul Butter 500g,Dairy,South,142,54,57,53,275,10,Cloudy,0,280.08,Low
2026-04-16,1,P010,Red Label Tea 500g,Beverages,South,79,43,51,38,255,5,Sunny,0,276.62,Low
2026-04-17,1,P001,Amul Taaza Toned Milk 1L,Dairy,South,194,32,48,27,58,0,Cloudy,0,54.15,Low
2026-04-17,1,P002,Britannia Good Day 600g,Snacks,South,67,37,47,40,120,0,Sunny,0,109.71,Low
2026-04-17,1,P003,Aashirvaad Atta 5kg,Staples,South,255,45,60,47,248,0,Stormy,1,259.34,Low
2026-04-17,1,P004,Maggi 2-Minute Noodles,Snacks,South,168,55,72,57,48,15,Sunny,0,49.06,Low
2026-04-17,1,P005,Tata Salt 1kg,Staples,South,107,22,27,22,22,0,Cloudy,0,20.42,Low
2026-04-17,1,P006,Coca-Cola 600ml,Beverages,South,153,52,52,55,40,0,Stormy,1,36.17,Low
2026-04-17,1,P007,Parle-G 800g,Snacks,South,72,81,91,82,65,0,Stormy,1,59.01,Low
2026-04-17,1,P008,Surf Excel 1kg,Cleaning,South,142,54,57,51,220,0,Cloudy,0,233.14,Low
2026-04-17,1,P009,Amul Butter 500g,Dairy,South,130,29,38,25,275,15,Cloudy,1,292.3,Low
2026-04-17,1,P010,Red Label Tea 500g,Beverages,South,66,69,87,67,255,0,Cloudy,0,237.93,Low
2026-04-18,1,P001,Amul Taaza Toned Milk 1L,Dairy,South,271,76,81,78,58,0,Cloudy,0,54.68,Low
2026-04-18,1,P002,Britannia Good Day 600g,Snacks,South,258,63,63,64,120,15,Cloudy,0,112.37,Low
2026-04-18,1,P003,Aashirvaad Atta 5kg,Staples,South,251,66,75,67,248,10,Stormy,0,224.38,Low
2026-04-18,1,P004,Maggi 2-Minute Noodles,Snacks,South,210,96,106,93,48,0,Stormy,0,49.34,Low
2026-04-18,1,P005,Tata Salt 1kg,Staples,South,244,73,82,71,22,0,Cloudy,0,22.81,Low
2026-04-18,1,P006,Coca-Cola 600ml,Beverages,South,164,45,64,42,40,0,Stormy,0,37.99,Low
2026-04-18,1,P007,Parle-G 800g,Snacks,South,291,64,69,66,65,5,Stormy,0,70.62,Low
2026-04-18,1,P008,Surf Excel 1kg,Cleaning,South,130,100,104,95,220,0,Sunny,1,226.47,Low
2026-04-18,1,P009,Amul Butter 500g,Dairy,South,132,33,45,35,275,5,Cloudy,1,255.59,Low
2026-04-18,1,P010,Red Label Tea 500g,Beverages,South,266,84,101,87,255,0,Sunny,0,279.44,Low
2026-04-19,1,P001,Amul Taaza Toned Milk 1L,Dairy,South,223,64,81,62,58,0,Sunny,0,59.28,Low
2026-04-19,1,P002,Britannia Good Day 600g,Snacks,South,201,91,109,86,120,20,Stormy,1,112.51,Low
2026-04-19,1,P003,Aashirvaad Atta 5kg,Staples,South,277,88,98,87,248,0,Rainy,0,243.99,Low
2026-04-19,1,P004,Maggi 2-Minute Noodles,Snacks,South,200,29,40,24,48,5,Sunny,0,43.99,Low
2026-04-19,1,P005,Tata Salt 1kg,Staples,South,245,26,36,22,22,5,Cloudy,0,22.24,Low
2026-04-19,1,P006,Coca-Cola 600ml,Beverages,South,164,47,50,47,40,0,Rainy,0,38.64,Low
2026-04-19,1,P007,Parle-G 800g,Snacks,South,252,51,67,51,65,0,Stormy,0,67.77,Low
2026-04-19,1,P008,Surf Excel 1kg,Cleaning,South,105,82,93,81,220,10,Cloudy,0,229.93,Low
2026-04-19,1,P009,Amul Butter 500g,Dairy,South,76,98,100,98,275,20,Stormy,0,248.56,Low
2026-04-19,1,P010,Red Label Tea 500g,Beverages,South,103,94,111,94,255,10,Rainy,0,272.16,Low
2026-04-20,1,P001,Amul Taaza Toned Milk 1L,Dairy,South,156,45,49,42,58,10,Sunny,1,63.01,Low
2026-04-20,1,P002,Britannia Good Day 600g,Snacks,South,193,28,38,25,120,5,Sunny,0,124.71,Low
2026-04-20,1,P003,Aashirvaad Atta 5kg,Staples,South,128,59,64,59,248,0,Sunny,1,235.65,Low
2026-04-20,1,P004,Maggi 2-Minute Noodles,Snacks,South,99,26,45,23,48,0,Stormy,0,50.58,Low
2026-04-20,1,P005,Tata Salt 1kg,Staples,South,148,66,80,68,22,20,Stormy,0,20.17,Low
2026-04-20,1,P006,Coca-Cola 600ml,Beverages,South,251,41,43,41,40,0,Sunny,0,36.09,Low
2026-04-20,1,P007,Parle-G 800g,Snacks,South,225,87,93,88,65,10,Stormy,0,67.33,Low
2026-04-20,1,P008,Surf Excel 1kg,Cleaning,South,196,68,72,71,220,20,Stormy,0,237.56,Low
2026-04-20,1,P009,Amul Butter 500g,Dairy,South,262,55,69,53,275,0,Rainy,0,257.37,Low
2026-04-20,1,P010,Red Label Tea 500g,Beverages,South,215,60,79,56,255,10,Cloudy,0,248.1,Low
2026-04-21,1,P001,Amul Taaza Toned Milk 1L,Dairy,South,56,75,75,72,58,0,Cloudy,0,58.39,Low
2026-04-21,1,P002,Britannia Good Day 600g,Snacks,South,77,76,89,73,120,0,Cloudy,0,115.92,Low
2026-04-21,1,P003,Aashirvaad Atta 5kg,Staples,South,218,45,52,42,248,5,Sunny,1,226.71,Low
2026-04-21,1,P004,Maggi 2-Minute Noodles,Snacks,South,287,47,64,50,48,0,Sunny,0,47.02,Low
2026-04-21,1,P005,Tata Salt 1kg,Staples,South,139,60,73,63,22,0,Rainy,0,22.02,Low
2026-04-21,1,P006,Coca-Cola 600ml,Beverages,South,106,35,36,31,40,0,Rainy,0,41.18,Low
2026-04-21,1,P007,Parle-G 800g,Snacks,South,252,73,86,68,65,15,Rainy,0,65.24,Low
2026-04-21,1,P008,Surf Excel 1kg,Cleaning,South,170,46,53,47,220,0,Sunny,0,241.51,Low
2026-04-21,1,P009,Amul Butter 500g,Dairy,South,255,52,56,54,275,10,Cloudy,0,286.5,Low
2026-04-21,1,P010,Red Label Tea 500g,Beverages,South,249,67,73,69,255,20,Rainy,0,267.59,Low
2026-04-22,1,P001,Amul Taaza Toned Milk 1L,Dairy,South,192,44,45,44,58,15,Cloudy,0,57.88,Low
2026-04-22,1,P002,Britannia Good Day 600g,Snacks,South,136,74,74,73,120,0,Rainy,0,124.62,Low
2026-04-22,1,P003,Aashirvaad Atta 5kg,Staples,South,130,61,78,61,248,5,Cloudy,0,252.4,Low
2026-04-22,1,P004,Maggi 2-Minute Noodles,Snacks,South,64,52,66,49,48,10,Rainy,0,47.36,Low
2026-04-22,1,P005,Tata Salt 1kg,Staples,South,195,29,34,29,22,15,Rainy,0,22.81,Low
2026-04-22,1,P006,Coca-Cola 600ml,Beverages,South,221,75,88,78,40,20,Sunny,0,39.32,Low
2026-04-22,1,P007,Parle-G 800g,Snacks,South,206,71,85,72,65,0,Rainy,0,70.4,Low
2026-04-22,1,P008,Surf Excel 1kg,Cleaning,South,157,25,25,24,220,0,Stormy,1,238.36,Low
2026-04-22,1,P009,Amul Butter 500g,Dairy,South,273,47,49,48,275,10,Sunny,0,259.3,Low
2026-04-22,1,P010,Red Label Tea 500g,Beverages,South,284,38,54,34,255,0,Rainy,0,239.83,Low
2026-04-23,1,P001,Amul Taaza Toned Milk 1L,Dairy,South,185,43,44,42,58,5,Stormy,0,54.4,Low
2026-04-23,1,P002,Britannia Good Day 600g,Snacks,South,272,36,52,36,120,20,Stormy,0,124.14,Low
2026-04-23,1,P003,Aashirvaad Atta 5kg,Staples,South,253,74,93,78,248,0,Rainy,0,269.25,Low
2026-04-23,1,P004,Maggi 2-Minute Noodles,Snacks,South,242,26,26,22,48,20,Rainy,0,44.88,Low
2026-04-23,1,P005,Tata Salt 1kg,Staples,South,213,74,87,74,22,0,Sunny,1,21.32,Low
2026-04-23,1,P006,Coca-Cola 600ml,Beverages,South,218,62,63,61,40,15,Rainy,0,43.11,Low
2026-04-23,1,P007,Parle-G 800g,Snacks,South,198,32,40,34,65,5,Cloudy,0,63.25,Low
2026-04-23,1,P008,Surf Excel 1kg,Cleaning,South,220,29,46,30,220,5,Sunny,1,235.57,Low
2026-04-23,1,P009,Amul Butter 500g,Dairy,South,142,32,38,31,275,5,Cloudy,1,288.57,Low
2026-04-23,1,P010,Red Label Tea 500g,Beverages,South,121,54,67,50,255,0,Stormy,0,276.81,Low
2026-04-24,1,P001,Amul Taaza Toned Milk 1L,Dairy,South,175,58,64,53,58,10,Sunny,0,60.37,Low
2026-04-24,1,P002,Britannia Good Day 600g,Snacks,South,177,81,100,79,120,0,Rainy,1,122.32,Low
2026-04-24,1,P003,Aashirvaad Atta 5kg,Staples,South,82,68,74,70,248,10,Stormy,0,237.11,Low
2026-04-24,1,P004,Maggi 2-Minute Noodles,Snacks,South,266,51,58,47,48,10,Rainy,0,45.73,Low
2026-04-24,1,P005,Tata Salt 1kg,Staples,South,152,31,40,26,22,0,Stormy,1,19.97,Low
2026-04-24,1,P006,Coca-Cola 600ml,Beverages,South,263,85,101,89,40,0,Cloudy,0,42.45,Low
2026-04-24,1,P007,Parle-G 800g,Snacks,South,243,54,67,49,65,20,Sunny,0,66.93,Low
2026-04-24,1,P008,Surf Excel 1kg,Cleaning,South,167,27,30,26,220,10,Rainy,0,227.23,Low
2026-04-24,1,P009,Amul Butter 500g,Dairy,South,52,81,86,79,275,5,Sunny,0,273.02,Low
2026-04-24,1,P010,Red Label Tea 500g,Beverages,South,215,85,88,81,255,15,Rainy,1,250.52,Low
2026-04-25,1,P001,Amul Taaza Toned Milk 1L,Dairy,South,282,75,93,72,58,0,Sunny,0,63.3,Low
2026-04-25,1,P002,Britannia Good Day 600g,Snacks,South,247,48,48,48,120,0,Cloudy,1,130.26,Low
2026-04-25,1,P003,Aashirvaad Atta 5kg,Staples,South,160,22,37,23,248,20,Stormy,0,262.31,Low
2026-04-25,1,P004,Maggi 2-Minute Noodles,Snacks,South,183,36,41,34,48,10,Sunny,0,47.53,Low
2026-04-25,1,P005,Tata Salt 1kg,Staples,South,69,67,83,62,22,15,Stormy,0,20.15,Low
2026-04-25,1,P006,Coca-Cola 600ml,Beverages,South,133,53,69,53,40,0,Stormy,0,36.6,Low
2026-04-25,1,P007,Parle-G 800g,Snacks,South,247,80,87,77,65,20,Cloudy,0,67.9,Low
2026-04-25,1,P008,Surf Excel 1kg,Cleaning,South,149,54,65,50,220,5,Rainy,0,226.16,Low
2026-04-25,1,P009,Amul Butter 500g,Dairy,South,251,61,67,57,275,10,Stormy,0,283.38,Low
2026-04-25,1,P010,Red Label Tea 500g,Beverages,South,172,32,46,32,255,20,Cloudy,0,234.18,Low
2026-04-26,1,P001,Amul Taaza Toned Milk 1L,Dairy,South,241,88,98,92,58,10,Stormy,0,61.06,Low
2026-04-26,1,P002,Britannia Good Day 600g,Snacks,South,189,27,28,28,120,10,Cloudy,1,118.42,Low
2026-04-26,1,P003,Aashirvaad Atta 5kg,Staples,South,170,66,69,65,248,10,Cloudy,0,228.37,Low
2026-04-26,1,P004,Maggi 2-Minute Noodles,Snacks,South,143,108,111,111,48,0,Sunny,0,43.34,Low
2026-04-26,1,P005,Tata Salt 1kg,Staples,South,99,33,43,30,22,15,Cloudy,0,23.51,Low
2026-04-26,1,P006,Coca-Cola 600ml,Beverages,South,239,107,121,102,40,20,Rainy,0,40.88,Low
2026-04-26,1,P007,Parle-G 800g,Snacks,South,284,25,27,28,65,0,Sunny,0,65.65,Low
2026-04-26,1,P008,Surf Excel 1kg,Cleaning,South,174,77,80,81,220,0,Sunny,0,236.06,Low
2026-04-26,1,P009,Amul Butter 500g,Dairy,South,248,49,62,44,275,15,Rainy,0,286.03,Low
2026-04-26,1,P010,Red Label Tea 500g,Beverages,South,77,36,37,31,255,15,Rainy,1,240.31,Low
2026-04-27,1,P001,Amul Taaza Toned Milk 1L,Dairy,South,277,39,54,36,58,5,Stormy,1,54.94,Low
2026-04-27,1,P002,Britannia Good Day 600g,Snacks,South,272,33,35,32,120,5,Rainy,1,125.53,Low
2026-04-27,1,P003,Aashirvaad Atta 5kg,Staples,South,256,70,74,71,248,5,Stormy,0,247.66,Low
2026-04-27,1,P004,Maggi 2-Minute Noodles,Snacks,South,118,15,33,15,48,15,Cloudy,0,49.11,Low
2026-04-27,1,P005,Tata Salt 1kg,Staples,South,258,54,72,50,22,0,Rainy,0,24.0,Low
2026-04-27,1,P006,Coca-Cola 600ml,Beverages,South,53,43,57,39,40,20,Stormy,0,37.95,Low
2026-04-27,1,P007,Parle-G 800g,Snacks,South,187,24,24,28,65,15,Cloudy,0,70.16,Low
2026-04-27,1,P008,Surf Excel 1kg,Cleaning,South,258,38,50,42,220,15,Sunny,0,205.57,Low
2026-04-27,1,P009,Amul Butter 500g,Dairy,South,198,74,92,74,275,5,Cloudy,0,282.5,Low
2026-04-27,1,P010,Red Label Tea 500g,Beverages,South,103,55,63,52,255,15,Sunny,0,250.12,Low
2026-04-28,1,P001,Amul Taaza Toned Milk 1L,Dairy,South,261,25,27,26,58,0,Rainy,1,60.33,Low
2026-04-28,1,P002,Britannia Good Day 600g,Snacks,South,148,74,77,73,120,5,Stormy,0,131.45,Low
2026-04-28,1,P003,Aashirvaad Atta 5kg,Staples,South,82,62,73,59,248,5,Rainy,0,245.4,Low
2026-04-28,1,P004,Maggi 2-Minute Noodles,Snacks,South,190,44,53,39,48,0,Cloudy,0,50.65,Low
2026-04-28,1,P005,Tata Salt 1kg,Staples,South,298,33,33,31,22,5,Rainy,0,22.82,Low
2026-04-28,1,P006,Coca-Cola 600ml,Beverages,South,194,31,33,26,40,0,Stormy,0,40.42,Low
2026-04-28,1,P007,Parle-G 800g,Snacks,South,178,31,33,27,65,0,Rainy,0,61.21,Low
2026-04-28,1,P008,Surf Excel 1kg,Cleaning,South,286,53,68,56,220,0,Cloudy,0,236.34,Low
2026-04-28,1,P009,Amul Butter 500g,Dairy,South,289,60,76,57,275,0,Rainy,0,283.55,Low
2026-04-28,1,P010,Red Label Tea 500g,Beverages,South,79,51,55,51,255,0,Stormy,1,231.06,Low
2026-04-29,1,P001,Amul Taaza Toned Milk 1L,Dairy,South,242,33,40,33,58,0,Rainy,0,58.03,Low
2026-04-29,1,P002,Britannia Good Day 600g,Snacks,South,97,67,79,70,120,0,Rainy,1,110.73,Low
2026-04-29,1,P003,Aashirvaad Atta 5kg,Staples,South,266,57,68,54,248,0,Stormy,1,230.76,Low
2026-04-29,1,P004,Maggi 2-Minute Noodles,Snacks,South,238,84,94,87,48,5,Cloudy,0,51.83,Low
2026-04-29,1,P005,Tata Salt 1kg,Staples,South,177,42,53,45,22,0,Sunny,0,19.92,Low
2026-04-29,1,P006,Coca-Cola 600ml,Beverages,South,102,82,88,85,40,15,Stormy,1,40.55,Low
2026-04-29,1,P007,Parle-G 800g,Snacks,South,51,37,40,37,65,0,Cloudy,1,64.29,Low
2026-04-29,1,P008,Surf Excel 1kg,Cleaning,South,257,40,40,36,220,0,Rainy,0,200.96,Low
2026-04-29,1,P009,Amul Butter 500g,Dairy,South,142,41,60,45,275,0,Sunny,0,254.87,Low
2026-04-29,1,P010,Red Label Tea 500g,Beverages,South,175,17,18,15,255,5,Stormy,0,275.43,Low
2026-04-30,1,P001,Amul Taaza Toned Milk 1L,Dairy,South,216,50,55,50,58,20,Cloudy,0,61.85,Low
2026-04-30,1,P002,Britannia Good Day 600g,Snacks,South,234,74,79,76,120,15,Cloudy,1,117.24,Low
2026-04-30,1,P003,Aashirvaad Atta 5kg,Staples,South,71,54,54,55,248,15,Cloudy,0,239.2,Low
2026-04-30,1,P004,Maggi 2-Minute Noodles,Snacks,South,134,63,75,67,48,10,Cloudy,1,49.44,Low
2026-04-30,1,P005,Tata Salt 1kg,Staples,South,62,36,43,34,22,10,Stormy,0,20.01,Low
2026-04-30,1,P006,Coca-Cola 600ml,Beverages,South,170,49,63,46,40,0,Stormy,0,42.16,Low
2026-04-30,1,P007,Parle-G 800g,Snacks,South,69,66,84,62,65,5,Sunny,1,66.05,Low
2026-04-30,1,P008,Surf Excel 1kg,Cleaning,South,121,76,80,79,220,0,Stormy,0,224.19,Low
2026-04-30,1,P009,Amul Butter 500g,Dairy,South,60,39,50,41,275,20,Rainy,0,272.63,Low
2026-04-30,1,P010,Red Label Tea 500g,Beverages,South,82,53,55,49,255,10,Rainy,0,263.06,Low
2026-05-01,1,P001,Amul Taaza Toned Milk 1L,Dairy,South,125,34,40,29,58,10,Sunny,1,60.31,Low
2026-05-01,1,P002,Britannia Good Day 600g,Snacks,South,256,64,72,66,120,20,Stormy,0,121.5,Low
2026-05-01,1,P003,Aashirvaad Atta 5kg,Staples,South,153,51,59,54,248,10,Sunny,0,245.34,Low
2026-05-01,1,P004,Maggi 2-Minute Noodles,Snacks,South,196,38,56,37,48,0,Sunny,0,52.27,Low
2026-05-01,1,P005,Tata Salt 1kg,Staples,South,202,25,39,24,22,5,Sunny,0,20.58,Low
2026-05-01,1,P006,Coca-Cola 600ml,Beverages,South,75,33,36,28,40,10,Sunny,0,40.71,Low
2026-05-01,1,P007,Parle-G 800g,Snacks,South,85,17,30,13,65,0,Stormy,0,58.66,Low
2026-05-01,1,P008,Surf Excel 1kg,Cleaning,South,94,64,68,62,220,0,Rainy,0,229.39,Low
2026-05-01,1,P009,Amul Butter 500g,Dairy,South,204,59,65,56,275,15,Stormy,0,301.52,Low
2026-05-01,1,P010,Red Label Tea 500g,Beverages,South,230,52,69,55,255,0,Sunny,1,245.33,Low
2026-05-02,1,P001,Amul Taaza Toned Milk 1L,Dairy,South,76,35,46,30,58,0,Rainy,1,63.37,Low
2026-05-02,1,P002,Britannia Good Day 600g,Snacks,South,295,58,77,58,120,0,Sunny,0,121.92,Low
2026-05-02,1,P003,Aashirvaad Atta 5kg,Staples,South,175,62,78,64,248,0,Rainy,1,227.18,Low
2026-05-02,1,P004,Maggi 2-Minute Noodles,Snacks,South,146,73,89,69,48,5,Sunny,1,51.63,Low
2026-05-02,1,P005,Tata Salt 1kg,Staples,South,267,39,54,34,22,20,Cloudy,0,20.42,Low
2026-05-02,1,P006,Coca-Cola 600ml,Beverages,South,220,47,49,48,40,0,Rainy,0,36.53,Low
2026-05-02,1,P007,Parle-G 800g,Snacks,South,136,105,120,100,65,15,Sunny,0,67.2,Low
2026-05-02,1,P008,Surf Excel 1kg,Cleaning,South,85,89,93,85,220,10,Rainy,0,216.14,Low
2026-05-02,1,P009,Amul Butter 500g,Dairy,South,199,58,70,61,275,20,Rainy,0,277.95,Low
2026-05-02,1,P010,Red Label Tea 500g,Beverages,South,70,73,80,73,255,10,Cloudy,1,237.78,Low
2026-05-03,1,P001,Amul Taaza Toned Milk 1L,Dairy,South,263,44,59,45,58,0,Sunny,0,54.2,Low
2026-05-03,1,P002,Britannia Good Day 600g,Snacks,South,179,65,83,65,120,0,Cloudy,1,115.54,Low
2026-05-03,1,P003,Aashirvaad Atta 5kg,Staples,South,259,96,114,92,248,0,Rainy,0,240.28,Low
2026-05-03,1,P004,Maggi 2-Minute Noodles,Snacks,South,227,74,88,70,48,10,Cloudy,1,49.17,Low
2026-05-03,1,P005,Tata Salt 1kg,Staples,South,170,94,110,98,22,0,Stormy,0,22.18,Low
2026-05-03,1,P006,Coca-Cola 600ml,Beverages,South,162,44,55,47,40,15,Sunny,0,41.78,Low
2026-05-03,1,P007,Parle-G 800g,Snacks,South,124,104,108,105,65,0,Sunny,1,65.87,Low
2026-05-03,1,P008,Surf Excel 1kg,Cleaning,South,69,75,89,71,220,5,Rainy,0,230.76,Low
2026-05-03,1,P009,Amul Butter 500g,Dairy,South,145,83,94,85,275,0,Stormy,0,279.15,Low
2026-05-03,1,P010,Red Label Tea 500g,Beverages,South,110,37,37,40,255,0,Cloudy,1,263.77,Low
2026-05-04,1,P001,Amul Taaza Toned Milk 1L,Dairy,South,178,33,41,35,58,5,Rainy,0,61.77,Low
2026-05-04,1,P002,Britannia Good Day 600g,Snacks,South,154,65,84,61,120,10,Sunny,1,111.02,Low
2026-05-04,1,P003,Aashirvaad Atta 5kg,Staples,South,247,35,51,32,248,0,Cloudy,1,241.97,Low
2026-05-04,1,P004,Maggi 2-Minute Noodles,Snacks,South,237,59,66,56,48,0,Cloudy,1,44.58,Low
2026-05-04,1,P005,Tata Salt 1kg,Staples,South,204,29,47,32,22,0,Cloudy,0,20.17,Low
2026-05-04,1,P006,Coca-Cola 600ml,Beverages,South,270,63,74,63,40,5,Sunny,0,41.02,Low
2026-05-04,1,P007,Parle-G 800g,Snacks,South,137,34,47,33,65,20,Cloudy,0,61.01,Low
2026-05-04,1,P008,Surf Excel 1kg,Cleaning,South,229,40,46,37,220,0,Stormy,1,228.86,Low
2026-05-04,1,P009,Amul Butter 500g,Dairy,South,129,49,67,48,275,15,Stormy,1,271.28,Low
2026-05-04,1,P010,Red Label Tea 500g,Beverages,South,220,40,54,41,255,0,Cloudy,0,253.49,Low
2026-05-05,1,P001,Amul Taaza Toned Milk 1L,Dairy,South,95,43,62,43,58,20,Sunny,0,58.48,Low
2026-05-05,1,P002,Britannia Good Day 600g,Snacks,South,241,85,88,86,120,0,Rainy,0,128.6,Low
2026-05-05,1,P003,Aashirvaad Atta 5kg,Staples,South,168,34,38,37,248,0,Sunny,0,258.93,Low
2026-05-05,1,P004,Maggi 2-Minute Noodles,Snacks,South,201,56,64,56,48,0,Cloudy,0,50.21,Low
2026-05-05,1,P005,Tata Salt 1kg,Staples,South,287,53,71,50,22,10,Cloudy,0,23.31,Low
2026-05-05,1,P006,Coca-Cola 600ml,Beverages,South,230,26,29,24,40,10,Sunny,0,41.74,Low
2026-05-05,1,P007,Parle-G 800g,Snacks,South,173,29,40,32,65,15,Sunny,0,62.72,Low
2026-05-05,1,P008,Surf Excel 1kg,Cleaning,South,72,27,32,28,220,0,Cloudy,0,222.75,Low
2026-05-05,1,P009,Amul Butter 500g,Dairy,South,108,45,50,45,275,0,Cloudy,1,281.75,Low
2026-05-05,1,P010,Red Label Tea 500g,Beverages,South,234,18,27,15,255,10,Cloudy,0,267.89,Low
2026-05-06,1,P001,Amul Taaza Toned Milk 1L,Dairy,South,231,66,83,70,58,10,Stormy,1,63.63,Low
2026-05-06,1,P002,Britannia Good Day 600g,Snacks,South,288,66,75,65,120,5,Rainy,1,108.04,Low
2026-05-06,1,P003,Aashirvaad Atta 5kg,Staples,South,172,71,73,72,248,0,Sunny,0,260.98,Low
2026-05-06,1,P004,Maggi 2-Minute Noodles,Snacks,South,263,57,76,54,48,15,Rainy,1,44.92,Low
2026-05-06,1,P005,Tata Salt 1kg,Staples,South,94,67,86,69,22,20,Stormy,1,22.19,Low
2026-05-06,1,P006,Coca-Cola 600ml,Beverages,South,182,36,55,37,40,5,Sunny,1,37.91,Low
2026-05-06,1,P007,Parle-G 800g,Snacks,South,173,49,66,53,65,0,Sunny,0,70.83,Low
2026-05-06,1,P008,Surf Excel 1kg,Cleaning,South,286,58,63,59,220,10,Sunny,0,214.38,Low
2026-05-06,1,P009,Amul Butter 500g,Dairy,South,108,20,25,18,275,0,Cloudy,0,264.47,Low
2026-05-06,1,P010,Red Label Tea 500g,Beverages,South,255,43,52,45,255,5,Stormy,0,276.98,Low
2026-05-07,1,P001,Amul Taaza Toned Milk 1L,Dairy,South,289,59,66,59,58,0,Rainy,0,52.98,Low
2026-05-07,1,P002,Britannia Good Day 600g,Snacks,South,206,45,49,41,120,0,Cloudy,0,118.3,Low
2026-05-07,1,P003,Aashirvaad Atta 5kg,Staples,South,61,47,55,49,248,15,Stormy,0,226.45,Low
2026-05-07,1,P004,Maggi 2-Minute Noodles,Snacks,South,101,71,74,68,48,0,Cloudy,0,45.87,Low
2026-05-07,1,P005,Tata Salt 1kg,Staples,South,90,43,53,42,22,10,Cloudy,1,20.35,Low
2026-05-07,1,P006,Coca-Cola 600ml,Beverages,South,141,54,72,54,40,0,Sunny,0,40.08,Low
2026-05-07,1,P007,Parle-G 800g,Snacks,South,115,26,34,22,65,20,Rainy,0,68.24,Low
2026-05-07,1,P008,Surf Excel 1kg,Cleaning,South,237,32,37,28,220,0,Sunny,0,206.77,Low
2026-05-07,1,P009,Amul Butter 500g,Dairy,South,97,41,58,39,275,15,Rainy,0,286.42,Low
2026-05-07,1,P010,Red Label Tea 500g,Beverages,South,51,55,56,59,255,15,Stormy,0,273.87,Low
2026-05-08,1,P001,Amul Taaza Toned Milk 1L,Dairy,South,145,47,51,44,58,0,Cloudy,0,58.81,Low
2026-05-08,1,P002,Britannia Good Day 600g,Snacks,South,168,28,30,29,120,0,Stormy,0,128.5,Low
2026-05-08,1,P003,Aashirvaad Atta 5kg,Staples,South,203,49,50,50,248,15,Rainy,0,265.08,Low
2026-05-08,1,P004,Maggi 2-Minute Noodles,Snacks,South,236,74,92,74,48,15,Stormy,0,43.33,Low
2026-05-08,1,P005,Tata Salt 1kg,Staples,South,256,43,53,47,22,0,Sunny,1,20.49,Low
2026-05-08,1,P006,Coca-Cola 600ml,Beverages,South,270,34,37,37,40,0,Sunny,0,41.21,Low
2026-05-08,1,P007,Parle-G 800g,Snacks,South,286,60,64,56,65,10,Cloudy,0,64.24,Low
2026-05-08,1,P008,Surf Excel 1kg,Cleaning,South,192,56,71,55,220,0,Stormy,0,211.7,Low
2026-05-08,1,P009,Amul Butter 500g,Dairy,South,184,17,22,19,275,20,Sunny,0,299.75,Low
2026-05-08,1,P010,Red Label Tea 500g,Beverages,South,162,76,86,77,255,0,Sunny,0,262.03,Low
2026-05-09,1,P001,Amul Taaza Toned Milk 1L,Dairy,South,110,108,111,112,58,0,Rainy,0,54.34,Low
2026-05-09,1,P002,Britannia Good Day 600g,Snacks,South,115,56,62,59,120,15,Cloudy,0,116.01,Low
2026-05-09,1,P003,Aashirvaad Atta 5kg,Staples,South,117,44,57,41,248,0,Cloudy,1,261.49,Low
2026-05-09,1,P004,Maggi 2-Minute Noodles,Snacks,South,113,21,30,18,48,0,Stormy,0,47.17,Low
2026-05-09,1,P005,Tata Salt 1kg,Staples,South,144,65,73,64,22,15,Rainy,0,23.21,Low
2026-05-09,1,P006,Coca-Cola 600ml,Beverages,South,257,61,70,61,40,0,Cloudy,0,38.51,Low
2026-05-09,1,P007,Parle-G 800g,Snacks,South,243,45,57,47,65,0,Sunny,1,63.98,Low
2026-05-09,1,P008,Surf Excel 1kg,Cleaning,South,61,33,44,37,220,10,Sunny,0,229.77,Low
2026-05-09,1,P009,Amul Butter 500g,Dairy,South,65,85,95,84,275,0,Sunny,1,289.76,Low
2026-05-09,1,P010,Red Label Tea 500g,Beverages,South,58,91,96,87,255,20,Cloudy,0,279.02,Low
2026-05-10,1,P001,Amul Taaza Toned Milk 1L,Dairy,South,269,55,69,57,58,20,Stormy,0,53.79,Low
2026-05-10,1,P002,Britannia Good Day 600g,Snacks,South,271,43,54,43,120,20,Sunny,1,111.07,Low
2026-05-10,1,P003,Aashirvaad Atta 5kg,Staples,South,114,34,46,33,248,0,Stormy,0,243.64,Low
2026-05-10,1,P004,Maggi 2-Minute Noodles,Snacks,South,159,41,43,44,48,0,Stormy,0,49.79,Low
2026-05-10,1,P005,Tata Salt 1kg,Staples,South,97,93,111,90,22,0,Sunny,0,20.39,Low
2026-05-10,1,P006,Coca-Cola 600ml,Beverages,South,196,47,61,44,40,0,Stormy,0,44.0,Low
2026-05-10,1,P007,Parle-G 800g,Snacks,South,103,63,66,62,65,5,Cloudy,0,71.4,Low
2026-05-10,1,P008,Surf Excel 1kg,Cleaning,South,93,80,98,77,220,15,Rainy,0,231.14,Low
2026-05-10,1,P009,Amul Butter 500g,Dairy,South,250,28,43,24,275,20,Stormy,0,300.11,Low
2026-05-10,1,P010,Red Label Tea 500g,Beverages,South,224,65,76,60,255,10,Rainy,0,258.41,Low
2026-05-11,1,P001,Amul Taaza Toned Milk 1L,Dairy,South,90,63,77,58,58,0,Cloudy,1,52.3,Low
2026-05-11,1,P002,Britannia Good Day 600g,Snacks,South,291,77,94,78,120,5,Rainy,0,115.05,Low
2026-05-11,1,P003,Aashirvaad Atta 5kg,Staples,South,218,56,71,57,248,0,Cloudy,0,251.92,Low
2026-05-11,1,P004,Maggi 2-Minute Noodles,Snacks,South,163,82,99,79,48,5,Sunny,0,46.55,Low
2026-05-11,1,P005,Tata Salt 1kg,Staples,South,92,52,68,50,22,0,Stormy,1,21.18,Low
2026-05-11,1,P006,Coca-Cola 600ml,Beverages,South,103,31,32,27,40,5,Sunny,1,36.88,Low
2026-05-11,1,P007,Parle-G 800g,Snacks,South,65,81,81,80,65,10,Rainy,0,64.93,Low
2026-05-11,1,P008,Surf Excel 1kg,Cleaning,South,289,65,75,65,220,20,Cloudy,0,212.89,Low
2026-05-11,1,P009,Amul Butter 500g,Dairy,South,234,52,68,49,275,0,Stormy,1,271.85,Low
2026-05-11,1,P010,Red Label Tea 500g,Beverages,South,178,81,99,79,255,0,Rainy,1,249.86,Low
2026-05-12,1,P001,Amul Taaza Toned Milk 1L,Dairy,South,234,45,53,46,58,5,Sunny,0,58.79,Low
2026-05-12,1,P002,Britannia Good Day 600g,Snacks,South,183,52,68,55,120,20,Sunny,0,111.27,Low
2026-05-12,1,P003,Aashirvaad Atta 5kg,Staples,South,100,79,96,77,248,20,Sunny,1,234.37,Low
2026-05-12,1,P004,Maggi 2-Minute Noodles,Snacks,South,207,37,55,33,48,5,Sunny,0,48.69,Low
2026-05-12,1,P005,Tata Salt 1kg,Staples,South,230,21,37,20,22,0,Rainy,1,22.56,Low
2026-05-12,1,P006,Coca-Cola 600ml,Beverages,South,149,77,91,73,40,10,Stormy,0,42.5,Low
2026-05-12,1,P007,Parle-G 800g,Snacks,South,103,34,49,32,65,0,Sunny,0,64.36,Low
2026-05-12,1,P008,Surf Excel 1kg,Cleaning,South,257,35,51,31,220,5,Cloudy,0,203.05,Low
2026-05-12,1,P009,Amul Butter 500g,Dairy,South,233,44,57,46,275,10,Sunny,0,270.4,Low
2026-05-12,1,P010,Red Label Tea 500g,Beverages,South,267,67,81,67,255,5,Stormy,0,269.39,Low
2026-05-13,1,P001,Amul Taaza Toned Milk 1L,Dairy,South,78,33,33,28,58,0,Sunny,0,59.42,Low
2026-05-13,1,P002,Britannia Good Day 600g,Snacks,South,101,68,78,64,120,0,Cloudy,1,123.01,Low
2026-05-13,1,P003,Aashirvaad Atta 5kg,Staples,South,104,16,30,19,248,0,Cloudy,1,260.22,Low
2026-05-13,1,P004,Maggi 2-Minute Noodles,Snacks,South,52,38,56,37,48,0,Cloudy,0,48.36,Low
2026-05-13,1,P005,Tata Salt 1kg,Staples,South,197,52,52,49,22,0,Cloudy,0,21.68,Low
2026-05-13,1,P006,Coca-Cola 600ml,Beverages,South,92,40,59,43,40,0,Rainy,0,36.37,Low
2026-05-13,1,P007,Parle-G 800g,Snacks,South,173,70,86,73,65,20,Stormy,1,63.87,Low
2026-05-13,1,P008,Surf Excel 1kg,Cleaning,South,78,49,66,51,220,0,Stormy,1,221.48,Low
2026-05-13,1,P009,Amul Butter 500g,Dairy,South,229,21,24,25,275,5,Rainy,1,256.11,Low
2026-05-13,1,P010,Red Label Tea 500g,Beverages,South,112,48,67,49,255,0,Stormy,1,258.25,Low
2026-05-14,1,P001,Amul Taaza Toned Milk 1L,Dairy,South,92,70,76,69,58,0,Rainy,0,63.12,Low
2026-05-14,1,P002,Britannia Good Day 600g,Snacks,South,120,65,67,68,120,0,Rainy,0,130.91,Low
2026-05-14,1,P003,Aashirvaad Atta 5kg,Staples,South,296,45,55,42,248,5,Rainy,0,268.28,Low
2026-05-14,1,P004,Maggi 2-Minute Noodles,Snacks,South,96,82,99,85,48,15,Sunny,0,46.64,Low
2026-05-14,1,P005,Tata Salt 1kg,Staples,South,119,50,61,45,22,0,Sunny,0,21.33,Low
2026-05-14,1,P006,Coca-Cola 600ml,Beverages,South,226,25,32,23,40,0,Rainy,0,41.53,Low
2026-05-14,1,P007,Parle-G 800g,Snacks,South,255,27,40,25,65,10,Stormy,0,65.72,Low
2026-05-14,1,P008,Surf Excel 1kg,Cleaning,South,281,54,69,49,220,15,Stormy,0,213.24,Low
2026-05-14,1,P009,Amul Butter 500g,Dairy,South,70,62,68,62,275,15,Rainy,0,300.84,Low
2026-05-14,1,P010,Red Label Tea 500g,Beverages,South,108,32,41,35,255,10,Stormy,0,250.46,Low
2026-05-15,1,P001,Amul Taaza Toned Milk 1L,Dairy,South,134,32,49,34,58,5,Rainy,0,57.59,Low
2026-05-15,1,P002,Britannia Good Day 600g,Snacks,South,124,65,81,68,120,15,Stormy,0,117.36,Low
2026-05-15,1,P003,Aashirvaad Atta 5kg,Staples,South,100,70,71,66,248,5,Rainy,1,229.52,Low
2026-05-15,1,P004,Maggi 2-Minute Noodles,Snacks,South,94,37,56,38,48,20,Sunny,1,48.43,Low
2026-05-15,1,P005,Tata Salt 1kg,Staples,South,257,48,64,44,22,0,Stormy,0,22.82,Low
2026-05-15,1,P006,Coca-Cola 600ml,Beverages,South,90,42,42,44,40,0,Rainy,0,42.79,Low
2026-05-15,1,P007,Parle-G 800g,Snacks,South,109,50,58,53,65,20,Cloudy,0,64.06,Low
2026-05-15,1,P008,Surf Excel 1kg,Cleaning,South,107,31,46,31,220,0,Stormy,0,237.23,Low
2026-05-15,1,P009,Amul Butter 500g,Dairy,South,121,70,71,72,275,0,Stormy,1,302.49,Low
2026-05-15,1,P010,Red Label Tea 500g,Beverages,South,61,69,78,67,255,0,Cloudy,0,251.98,Low
2026-05-16,1,P001,Amul Taaza Toned Milk 1L,Dairy,South,156,57,69,56,58,0,Cloudy,0,58.94,Low
2026-05-16,1,P002,Britannia Good Day 600g,Snacks,South,169,106,109,101,120,0,Rainy,1,115.35,Low
2026-05-16,1,P003,Aashirvaad Atta 5kg,Staples,South,208,35,38,30,248,5,Stormy,0,237.67,Low
2026-05-16,1,P004,Maggi 2-Minute Noodles,Snacks,South,231,91,110,93,48,0,Sunny,0,45.3,Low
2026-05-16,1,P005,Tata Salt 1kg,Staples,South,58,47,48,45,22,20,Rainy,0,22.04,Low
2026-05-16,1,P006,Coca-Cola 600ml,Beverages,South,195,86,86,86,40,0,Cloudy,0,40.91,Low
2026-05-16,1,P007,Parle-G 800g,Snacks,South,289,84,90,81,65,0,Sunny,0,69.47,Low
2026-05-16,1,P008,Surf Excel 1kg,Cleaning,South,51,40,52,37,220,0,Stormy,1,198.81,Low
2026-05-16,1,P009,Amul Butter 500g,Dairy,South,211,100,115,100,275,5,Cloudy,0,263.58,Low
2026-05-16,1,P010,Red Label Tea 500g,Beverages,South,162,43,58,43,255,10,Sunny,0,262.97,Low
2026-05-17,1,P001,Amul Taaza Toned Milk 1L,Dairy,South,225,81,82,79,58,10,Rainy,1,63.67,Low
2026-05-17,1,P002,Britannia Good Day 600g,Snacks,South,268,51,68,54,120,15,Rainy,0,119.76,Low
2026-05-17,1,P003,Aashirvaad Atta 5kg,Staples,South,284,23,23,24,248,0,Cloudy,0,242.8,Low
2026-05-17,1,P004,Maggi 2-Minute Noodles,Snacks,South,239,61,69,64,48,20,Cloudy,0,44.79,Low
2026-05-17,1,P005,Tata Salt 1kg,Staples,South,222,25,44,23,22,10,Sunny,0,21.53,Low
2026-05-17,1,P006,Coca-Cola 600ml,Beverages,South,169,96,107,91,40,20,Stormy,0,38.51,Low
2026-05-17,1,P007,Parle-G 800g,Snacks,South,67,32,38,35,65,0,Stormy,0,58.63,Low
2026-05-17,1,P008,Surf Excel 1kg,Cleaning,South,145,60,79,60,220,10,Sunny,0,210.13,Low
2026-05-17,1,P009,Amul Butter 500g,Dairy,South,163,81,82,78,275,5,Sunny,0,275.35,Low
2026-05-17,1,P010,Red Label Tea 500g,Beverages,South,130,55,69,58,255,20,Rainy,1,266.24,Low
2026-05-18,1,P001,Amul Taaza Toned Milk 1L,Dairy,South,258,45,45,43,58,5,Sunny,0,57.52,Low
2026-05-18,1,P002,Britannia Good Day 600g,Snacks,South,174,81,85,84,120,0,Sunny,0,117.34,Low
2026-05-18,1,P003,Aashirvaad Atta 5kg,Staples,South,269,43,54,45,248,0,Cloudy,1,248.64,Low
2026-05-18,1,P004,Maggi 2-Minute Noodles,Snacks,South,252,56,65,56,48,0,Sunny,0,46.36,Low
2026-05-18,1,P005,Tata Salt 1kg,Staples,South,212,44,59,44,22,0,Cloudy,0,20.35,Low
2026-05-18,1,P006,Coca-Cola 600ml,Beverages,South,152,68,85,68,40,10,Cloudy,0,38.67,Low
2026-05-18,1,P007,Parle-G 800g,Snacks,South,166,61,73,64,65,10,Sunny,0,70.58,Low
2026-05-18,1,P008,Surf Excel 1kg,Cleaning,South,194,64,80,60,220,5,Cloudy,0,205.07,Low
2026-05-18,1,P009,Amul Butter 500g,Dairy,South,222,51,67,53,275,0,Rainy,0,275.84,Low
2026-05-18,1,P010,Red Label Tea 500g,Beverages,South,171,43,50,40,255,0,Rainy,0,258.85,Low
2026-05-19,1,P001,Amul Taaza Toned Milk 1L,Dairy,South,123,87,101,88,58,0,Stormy,0,57.79,Low
2026-05-19,1,P002,Britannia Good Day 600g,Snacks,South,157,24,24,26,120,5,Cloudy,0,114.49,Low
2026-05-19,1,P003,Aashirvaad Atta 5kg,Staples,South,221,80,94,80,248,5,Rainy,0,241.28,Low
2026-05-19,1,P004,Maggi 2-Minute Noodles,Snacks,South,241,35,47,39,48,15,Cloudy,0,52.73,Low
2026-05-19,1,P005,Tata Salt 1kg,Staples,South,253,72,90,68,22,0,Cloudy,1,20.68,Low
2026-05-19,1,P006,Coca-Cola 600ml,Beverages,South,103,79,81,74,40,5,Stormy,1,43.01,Low
2026-05-19,1,P007,Parle-G 800g,Snacks,South,154,31,44,32,65,15,Stormy,0,64.21,Low
2026-05-19,1,P008,Surf Excel 1kg,Cleaning,South,118,57,57,53,220,0,Cloudy,0,229.21,Low
2026-05-19,1,P009,Amul Butter 500g,Dairy,South,201,30,38,26,275,0,Rainy,0,299.36,Low
2026-05-19,1,P010,Red Label Tea 500g,Beverages,South,183,20,21,22,255,5,Rainy,0,248.97,Low
2026-05-20,1,P001,Amul Taaza Toned Milk 1L,Dairy,South,236,33,46,35,58,15,Stormy,0,56.35,Low
2026-05-20,1,P002,Britannia Good Day 600g,Snacks,South,282,42,58,37,120,5,Stormy,0,110.27,Low
2026-05-20,1,P003,Aashirvaad Atta 5kg,Staples,South,76,71,79,67,248,15,Stormy,0,244.89,Low
2026-05-20,1,P004,Maggi 2-Minute Noodles,Snacks,South,206,72,75,75,48,5,Stormy,1,52.31,Low
2026-05-20,1,P005,Tata Salt 1kg,Staples,South,71,61,75,56,22,0,Rainy,0,23.37,Low
2026-05-20,1,P006,Coca-Cola 600ml,Beverages,South,64,32,40,35,40,0,Stormy,0,43.26,Low
2026-05-20,1,P007,Parle-G 800g,Snacks,South,165,58,75,58,65,20,Sunny,0,68.43,Low
2026-05-20,1,P008,Surf Excel 1kg,Cleaning,South,129,68,69,64,220,5,Rainy,0,203.32,Low
2026-05-20,1,P009,Amul Butter 500g,Dairy,South,243,53,67,54,275,15,Sunny,0,300.47,Low
2026-05-20,1,P010,Red Label Tea 500g,Beverages,South,247,52,71,50,255,0,Rainy,0,241.41,Low
2026-05-21,1,P001,Amul Taaza Toned Milk 1L,Dairy,South,237,76,86,73,58,0,Stormy,1,63.51,Low
2026-05-21,1,P002,Britannia Good Day 600g,Snacks,South,96,37,43,36,120,0,Sunny,1,112.68,Low
2026-05-21,1,P003,Aashirvaad Atta 5kg,Staples,South,214,81,89,76,248,15,Stormy,0,270.66,Low
2026-05-21,1,P004,Maggi 2-Minute Noodles,Snacks,South,225,26,26,25,48,0,Stormy,0,49.55,Low
2026-05-21,1,P005,Tata Salt 1kg,Staples,South,238,14,14,17,22,20,Cloudy,0,23.8,Low
2026-05-21,1,P006,Coca-Cola 600ml,Beverages,South,82,48,55,52,40,20,Cloudy,0,38.51,Low
2026-05-21,1,P007,Parle-G 800g,Snacks,South,283,71,76,72,65,0,Rainy,0,71.27,Low
2026-05-21,1,P008,Surf Excel 1kg,Cleaning,South,94,75,89,76,220,0,Rainy,0,235.34,Low
2026-05-21,1,P009,Amul Butter 500g,Dairy,South,240,56,69,56,275,5,Cloudy,0,278.48,Low
2026-05-21,1,P010,Red Label Tea 500g,Beverages,South,98,76,92,80,255,0,Rainy,0,231.88,Low
2026-05-22,1,P001,Amul Taaza Toned Milk 1L,Dairy,South,241,29,30,27,58,0,Cloudy,0,57.24,Low
2026-05-22,1,P002,Britannia Good Day 600g,Snacks,South,249,29,47,33,120,10,Sunny,0,113.57,Low
2026-05-22,1,P003,Aashirvaad Atta 5kg,Staples,South,262,68,81,67,248,5,Stormy,0,253.89,Low
2026-05-22,1,P004,Maggi 2-Minute Noodles,Snacks,South,179,59,67,57,48,10,Rainy,1,49.61,Low
2026-05-22,1,P005,Tata Salt 1kg,Staples,South,161,48,48,43,22,0,Rainy,0,20.72,Low
2026-05-22,1,P006,Coca-Cola 600ml,Beverages,South,144,34,46,38,40,0,Sunny,1,36.92,Low
2026-05-22,1,P007,Parle-G 800g,Snacks,South,201,64,73,61,65,0,Cloudy,0,69.01,Low
2026-05-22,1,P008,Surf Excel 1kg,Cleaning,South,197,22,29,24,220,0,Rainy,0,214.31,Low
2026-05-22,1,P009,Amul Butter 500g,Dairy,South,164,45,49,47,275,0,Rainy,0,272.41,Low
2026-05-22,1,P010,Red Label Tea 500g,Beverages,South,91,76,79,72,255,15,Stormy,1,261.4,Low
2026-05-23,1,P001,Amul Taaza Toned Milk 1L,Dairy,South,146,82,94,78,58,20,Rainy,1,53.65,Low
2026-05-23,1,P002,Britannia Good Day 600g,Snacks,South,299,40,53,37,120,0,Sunny,0,108.37,Low
2026-05-23,1,P003,Aashirvaad Atta 5kg,Staples,South,64,29,41,31,248,5,Stormy,1,232.49,Low
2026-05-23,1,P004,Maggi 2-Minute Noodles,Snacks,South,262,54,70,50,48,0,Rainy,0,51.3,Low
2026-05-23,1,P005,Tata Salt 1kg,Staples,South,73,73,73,70,22,15,Stormy,0,20.53,Low
2026-05-23,1,P006,Coca-Cola 600ml,Beverages,South,122,87,104,88,40,0,Stormy,0,36.86,Low
2026-05-23,1,P007,Parle-G 800g,Snacks,South,262,60,66,57,65,5,Cloudy,0,66.17,Low
2026-05-23,1,P008,Surf Excel 1kg,Cleaning,South,153,32,37,28,220,20,Rainy,0,208.92,Low
2026-05-23,1,P009,Amul Butter 500g,Dairy,South,108,55,74,53,275,0,Cloudy,1,261.27,Low
2026-05-23,1,P010,Red Label Tea 500g,Beverages,South,56,56,56,58,255,5,Stormy,0,260.49,Low
2026-05-24,1,P001,Amul Taaza Toned Milk 1L,Dairy,South,146,42,42,41,58,0,Sunny,0,61.43,Low
2026-05-24,1,P002,Britannia Good Day 600g,Snacks,South,181,47,60,48,120,5,Sunny,0,124.22,Low
2026-05-24,1,P003,Aashirvaad Atta 5kg,Staples,South,100,72,89,69,248,0,Rainy,1,234.99,Low
2026-05-24,1,P004,Maggi 2-Minute Noodles,Snacks,South,62,61,66,59,48,10,Cloudy,1,49.7,Low
2026-05-24,1,P005,Tata Salt 1kg,Staples,South,86,88,92,83,22,10,Sunny,0,21.29,Low
2026-05-24,1,P006,Coca-Cola 600ml,Beverages,South,99,71,79,70,40,0,Sunny,0,43.65,Low
2026-05-24,1,P007,Parle-G 800g,Snacks,South,191,111,118,108,65,15,Cloudy,0,69.14,Low
2026-05-24,1,P008,Surf Excel 1kg,Cleaning,South,58,89,102,89,220,20,Cloudy,0,213.19,Low
2026-05-24,1,P009,Amul Butter 500g,Dairy,South,106,88,94,88,275,0,Sunny,1,269.64,Low
2026-05-24,1,P010,Red Label Tea 500g,Beverages,South,282,40,51,42,255,0,Sunny,0,246.71,Low
2026-05-25,1,P001,Amul Taaza Toned Milk 1L,Dairy,South,200,34,48,38,58,15,Stormy,0,60.82,Low
2026-05-25,1,P002,Britannia Good Day 600g,Snacks,South,144,20,31,22,120,5,Rainy,0,117.67,Low
2026-05-25,1,P003,Aashirvaad Atta 5kg,Staples,South,120,67,84,67,248,20,Sunny,0,268.29,Low
2026-05-25,1,P004,Maggi 2-Minute Noodles,Snacks,South,224,57,69,53,48,20,Rainy,0,47.39,Low
2026-05-25,1,P005,Tata Salt 1kg,Staples,South,170,11,19,14,22,5,Cloudy,0,21.33,Low
2026-05-25,1,P006,Coca-Cola 600ml,Beverages,South,264,78,96,74,40,20,Stormy,0,40.44,Low
2026-05-25,1,P007,Parle-G 800g,Snacks,South,256,28,43,27,65,15,Sunny,0,64.35,Low
2026-05-25,1,P008,Surf Excel 1kg,Cleaning,South,220,80,80,83,220,0,Cloudy,1,200.27,Low
2026-05-25,1,P009,Amul Butter 500g,Dairy,South,287,27,33,24,275,0,Sunny,0,251.55,Low
2026-05-25,1,P010,Red Label Tea 500g,Beverages,South,170,40,53,42,255,10,Rainy,1,245.67,Low
2026-05-26,1,P001,Amul Taaza Toned Milk 1L,Dairy,South,118,34,35,34,58,20,Rainy,0,61.78,Low
2026-05-26,1,P002,Britannia Good Day 600g,Snacks,South,151,53,61,48,120,0,Stormy,0,126.62,Low
2026-05-26,1,P003,Aashirvaad Atta 5kg,Staples,South,160,21,26,24,248,0,Sunny,0,247.35,Low
2026-05-26,1,P004,Maggi 2-Minute Noodles,Snacks,South,240,58,74,62,48,20,Cloudy,0,47.41,Low
2026-05-26,1,P005,Tata Salt 1kg,Staples,South,137,51,59,54,22,0,Stormy,0,21.08,Low
2026-05-26,1,P006,Coca-Cola 600ml,Beverages,South,78,20,31,17,40,10,Stormy,0,42.08,Low
2026-05-26,1,P007,Parle-G 800g,Snacks,South,91,57,74,55,65,10,Sunny,1,63.61,Low
2026-05-26,1,P008,Surf Excel 1kg,Cleaning,South,119,31,37,32,220,0,Sunny,0,217.8,Low
2026-05-26,1,P009,Amul Butter 500g,Dairy,South,251,59,78,63,275,0,Cloudy,1,292.99,Low
2026-05-26,1,P010,Red Label Tea 500g,Beverages,South,213,49,49,48,255,0,Rainy,0,279.13,Low
2026-05-27,1,P001,Amul Taaza Toned Milk 1L,Dairy,South,236,52,60,52,58,10,Cloudy,0,52.49,Low
2026-05-27,1,P002,Britannia Good Day 600g,Snacks,South,76,47,53,47,120,20,Sunny,0,126.5,Low
2026-05-27,1,P003,Aashirvaad Atta 5kg,Staples,South,277,42,44,38,248,10,Cloudy,0,227.45,Low
2026-05-27,1,P004,Maggi 2-Minute Noodles,Snacks,South,221,66,74,63,48,0,Cloudy,0,47.06,Low
2026-05-27,1,P005,Tata Salt 1kg,Staples,South,107,61,77,64,22,15,Sunny,0,23.84,Low
2026-05-27,1,P006,Coca-Cola 600ml,Beverages,South,253,62,73,58,40,0,Stormy,0,40.64,Low
2026-05-27,1,P007,Parle-G 800g,Snacks,South,137,78,91,73,65,20,Stormy,0,60.11,Low
2026-05-27,1,P008,Surf Excel 1kg,Cleaning,South,173,37,40,36,220,0,Cloudy,0,208.37,Low
2026-05-27,1,P009,Amul Butter 500g,Dairy,South,252,50,52,46,275,0,Rainy,0,261.08,Low
2026-05-27,1,P010,Red Label Tea 500g,Beverages,South,273,59,61,54,255,0,Cloudy,0,259.89,Low
2026-05-28,1,P001,Amul Taaza Toned Milk 1L,Dairy,South,64,37,44,32,58,0,Rainy,1,57.94,Low
2026-05-28,1,P002,Britannia Good Day 600g,Snacks,South,265,50,53,46,120,5,Stormy,0,129.62,Low
2026-05-28,1,P003,Aashirvaad Atta 5kg,Staples,South,288,37,41,39,248,20,Cloudy,1,248.11,Low
2026-05-28,1,P004,Maggi 2-Minute Noodles,Snacks,South,214,55,69,50,48,0,Stormy,1,44.82,Low
2026-05-28,1,P005,Tata Salt 1kg,Staples,South,255,69,70,66,22,5,Cloudy,1,23.8,Low
2026-05-28,1,P006,Coca-Cola 600ml,Beverages,South,253,50,58,54,40,15,Cloudy,0,43.79,Low
2026-05-28,1,P007,Parle-G 800g,Snacks,South,70,86,98,83,65,0,Sunny,1,64.62,Low
2026-05-28,1,P008,Surf Excel 1kg,Cleaning,South,56,47,50,44,220,0,Rainy,0,222.25,Low
2026-05-28,1,P009,Amul Butter 500g,Dairy,South,256,28,43,26,275,15,Stormy,0,278.15,Low
2026-05-28,1,P010,Red Label Tea 500g,Beverages,South,253,66,75,69,255,5,Cloudy,0,259.28,Low
2026-05-29,1,P001,Amul Taaza Toned Milk 1L,Dairy,South,167,42,50,42,58,15,Cloudy,1,60.13,Low
2026-05-29,1,P002,Britannia Good Day 600g,Snacks,South,82,58,74,61,120,0,Cloudy,0,122.93,Low
2026-05-29,1,P003,Aashirvaad Atta 5kg,Staples,South,136,59,73,62,248,10,Sunny,0,230.44,Low
2026-05-29,1,P004,Maggi 2-Minute Noodles,Snacks,South,289,28,35,24,48,10,Sunny,1,44.17,Low
2026-05-29,1,P005,Tata Salt 1kg,Staples,South,286,35,36,39,22,0,Cloudy,0,21.98,Low
2026-05-29,1,P006,Coca-Cola 600ml,Beverages,South,226,21,40,23,40,15,Stormy,0,41.42,Low
2026-05-29,1,P007,Parle-G 800g,Snacks,South,213,68,74,70,65,0,Stormy,0,60.88,Low
2026-05-29,1,P008,Surf Excel 1kg,Cleaning,South,264,33,38,37,220,15,Sunny,0,229.43,Low
2026-05-29,1,P009,Amul Butter 500g,Dairy,South,224,55,61,55,275,0,Stormy,1,291.99,Low
2026-05-29,1,P010,Red Label Tea 500g,Beverages,South,149,16,26,20,255,0,Sunny,1,260.0,Low
2026-05-30,1,P001,Amul Taaza Toned Milk 1L,Dairy,South,73,54,56,49,58,20,Cloudy,0,58.85,Low
2026-05-30,1,P002,Britannia Good Day 600g,Snacks,South,95,60,74,61,120,5,Cloudy,0,126.4,Low
2026-05-30,1,P003,Aashirvaad Atta 5kg,Staples,South,268,42,47,46,248,15,Stormy,0,263.22,Low
2026-05-30,1,P004,Maggi 2-Minute Noodles,Snacks,South,151,48,66,44,48,15,Rainy,1,43.6,Low
2026-05-30,1,P005,Tata Salt 1kg,Staples,South,172,56,67,53,22,0,Stormy,0,21.38,Low
2026-05-30,1,P006,Coca-Cola 600ml,Beverages,South,247,71,77,71,40,0,Sunny,0,40.79,Low
2026-05-30,1,P007,Parle-G 800g,Snacks,South,282,93,101,88,65,10,Rainy,0,63.92,Low
2026-05-30,1,P008,Surf Excel 1kg,Cleaning,South,130,31,44,28,220,0,Stormy,1,219.03,Low
2026-05-30,1,P009,Amul Butter 500g,Dairy,South,233,48,52,48,275,0,Stormy,0,260.15,Low
2026-05-30,1,P010,Red Label Tea 500g,Beverages,South,282,77,87,80,255,15,Sunny,0,238.98,Low
2026-05-31,1,P001,Amul Taaza Toned Milk 1L,Dairy,South,106,86,98,89,58,10,Cloudy,1,57.35,Low
2026-05-31,1,P002,Britannia Good Day 600g,Snacks,South,231,58,59,59,120,0,Stormy,0,123.42,Low
2026-05-31,1,P003,Aashirvaad Atta 5kg,Staples,South,59,59,78,62,248,0,Sunny,1,264.25,Low
2026-05-31,1,P004,Maggi 2-Minute Noodles,Snacks,South,170,67,86,68,48,10,Stormy,1,48.84,Low
2026-05-31,1,P005,Tata Salt 1kg,Staples,South,294,58,60,60,22,15,Rainy,1,20.99,Low
2026-05-31,1,P006,Coca-Cola 600ml,Beverages,South,259,64,76,67,40,5,Sunny,0,40.44,Low
2026-05-31,1,P007,Parle-G 800g,Snacks,South,75,47,65,51,65,20,Stormy,0,58.96,Low
2026-05-31,1,P008,Surf Excel 1kg,Cleaning,South,51,92,105,90,220,0,Rainy,1,224.0,Low
2026-05-31,1,P009,Amul Butter 500g,Dairy,South,244,62,64,57,275,0,Rainy,1,271.68,Low
2026-05-31,1,P010,Red Label Tea 500g,Beverages,South,141,54,73,54,255,10,Sunny,0,233.05,Low
2026-06-01,1,P001,Amul Taaza Toned Milk 1L,Dairy,South,95,63,80,66,58,0,Stormy,0,54.27,Medium
2026-06-01,1,P002,Britannia Good Day 600g,Snacks,South,274,31,36,35,120,20,Rainy,0,131.38,Medium
2026-06-01,1,P003,Aashirvaad Atta 5kg,Staples,South,210,78,95,79,248,5,Cloudy,0,246.93,Medium
2026-06-01,1,P004,Maggi 2-Minute Noodles,Snacks,South,163,24,34,19,48,0,Cloudy,0,46.85,Medium
2026-06-01,1,P005,Tata Salt 1kg,Staples,South,240,61,70,61,22,20,Rainy,0,21.22,Medium
2026-06-01,1,P006,Coca-Cola 600ml,Beverages,South,158,19,30,18,40,0,Cloudy,0,36.83,Medium
2026-06-01,1,P007,Parle-G 800g,Snacks,South,124,19,32,22,65,5,Cloudy,0,64.15,Medium
2026-06-01,1,P008,Surf Excel 1kg,Cleaning,South,191,91,107,88,220,20,Sunny,0,226.17,Medium
2026-06-01,1,P009,Amul Butter 500g,Dairy,South,140,86,100,83,275,10,Stormy,0,293.93,Medium
2026-06-01,1,P010,Red Label Tea 500g,Beverages,South,138,81,95,83,255,0,Sunny,1,251.03,Medium
2026-06-02,1,P001,Amul Taaza Toned Milk 1L,Dairy,South,277,71,90,69,58,0,Rainy,0,53.47,Medium
2026-06-02,1,P002,Britannia Good Day 600g,Snacks,South,113,50,67,54,120,5,Cloudy,0,128.31,Medium
2026-06-02,1,P003,Aashirvaad Atta 5kg,Staples,South,277,93,112,89,248,5,Stormy,0,257.7,Medium
2026-06-02,1,P004,Maggi 2-Minute Noodles,Snacks,South,296,21,24,18,48,0,Stormy,0,48.91,Medium
2026-06-02,1,P005,Tata Salt 1kg,Staples,South,205,87,93,86,22,0,Sunny,1,22.41,Medium
2026-06-02,1,P006,Coca-Cola 600ml,Beverages,South,99,65,80,63,40,15,Cloudy,0,40.59,Medium
2026-06-02,1,P007,Parle-G 800g,Snacks,South,90,34,40,36,65,15,Rainy,0,64.81,Medium
2026-06-02,1,P008,Surf Excel 1kg,Cleaning,South,60,49,66,49,220,15,Cloudy,0,229.39,Medium
2026-06-02,1,P009,Amul Butter 500g,Dairy,South,132,29,46,31,275,0,Sunny,0,289.82,Medium
2026-06-02,1,P010,Red Label Tea 500g,Beverages,South,87,72,83,69,255,10,Cloudy,0,232.84,Medium
2026-06-03,1,P001,Amul Taaza Toned Milk 1L,Dairy,South,208,71,87,66,58,0,Stormy,1,63.12,Medium
2026-06-03,1,P002,Britannia Good Day 600g,Snacks,South,289,61,75,63,120,10,Rainy,0,108.61,Medium
2026-06-03,1,P003,Aashirvaad Atta 5kg,Staples,South,201,48,59,49,248,0,Cloudy,0,267.86,Medium
2026-06-03,1,P004,Maggi 2-Minute Noodles,Snacks,South,282,45,45,44,48,20,Sunny,0,45.36,Medium
2026-06-03,1,P005,Tata Salt 1kg,Staples,South,262,40,53,40,22,15,Stormy,0,21.12,Medium
2026-06-03,1,P006,Coca-Cola 600ml,Beverages,South,230,89,100,90,40,5,Stormy,0,37.15,Medium
2026-06-03,1,P007,Parle-G 800g,Snacks,South,215,76,76,77,65,20,Sunny,0,66.51,Medium
2026-06-03,1,P008,Surf Excel 1kg,Cleaning,South,108,68,86,70,220,0,Stormy,0,211.97,Medium
2026-06-03,1,P009,Amul Butter 500g,Dairy,South,198,52,59,56,275,0,Cloudy,0,254.25,Medium
2026-06-03,1,P010,Red Label Tea 500g,Beverages,South,251,73,92,73,255,10,Rainy,0,257.49,Medium
2026-06-04,1,P001,Amul Taaza Toned Milk 1L,Dairy,South,235,70,81,70,58,0,Stormy,0,60.14,Medium
2026-06-04,1,P002,Britannia Good Day 600g,Snacks,South,86,33,36,29,120,5,Rainy,1,109.32,Medium
2026-06-04,1,P003,Aashirvaad Atta 5kg,Staples,South,102,91,94,89,248,5,Sunny,0,263.43,Medium
2026-06-04,1,P004,Maggi 2-Minute Noodles,Snacks,South,150,36,50,36,48,0,Cloudy,0,47.68,Medium
2026-06-04,1,P005,Tata Salt 1kg,Staples,South,247,41,48,36,22,15,Stormy,0,21.47,Medium
2026-06-04,1,P006,Coca-Cola 600ml,Beverages,South,254,37,55,40,40,0,Cloudy,0,40.64,Medium
2026-06-04,1,P007,Parle-G 800g,Snacks,South,219,62,80,62,65,20,Cloudy,1,59.83,Medium
2026-06-04,1,P008,Surf Excel 1kg,Cleaning,South,161,41,45,36,220,5,Cloudy,0,237.0,Medium
2026-06-04,1,P009,Amul Butter 500g,Dairy,South,231,23,41,24,275,0,Rainy,1,274.52,Medium
2026-06-04,1,P010,Red Label Tea 500g,Beverages,South,177,57,69,54,255,0,Stormy,0,251.38,Medium
2026-06-05,1,P001,Amul Taaza Toned Milk 1L,Dairy,South,111,36,42,39,58,5,Rainy,1,57.84,Medium
2026-06-05,1,P002,Britannia Good Day 600g,Snacks,South,226,78,95,82,120,0,Stormy,1,111.0,Medium
2026-06-05,1,P003,Aashirvaad Atta 5kg,Staples,South,210,39,42,39,248,15,Stormy,1,235.93,Medium
2026-06-05,1,P004,Maggi 2-Minute Noodles,Snacks,South,259,36,38,38,48,0,Sunny,0,50.18,Medium
2026-06-05,1,P005,Tata Salt 1kg,Staples,South,264,87,91,88,22,15,Cloudy,1,22.33,Medium
2026-06-05,1,P006,Coca-Cola 600ml,Beverages,South,256,36,51,37,40,20,Cloudy,1,36.02,Medium
2026-06-05,1,P007,Parle-G 800g,Snacks,South,135,20,38,16,65,5,Stormy,0,60.86,Medium
2026-06-05,1,P008,Surf Excel 1kg,Cleaning,South,143,48,56,45,220,0,Stormy,0,214.05,Medium
2026-06-05,1,P009,Amul Butter 500g,Dairy,South,175,86,89,81,275,15,Sunny,0,287.98,Medium
2026-06-05,1,P010,Red Label Tea 500g,Beverages,South,91,80,98,80,255,0,Stormy,0,244.25,Medium
2026-06-06,1,P001,Amul Taaza Toned Milk 1L,Dairy,South,194,74,92,77,58,5,Stormy,0,60.73,Medium
2026-06-06,1,P002,Britannia Good Day 600g,Snacks,South,186,91,101,91,120,20,Rainy,0,111.28,Medium
2026-06-06,1,P003,Aashirvaad Atta 5kg,Staples,South,293,97,100,98,248,0,Stormy,0,252.46,Medium
2026-06-06,1,P004,Maggi 2-Minute Noodles,Snacks,South,67,52,67,47,48,10,Sunny,0,47.62,Medium
2026-06-06,1,P005,Tata Salt 1kg,Staples,South,107,97,109,99,22,0,Sunny,0,20.88,Medium
2026-06-06,1,P006,Coca-Cola 600ml,Beverages,South,105,98,106,102,40,5,Cloudy,0,39.25,Medium
2026-06-06,1,P007,Parle-G 800g,Snacks,South,110,27,36,26,65,15,Stormy,1,60.21,Medium
2026-06-06,1,P008,Surf Excel 1kg,Cleaning,South,191,31,37,35,220,0,Cloudy,0,223.86,Medium
2026-06-06,1,P009,Amul Butter 500g,Dairy,South,141,43,45,47,275,20,Stormy,0,297.3,Medium
2026-06-06,1,P010,Red Label Tea 500g,Beverages,South,247,96,106,91,255,20,Stormy,0,232.5,Medium
2026-06-07,1,P001,Amul Taaza Toned Milk 1L,Dairy,South,104,52,63,48,58,5,Rainy,0,59.63,Medium
2026-06-07,1,P002,Britannia Good Day 600g,Snacks,South,242,70,87,68,120,0,Stormy,1,112.1,Medium
2026-06-07,1,P003,Aashirvaad Atta 5kg,Staples,South,107,38,57,35,248,20,Rainy,0,258.82,Medium
2026-06-07,1,P004,Maggi 2-Minute Noodles,Snacks,South,274,89,107,84,48,10,Stormy,1,47.89,Medium
2026-06-07,1,P005,Tata Salt 1kg,Staples,South,188,92,99,96,22,10,Cloudy,1,21.45,Medium
2026-06-07,1,P006,Coca-Cola 600ml,Beverages,South,226,81,93,84,40,0,Cloudy,0,42.88,Medium
2026-06-07,1,P007,Parle-G 800g,Snacks,South,125,63,69,61,65,0,Cloudy,0,58.82,Medium
2026-06-07,1,P008,Surf Excel 1kg,Cleaning,South,91,82,101,78,220,5,Sunny,0,216.71,Medium
2026-06-07,1,P009,Amul Butter 500g,Dairy,South,208,79,85,78,275,15,Sunny,0,298.72,Medium
2026-06-07,1,P010,Red Label Tea 500g,Beverages,South,117,36,54,36,255,15,Sunny,1,250.74,Medium
2026-06-08,1,P001,Amul Taaza Toned Milk 1L,Dairy,South,57,48,49,52,58,15,Stormy,1,60.65,Medium
2026-06-08,1,P002,Britannia Good Day 600g,Snacks,South,228,88,94,88,120,0,Cloudy,0,112.52,Medium
2026-06-08,1,P003,Aashirvaad Atta 5kg,Staples,South,226,34,46,36,248,5,Sunny,0,271.94,Medium
2026-06-08,1,P004,Maggi 2-Minute Noodles,Snacks,South,76,63,67,65,48,20,Sunny,1,45.04,Medium
2026-06-08,1,P005,Tata Salt 1kg,Staples,South,202,32,47,30,22,15,Stormy,0,21.57,Medium
2026-06-08,1,P006,Coca-Cola 600ml,Beverages,South,203,68,70,70,40,20,Sunny,0,42.75,Medium
2026-06-08,1,P007,Parle-G 800g,Snacks,South,72,68,82,64,65,0,Stormy,0,67.52,Medium
2026-06-08,1,P008,Surf Excel 1kg,Cleaning,South,266,46,58,48,220,0,Sunny,1,241.39,Medium
2026-06-08,1,P009,Amul Butter 500g,Dairy,South,67,61,69,65,275,15,Rainy,0,261.67,Medium
2026-06-08,1,P010,Red Label Tea 500g,Beverages,South,67,82,96,77,255,15,Stormy,0,271.18,Medium
2026-06-09,1,P001,Amul Taaza Toned Milk 1L,Dairy,South,274,46,59,48,58,15,Cloudy,0,55.46,Medium
2026-06-09,1,P002,Britannia Good Day 600g,Snacks,South,132,90,97,92,120,20,Stormy,0,111.25,Medium
2026-06-09,1,P003,Aashirvaad Atta 5kg,Staples,South,131,30,30,29,248,10,Stormy,0,230.01,Medium
2026-06-09,1,P004,Maggi 2-Minute Noodles,Snacks,South,261,51,63,51,48,5,Sunny,0,52.23,Medium
2026-06-09,1,P005,Tata Salt 1kg,Staples,South,163,70,73,70,22,15,Cloudy,0,22.06,Medium
2026-06-09,1,P006,Coca-Cola 600ml,Beverages,South,105,32,44,33,40,10,Sunny,0,42.86,Medium
2026-06-09,1,P007,Parle-G 800g,Snacks,South,158,25,27,26,65,15,Sunny,0,59.38,Medium
2026-06-09,1,P008,Surf Excel 1kg,Cleaning,South,222,38,48,33,220,5,Sunny,0,237.54,Medium
2026-06-09,1,P009,Amul Butter 500g,Dairy,South,133,17,36,21,275,0,Stormy,0,270.39,Medium
2026-06-09,1,P010,Red Label Tea 500g,Beverages,South,165,75,80,72,255,0,Cloudy,0,247.03,Medium
2026-06-10,1,P001,Amul Taaza Toned Milk 1L,Dairy,South,191,53,55,52,58,20,Sunny,0,61.73,Medium
2026-06-10,1,P002,Britannia Good Day 600g,Snacks,South,222,54,58,51,120,10,Rainy,0,110.54,Medium
2026-06-10,1,P003,Aashirvaad Atta 5kg,Staples,South,129,46,47,46,248,5,Sunny,0,251.04,Medium
2026-06-10,1,P004,Maggi 2-Minute Noodles,Snacks,South,118,44,50,40,48,15,Stormy,0,50.92,Medium
2026-06-10,1,P005,Tata Salt 1kg,Staples,South,129,61,69,56,22,10,Sunny,0,19.96,Medium
2026-06-10,1,P006,Coca-Cola 600ml,Beverages,South,67,62,67,61,40,5,Cloudy,0,39.62,Medium
2026-06-10,1,P007,Parle-G 800g,Snacks,South,289,20,35,16,65,10,Stormy,0,64.81,Medium
2026-06-10,1,P008,Surf Excel 1kg,Cleaning,South,127,28,44,25,220,0,Rainy,0,232.07,Medium
2026-06-10,1,P009,Amul Butter 500g,Dairy,South,59,91,102,94,275,0,Sunny,0,253.84,Medium
2026-06-10,1,P010,Red Label Tea 500g,Beverages,South,195,32,36,34,255,0,Sunny,0,275.37,Medium
2026-06-11,1,P001,Amul Taaza Toned Milk 1L,Dairy,South,155,55,63,51,58,0,Stormy,0,57.49,Medium
2026-06-11,1,P002,Britannia Good Day 600g,Snacks,South,132,95,101,91,120,0,Stormy,1,118.0,Medium
2026-06-11,1,P003,Aashirvaad Atta 5kg,Staples,South,269,54,62,56,248,5,Stormy,1,232.27,Medium
2026-06-11,1,P004,Maggi 2-Minute Noodles,Snacks,South,288,82,86,78,48,15,Rainy,0,48.45,Medium
2026-06-11,1,P005,Tata Salt 1kg,Staples,South,110,51,56,51,22,10,Cloudy,0,21.22,Medium
2026-06-11,1,P006,Coca-Cola 600ml,Beverages,South,113,68,74,63,40,10,Stormy,0,40.48,Medium
2026-06-11,1,P007,Parle-G 800g,Snacks,South,249,46,54,47,65,0,Stormy,0,66.85,Medium
2026-06-11,1,P008,Surf Excel 1kg,Cleaning,South,220,87,94,91,220,10,Sunny,0,238.88,Medium
2026-06-11,1,P009,Amul Butter 500g,Dairy,South,248,58,77,56,275,0,Cloudy,0,270.36,Medium
2026-06-11,1,P010,Red Label Tea 500g,Beverages,South,51,41,45,45,255,0,Sunny,0,251.63,Medium
2026-06-12,1,P001,Amul Taaza Toned Milk 1L,Dairy,South,222,42,54,38,58,0,Sunny,0,56.02,Medium
2026-06-12,1,P002,Britannia Good Day 600g,Snacks,South,69,65,72,65,120,0,Stormy,1,126.07,Medium
2026-06-12,1,P003,Aashirvaad Atta 5kg,Staples,South,77,72,81,75,248,5,Cloudy,0,254.02,Medium
2026-06-12,1,P004,Maggi 2-Minute Noodles,Snacks,South,242,78,91,80,48,0,Cloudy,1,52.44,Medium
2026-06-12,1,P005,Tata Salt 1kg,Staples,South,108,83,101,80,22,0,Cloudy,0,23.24,Medium
2026-06-12,1,P006,Coca-Cola 600ml,Beverages,South,299,57,72,60,40,0,Rainy,0,38.78,Medium
2026-06-12,1,P007,Parle-G 800g,Snacks,South,155,47,50,49,65,5,Cloudy,0,66.31,Medium
2026-06-12,1,P008,Surf Excel 1kg,Cleaning,South,52,28,42,28,220,5,Sunny,0,232.13,Medium
2026-06-12,1,P009,Amul Butter 500g,Dairy,South,103,35,53,30,275,0,Rainy,0,260.72,Medium
2026-06-12,1,P010,Red Label Tea 500g,Beverages,South,117,51,52,46,255,0,Rainy,0,265.33,Medium
2026-06-13,1,P001,Amul Taaza Toned Milk 1L,Dairy,South,132,108,119,106,58,0,Cloudy,0,57.43,Medium
2026-06-13,1,P002,Britannia Good Day 600g,Snacks,South,82,63,75,65,120,10,Rainy,0,122.68,Medium
2026-06-13,1,P003,Aashirvaad Atta 5kg,Staples,South,299,38,48,36,248,10,Rainy,0,266.54,Medium
2026-06-13,1,P004,Maggi 2-Minute Noodles,Snacks,South,123,37,47,35,48,5,Sunny,0,43.54,Medium
2026-06-13,1,P005,Tata Salt 1kg,Staples,South,171,60,62,62,22,15,Rainy,0,22.49,Medium
2026-06-13,1,P006,Coca-Cola 600ml,Beverages,South,81,90,95,85,40,0,Cloudy,0,42.12,Medium
2026-06-13,1,P007,Parle-G 800g,Snacks,South,63,53,70,55,65,10,Stormy,0,61.82,Medium
2026-06-13,1,P008,Surf Excel 1kg,Cleaning,South,293,114,123,110,220,15,Rainy,0,239.46,Medium
2026-06-13,1,P009,Amul Butter 500g,Dairy,South,69,81,86,84,275,20,Stormy,1,273.64,Medium
2026-06-13,1,P010,Red Label Tea 500g,Beverages,South,182,64,72,67,255,5,Stormy,0,273.43,Medium
2026-06-14,1,P001,Amul Taaza Toned Milk 1L,Dairy,South,161,101,113,98,58,5,Sunny,0,58.29,Medium
2026-06-14,1,P002,Britannia Good Day 600g,Snacks,South,221,35,43,33,120,15,Sunny,1,129.11,Medium
2026-06-14,1,P003,Aashirvaad Atta 5kg,Staples,South,207,116,130,119,248,5,Stormy,0,263.48,Medium
2026-06-14,1,P004,Maggi 2-Minute Noodles,Snacks,South,152,56,67,60,48,10,Cloudy,0,43.64,Medium
2026-06-14,1,P005,Tata Salt 1kg,Staples,South,55,44,62,44,22,20,Stormy,1,19.87,Medium
2026-06-14,1,P006,Coca-Cola 600ml,Beverages,South,167,63,70,60,40,0,Stormy,0,36.47,Medium
2026-06-14,1,P007,Parle-G 800g,Snacks,South,112,64,71,64,65,20,Stormy,1,64.29,Medium
2026-06-14,1,P008,Surf Excel 1kg,Cleaning,South,59,89,95,91,220,0,Cloudy,1,222.1,Medium
2026-06-14,1,P009,Amul Butter 500g,Dairy,South,194,28,43,24,275,10,Stormy,1,272.82,Medium
2026-06-14,1,P010,Red Label Tea 500g,Beverages,South,190,62,65,58,255,0,Sunny,0,261.98,Medium
2026-06-15,1,P001,Amul Taaza Toned Milk 1L,Dairy,South,74,74,93,71,58,0,Cloudy,0,58.11,Medium
2026-06-15,1,P002,Britannia Good Day 600g,Snacks,South,130,66,72,61,120,0,Rainy,0,110.59,Medium
2026-06-15,1,P003,Aashirvaad Atta 5kg,Staples,South,109,57,60,59,248,0,Sunny,0,255.07,Medium
2026-06-15,1,P004,Maggi 2-Minute Noodles,Snacks,South,224,43,44,46,48,0,Sunny,0,49.61,Medium
2026-06-15,1,P005,Tata Salt 1kg,Staples,South,249,42,57,46,22,20,Stormy,0,23.39,Medium
2026-06-15,1,P006,Coca-Cola 600ml,Beverages,South,220,71,82,69,40,0,Rainy,0,37.04,Medium
2026-06-15,1,P007,Parle-G 800g,Snacks,South,242,44,48,40,65,15,Rainy,0,70.16,Medium
2026-06-15,1,P008,Surf Excel 1kg,Cleaning,South,112,84,98,87,220,0,Cloudy,0,237.72,Medium
2026-06-15,1,P009,Amul Butter 500g,Dairy,South,71,41,54,40,275,0,Sunny,0,247.78,Medium
2026-06-15,1,P010,Red Label Tea 500g,Beverages,South,280,49,63,48,255,20,Rainy,0,276.09,Medium
2026-06-16,1,P001,Amul Taaza Toned Milk 1L,Dairy,South,242,56,66,55,58,0,Sunny,0,56.87,Medium
2026-06-16,1,P002,Britannia Good Day 600g,Snacks,South,219,74,86,77,120,10,Cloudy,1,121.99,Medium
2026-06-16,1,P003,Aashirvaad Atta 5kg,Staples,South,205,48,58,48,248,0,Stormy,0,268.26,Medium
2026-06-16,1,P004,Maggi 2-Minute Noodles,Snacks,South,63,32,49,27,48,0,Sunny,0,44.51,Medium
2026-06-16,1,P005,Tata Salt 1kg,Staples,South,115,30,42,31,22,5,Rainy,0,21.69,Medium
2026-06-16,1,P006,Coca-Cola 600ml,Beverages,South,53,25,30,28,40,5,Rainy,0,40.54,Medium
2026-06-16,1,P007,Parle-G 800g,Snacks,South,138,53,58,50,65,0,Cloudy,0,69.72,Medium
2026-06-16,1,P008,Surf Excel 1kg,Cleaning,South,258,43,45,42,220,5,Cloudy,0,218.06,Medium
2026-06-16,1,P009,Amul Butter 500g,Dairy,South,79,72,78,76,275,15,Rainy,0,259.5,Medium
2026-06-16,1,P010,Red Label Tea 500g,Beverages,South,284,45,58,40,255,10,Stormy,0,271.32,Medium
2026-06-17,1,P001,Amul Taaza Toned Milk 1L,Dairy,South,293,65,76,69,58,10,Cloudy,0,63.68,Medium
2026-06-17,1,P002,Britannia Good Day 600g,Snacks,South,252,70,85,68,120,0,Stormy,0,117.81,Medium
2026-06-17,1,P003,Aashirvaad Atta 5kg,Staples,South,264,92,98,91,248,0,Cloudy,0,227.85,Medium
2026-06-17,1,P004,Maggi 2-Minute Noodles,Snacks,South,229,49,63,44,48,0,Rainy,0,47.49,Medium
2026-06-17,1,P005,Tata Salt 1kg,Staples,South,233,83,101,81,22,10,Rainy,0,22.3,Medium
2026-06-17,1,P006,Coca-Cola 600ml,Beverages,South,140,79,80,77,40,15,Stormy,0,42.79,Medium
2026-06-17,1,P007,Parle-G 800g,Snacks,South,50,61,63,65,65,0,Sunny,1,61.48,Medium
2026-06-17,1,P008,Surf Excel 1kg,Cleaning,South,86,28,34,30,220,0,Cloudy,0,198.51,Medium
2026-06-17,1,P009,Amul Butter 500g,Dairy,South,205,69,72,66,275,10,Stormy,0,300.37,Medium
2026-06-17,1,P010,Red Label Tea 500g,Beverages,South,172,35,50,32,255,20,Cloudy,0,272.39,Medium
2026-06-18,1,P001,Amul Taaza Toned Milk 1L,Dairy,South,75,46,65,46,58,0,Stormy,0,59.39,Medium
2026-06-18,1,P002,Britannia Good Day 600g,Snacks,South,163,71,84,73,120,20,Sunny,0,117.28,Medium
2026-06-18,1,P003,Aashirvaad Atta 5kg,Staples,South,65,79,85,74,248,10,Cloudy,0,226.8,Medium
2026-06-18,1,P004,Maggi 2-Minute Noodles,Snacks,South,202,46,56,50,48,10,Stormy,0,46.29,Medium
2026-06-18,1,P005,Tata Salt 1kg,Staples,South,267,94,102,95,22,0,Cloudy,0,23.77,Medium
2026-06-18,1,P006,Coca-Cola 600ml,Beverages,South,137,35,36,39,40,15,Rainy,0,38.15,Medium
2026-06-18,1,P007,Parle-G 800g,Snacks,South,233,61,68,61,65,0,Cloudy,0,68.86,Medium
2026-06-18,1,P008,Surf Excel 1kg,Cleaning,South,76,73,74,71,220,0,Stormy,1,214.01,Medium
2026-06-18,1,P009,Amul Butter 500g,Dairy,South,237,65,79,67,275,15,Cloudy,1,268.08,Medium
2026-06-18,1,P010,Red Label Tea 500g,Beverages,South,63,23,24,25,255,5,Cloudy,1,243.07,Medium
2026-06-19,1,P001,Amul Taaza Toned Milk 1L,Dairy,South,141,42,61,46,58,20,Sunny,1,57.55,Medium
2026-06-19,1,P002,Britannia Good Day 600g,Snacks,South,232,78,82,75,120,15,Rainy,1,131.72,Medium
2026-06-19,1,P003,Aashirvaad Atta 5kg,Staples,South,191,61,70,61,248,0,Rainy,1,236.24,Medium
2026-06-19,1,P004,Maggi 2-Minute Noodles,Snacks,South,60,32,51,30,48,0,Sunny,0,49.88,Medium
2026-06-19,1,P005,Tata Salt 1kg,Staples,South,144,70,79,71,22,15,Cloudy,0,20.01,Medium
2026-06-19,1,P006,Coca-Cola 600ml,Beverages,South,184,26,36,26,40,10,Stormy,0,40.24,Medium
2026-06-19,1,P007,Parle-G 800g,Snacks,South,61,66,70,66,65,0,Rainy,0,58.68,Medium
2026-06-19,1,P008,Surf Excel 1kg,Cleaning,South,293,73,88,74,220,0,Stormy,1,215.03,Medium
2026-06-19,1,P009,Amul Butter 500g,Dairy,South,160,66,82,65,275,0,Rainy,0,299.03,Medium
2026-06-19,1,P010,Red Label Tea 500g,Beverages,South,261,89,107,92,255,5,Sunny,0,256.14,Medium
2026-06-20,1,P001,Amul Taaza Toned Milk 1L,Dairy,South,56,72,72,72,58,0,Rainy,1,60.72,Medium
2026-06-20,1,P002,Britannia Good Day 600g,Snacks,South,272,78,97,80,120,0,Stormy,0,128.71,Medium
2026-06-20,1,P003,Aashirvaad Atta 5kg,Staples,South,191,59,76,62,248,5,Sunny,0,235.18,Medium
2026-06-20,1,P004,Maggi 2-Minute Noodles,Snacks,South,122,105,116,104,48,0,Cloudy,1,43.8,Medium
2026-06-20,1,P005,Tata Salt 1kg,Staples,South,272,80,95,84,22,20,Cloudy,1,22.68,Medium
2026-06-20,1,P006,Coca-Cola 600ml,Beverages,South,104,98,102,101,40,0,Sunny,0,42.35,Medium
2026-06-20,1,P007,Parle-G 800g,Snacks,South,95,73,76,68,65,5,Stormy,0,64.01,Medium
2026-06-20,1,P008,Surf Excel 1kg,Cleaning,South,183,35,43,31,220,0,Cloudy,0,215.45,Medium
2026-06-20,1,P009,Amul Butter 500g,Dairy,South,125,42,60,38,275,15,Rainy,1,292.49,Medium
2026-06-20,1,P010,Red Label Tea 500g,Beverages,South,293,107,110,111,255,15,Cloudy,0,271.35,Medium
2026-06-21,1,P001,Amul Taaza Toned Milk 1L,Dairy,South,186,82,96,86,58,15,Sunny,0,63.57,Medium
2026-06-21,1,P002,Britannia Good Day 600g,Snacks,South,174,110,124,109,120,0,Rainy,0,110.99,Medium
2026-06-21,1,P003,Aashirvaad Atta 5kg,Staples,South,172,62,69,66,248,20,Cloudy,0,238.07,Medium
2026-06-21,1,P004,Maggi 2-Minute Noodles,Snacks,South,167,71,79,70,48,0,Stormy,0,47.67,Medium
2026-06-21,1,P005,Tata Salt 1kg,Staples,South,118,80,92,84,22,0,Cloudy,1,19.91,Medium
2026-06-21,1,P006,Coca-Cola 600ml,Beverages,South,146,44,48,39,40,0,Stormy,0,43.65,Medium
2026-06-21,1,P007,Parle-G 800g,Snacks,South,233,37,42,36,65,0,Sunny,1,59.85,Medium
2026-06-21,1,P008,Surf Excel 1kg,Cleaning,South,56,65,65,66,220,20,Cloudy,1,224.57,Medium
2026-06-21,1,P009,Amul Butter 500g,Dairy,South,238,55,71,54,275,20,Stormy,0,293.12,Medium
2026-06-21,1,P010,Red Label Tea 500g,Beverages,South,240,124,140,120,255,0,Sunny,0,267.12,Medium
2026-06-22,1,P001,Amul Taaza Toned Milk 1L,Dairy,South,114,25,32,23,58,0,Sunny,0,60.19,Medium
2026-06-22,1,P002,Britannia Good Day 600g,Snacks,South,56,56,67,57,120,0,Rainy,0,128.64,Medium
2026-06-22,1,P003,Aashirvaad Atta 5kg,Staples,South,159,30,42,29,248,0,Cloudy,0,271.53,Medium
2026-06-22,1,P004,Maggi 2-Minute Noodles,Snacks,South,288,36,54,37,48,10,Rainy,1,43.68,Medium
2026-06-22,1,P005,Tata Salt 1kg,Staples,South,126,68,80,69,22,10,Stormy,0,23.68,Medium
2026-06-22,1,P006,Coca-Cola 600ml,Beverages,South,146,33,39,33,40,20,Stormy,0,38.77,Medium
2026-06-22,1,P007,Parle-G 800g,Snacks,South,151,22,38,24,65,15,Rainy,1,62.73,Medium
2026-06-22,1,P008,Surf Excel 1kg,Cleaning,South,221,45,57,44,220,10,Stormy,0,215.8,Medium
2026-06-22,1,P009,Amul Butter 500g,Dairy,South,162,55,70,52,275,20,Cloudy,0,293.57,Medium
2026-06-22,1,P010,Red Label Tea 500g,Beverages,South,153,71,79,66,255,0,Cloudy,0,276.01,Medium
2026-06-23,1,P001,Amul Taaza Toned Milk 1L,Dairy,South,81,86,91,86,58,0,Sunny,1,55.0,Medium
2026-06-23,1,P002,Britannia Good Day 600g,Snacks,South,107,31,50,27,120,20,Stormy,1,128.35,Medium
2026-06-23,1,P003,Aashirvaad Atta 5kg,Staples,South,52,32,32,27,248,5,Stormy,0,260.9,Medium
2026-06-23,1,P004,Maggi 2-Minute Noodles,Snacks,South,217,22,30,22,48,20,Stormy,0,52.04,Medium
2026-06-23,1,P005,Tata Salt 1kg,Staples,South,181,67,70,63,22,0,Stormy,0,23.91,Medium
2026-06-23,1,P006,Coca-Cola 600ml,Beverages,South,134,75,85,74,40,0,Rainy,1,42.35,Medium
2026-06-23,1,P007,Parle-G 800g,Snacks,South,212,44,44,39,65,0,Rainy,0,68.43,Medium
2026-06-23,1,P008,Surf Excel 1kg,Cleaning,South,272,37,39,37,220,20,Rainy,0,217.47,Medium
2026-06-23,1,P009,Amul Butter 500g,Dairy,South,59,31,50,34,275,20,Stormy,0,280.78,Medium
2026-06-23,1,P010,Red Label Tea 500g,Beverages,South,222,74,93,70,255,0,Cloudy,0,249.31,Medium
2026-06-24,1,P001,Amul Taaza Toned Milk 1L,Dairy,South,241,48,54,52,58,20,Stormy,0,60.09,Medium
2026-06-24,1,P002,Britannia Good Day 600g,Snacks,South,213,48,50,44,120,0,Sunny,0,114.21,Medium
2026-06-24,1,P003,Aashirvaad Atta 5kg,Staples,South,266,37,48,41,248,5,Sunny,1,230.65,Medium
2026-06-24,1,P004,Maggi 2-Minute Noodles,Snacks,South,143,72,76,68,48,0,Rainy,1,47.16,Medium
2026-06-24,1,P005,Tata Salt 1kg,Staples,South,260,64,79,68,22,20,Stormy,1,20.76,Medium
2026-06-24,1,P006,Coca-Cola 600ml,Beverages,South,222,49,50,45,40,15,Rainy,0,37.27,Medium
2026-06-24,1,P007,Parle-G 800g,Snacks,South,261,82,93,82,65,5,Stormy,0,69.62,Medium
2026-06-24,1,P008,Surf Excel 1kg,Cleaning,South,98,64,81,67,220,0,Stormy,0,207.65,Medium
2026-06-24,1,P009,Amul Butter 500g,Dairy,South,145,88,107,89,275,5,Sunny,0,293.08,Medium
2026-06-24,1,P010,Red Label Tea 500g,Beverages,South,208,83,95,85,255,0,Stormy,0,268.76,Medium
2026-06-25,1,P001,Amul Taaza Toned Milk 1L,Dairy,South,163,52,52,48,58,0,Sunny,1,52.42,Medium
2026-06-25,1,P002,Britannia Good Day 600g,Snacks,South,239,41,48,45,120,20,Rainy,0,119.11,Medium
2026-06-25,1,P003,Aashirvaad Atta 5kg,Staples,South,54,94,106,89,248,15,Sunny,0,256.62,Medium
2026-06-25,1,P004,Maggi 2-Minute Noodles,Snacks,South,149,74,92,77,48,0,Cloudy,0,44.38,Medium
2026-06-25,1,P005,Tata Salt 1kg,Staples,South,70,18,34,16,22,20,Rainy,0,21.71,Medium
2026-06-25,1,P006,Coca-Cola 600ml,Beverages,South,179,41,60,45,40,0,Stormy,1,43.27,Medium
2026-06-25,1,P007,Parle-G 800g,Snacks,South,228,48,63,46,65,0,Sunny,0,61.32,Medium
2026-06-25,1,P008,Surf Excel 1kg,Cleaning,South,287,27,27,29,220,0,Rainy,1,208.06,Medium
2026-06-25,1,P009,Amul Butter 500g,Dairy,South,89,77,82,76,275,0,Stormy,0,298.7,Medium
2026-06-25,1,P010,Red Label Tea 500g,Beverages,South,249,64,64,68,255,0,Rainy,0,249.88,Medium
2026-06-26,1,P001,Amul Taaza Toned Milk 1L,Dairy,South,234,94,100,96,58,15,Stormy,0,54.61,Medium
2026-06-26,1,P002,Britannia Good Day 600g,Snacks,South,196,69,72,64,120,0,Rainy,1,126.12,Medium
2026-06-26,1,P003,Aashirvaad Atta 5kg,Staples,South,119,43,49,44,248,0,Sunny,0,269.05,Medium
2026-06-26,1,P004,Maggi 2-Minute Noodles,Snacks,South,50,74,81,77,48,10,Rainy,0,49.55,Medium
2026-06-26,1,P005,Tata Salt 1kg,Staples,South,140,43,51,38,22,15,Cloudy,0,22.92,Medium
2026-06-26,1,P006,Coca-Cola 600ml,Beverages,South,96,86,94,82,40,15,Sunny,0,41.48,Medium
2026-06-26,1,P007,Parle-G 800g,Snacks,South,181,66,74,61,65,10,Sunny,0,62.64,Medium
2026-06-26,1,P008,Surf Excel 1kg,Cleaning,South,248,57,70,61,220,0,Cloudy,0,240.41,Medium
2026-06-26,1,P009,Amul Butter 500g,Dairy,South,188,38,41,40,275,0,Stormy,0,285.51,Medium
2026-06-26,1,P010,Red Label Tea 500g,Beverages,South,168,52,63,51,255,10,Cloudy,0,261.68,Medium
2026-06-27,1,P001,Amul Taaza Toned Milk 1L,Dairy,South,105,75,85,74,58,0,Cloudy,1,60.24,Medium
2026-06-27,1,P002,Britannia Good Day 600g,Snacks,South,172,107,122,102,120,0,Stormy,1,123.85,Medium
2026-06-27,1,P003,Aashirvaad Atta 5kg,Staples,South,222,103,115,107,248,20,Stormy,0,235.91,Medium
2026-06-27,1,P004,Maggi 2-Minute Noodles,Snacks,South,64,84,84,83,48,0,Rainy,0,51.33,Medium
2026-06-27,1,P005,Tata Salt 1kg,Staples,South,232,90,98,87,22,0,Cloudy,0,19.88,Medium
2026-06-27,1,P006,Coca-Cola 600ml,Beverages,South,151,82,95,79,40,15,Sunny,1,43.76,Medium
2026-06-27,1,P007,Parle-G 800g,Snacks,South,252,82,82,78,65,10,Stormy,1,62.85,Medium
2026-06-27,1,P008,Surf Excel 1kg,Cleaning,South,190,37,56,40,220,15,Sunny,0,206.93,Medium
2026-06-27,1,P009,Amul Butter 500g,Dairy,South,62,73,80,70,275,20,Sunny,0,256.03,Medium
2026-06-27,1,P010,Red Label Tea 500g,Beverages,South,177,86,93,87,255,5,Stormy,1,259.36,Medium
2026-06-28,1,P001,Amul Taaza Toned Milk 1L,Dairy,South,145,75,90,77,58,10,Cloudy,1,58.82,Medium
2026-06-28,1,P002,Britannia Good Day 600g,Snacks,South,249,118,132,117,120,10,Rainy,1,124.08,Medium
2026-06-28,1,P003,Aashirvaad Atta 5kg,Staples,South,87,63,75,67,248,5,Cloudy,0,233.19,Medium
2026-06-28,1,P004,Maggi 2-Minute Noodles,Snacks,South,160,24,39,20,48,15,Sunny,0,49.32,Medium
2026-06-28,1,P005,Tata Salt 1kg,Staples,South,260,103,114,105,22,15,Sunny,0,24.14,Medium
2026-06-28,1,P006,Coca-Cola 600ml,Beverages,South,130,42,50,44,40,15,Cloudy,0,37.96,Medium
2026-06-28,1,P007,Parle-G 800g,Snacks,South,216,86,97,87,65,0,Cloudy,0,70.36,Medium
2026-06-28,1,P008,Surf Excel 1kg,Cleaning,South,211,87,87,91,220,0,Stormy,0,232.88,Medium
2026-06-28,1,P009,Amul Butter 500g,Dairy,South,79,90,103,94,275,0,Rainy,0,282.62,Medium
2026-06-28,1,P010,Red Label Tea 500g,Beverages,South,127,55,69,56,255,0,Rainy,1,250.92,Medium
2026-06-29,1,P001,Amul Taaza Toned Milk 1L,Dairy,South,203,39,49,39,58,0,Stormy,1,58.62,Medium
2026-06-29,1,P002,Britannia Good Day 600g,Snacks,South,295,63,75,67,120,15,Cloudy,0,117.03,Medium
2026-06-29,1,P003,Aashirvaad Atta 5kg,Staples,South,225,34,42,30,248,10,Rainy,0,246.68,Medium
2026-06-29,1,P004,Maggi 2-Minute Noodles,Snacks,South,203,29,48,26,48,0,Sunny,0,45.31,Medium
2026-06-29,1,P005,Tata Salt 1kg,Staples,South,288,19,20,14,22,15,Sunny,0,21.31,Medium
2026-06-29,1,P006,Coca-Cola 600ml,Beverages,South,171,16,17,11,40,0,Rainy,1,40.94,Medium
2026-06-29,1,P007,Parle-G 800g,Snacks,South,127,65,74,60,65,15,Cloudy,0,70.58,Medium
2026-06-29,1,P008,Surf Excel 1kg,Cleaning,South,231,89,90,91,220,0,Sunny,0,209.27,Medium
2026-06-29,1,P009,Amul Butter 500g,Dairy,South,118,61,76,56,275,5,Stormy,0,293.77,Medium
2026-06-29,1,P010,Red Label Tea 500g,Beverages,South,122,82,98,79,255,10,Rainy,0,248.92,Medium
2026-06-30,1,P001,Amul Taaza Toned Milk 1L,Dairy,South,89,42,44,40,58,5,Stormy,0,54.64,Medium
2026-06-30,1,P002,Britannia Good Day 600g,Snacks,South,290,58,63,55,120,0,Stormy,0,128.19,Medium
2026-06-30,1,P003,Aashirvaad Atta 5kg,Staples,South,250,80,85,75,248,0,Rainy,0,225.01,Medium
2026-06-30,1,P004,Maggi 2-Minute Noodles,Snacks,South,119,58,69,58,48,15,Cloudy,0,45.91,Medium
2026-06-30,1,P005,Tata Salt 1kg,Staples,South,76,69,82,72,22,0,Cloudy,0,19.89,Medium
2026-06-30,1,P006,Coca-Cola 600ml,Beverages,South,158,60,69,63,40,0,Cloudy,0,39.36,Medium
2026-06-30,1,P007,Parle-G 800g,Snacks,South,229,39,45,38,65,20,Stormy,0,70.64,Medium
2026-06-30,1,P008,Surf Excel 1kg,Cleaning,South,278,21,38,17,220,0,Cloudy,1,240.92,Medium
2026-06-30,1,P009,Amul Butter 500g,Dairy,South,278,89,99,93,275,5,Rainy,1,261.96,Medium
2026-06-30,1,P010,Red Label Tea 500g,Beverages,South,255,48,61,50,255,15,Sunny,1,250.52,Medium
2026-07-01,1,P001,Amul Taaza Toned Milk 1L,Dairy,South,191,55,63,52,58,15,Cloudy,1,52.41,Medium
2026-07-01,1,P002,Britannia Good Day 600g,Snacks,South,72,56,60,53,120,5,Rainy,0,128.05,Medium
2026-07-01,1,P003,Aashirvaad Atta 5kg,Staples,South,134,62,78,63,248,10,Stormy,0,253.35,Medium
2026-07-01,1,P004,Maggi 2-Minute Noodles,Snacks,South,215,72,78,73,48,10,Sunny,0,46.96,Medium
2026-07-01,1,P005,Tata Salt 1kg,Staples,South,155,48,64,50,22,5,Sunny,0,24.02,Medium
2026-07-01,1,P006,Coca-Cola 600ml,Beverages,South,100,84,101,88,40,5,Cloudy,0,37.26,Medium
2026-07-01,1,P007,Parle-G 800g,Snacks,South,254,34,35,36,65,15,Rainy,0,68.08,Medium
2026-07-01,1,P008,Surf Excel 1kg,Cleaning,South,293,60,64,58,220,20,Stormy,0,239.02,Medium
2026-07-01,1,P009,Amul Butter 500g,Dairy,South,243,94,112,98,275,5,Cloudy,0,264.97,Medium
2026-07-01,1,P010,Red Label Tea 500g,Beverages,South,199,33,37,36,255,5,Stormy,1,279.06,Medium
2026-07-02,1,P001,Amul Taaza Toned Milk 1L,Dairy,South,203,48,49,44,58,0,Sunny,0,54.33,Medium
2026-07-02,1,P002,Britannia Good Day 600g,Snacks,South,232,46,46,50,120,10,Stormy,0,130.63,Medium
2026-07-02,1,P003,Aashirvaad Atta 5kg,Staples,South,212,72,87,73,248,15,Rainy,0,266.7,Medium
2026-07-02,1,P004,Maggi 2-Minute Noodles,Snacks,South,249,24,34,22,48,0,Sunny,0,52.36,Medium
2026-07-02,1,P005,Tata Salt 1kg,Staples,South,223,46,48,49,22,0,Rainy,1,20.56,Medium
2026-07-02,1,P006,Coca-Cola 600ml,Beverages,South,73,74,80,71,40,0,Rainy,0,41.71,Medium
2026-07-02,1,P007,Parle-G 800g,Snacks,South,152,54,60,53,65,10,Cloudy,0,59.29,Medium
2026-07-02,1,P008,Surf Excel 1kg,Cleaning,South,119,60,76,61,220,5,Cloudy,1,234.73,Medium
2026-07-02,1,P009,Amul Butter 500g,Dairy,South,210,65,71,66,275,5,Cloudy,1,256.47,Medium
2026-07-02,1,P010,Red Label Tea 500g,Beverages,South,120,66,77,63,255,10,Rainy,1,250.73,Medium
2026-07-03,1,P001,Amul Taaza Toned Milk 1L,Dairy,South,194,82,86,80,58,0,Rainy,0,59.52,Medium
2026-07-03,1,P002,Britannia Good Day 600g,Snacks,South,84,84,97,83,120,15,Sunny,0,118.52,Medium
2026-07-03,1,P003,Aashirvaad Atta 5kg,Staples,South,239,95,96,97,248,10,Stormy,1,243.95,Medium
2026-07-03,1,P004,Maggi 2-Minute Noodles,Snacks,South,91,38,45,34,48,0,Rainy,1,47.92,Medium
2026-07-03,1,P005,Tata Salt 1kg,Staples,South,221,36,41,37,22,0,Cloudy,0,21.97,Medium
2026-07-03,1,P006,Coca-Cola 600ml,Beverages,South,123,15,17,11,40,20,Rainy,0,41.85,Medium
2026-07-03,1,P007,Parle-G 800g,Snacks,South,117,54,65,51,65,20,Stormy,0,68.36,Medium
2026-07-03,1,P008,Surf Excel 1kg,Cleaning,South,120,48,61,44,220,0,Rainy,1,234.19,Medium
2026-07-03,1,P009,Amul Butter 500g,Dairy,South,197,77,81,80,275,10,Rainy,0,290.13,Medium
2026-07-03,1,P010,Red Label Tea 500g,Beverages,South,146,29,39,32,255,0,Sunny,0,274.11,Medium
2026-07-04,1,P001,Amul Taaza Toned Milk 1L,Dairy,South,255,98,98,93,58,5,Rainy,0,60.65,Medium
2026-07-04,1,P002,Britannia Good Day 600g,Snacks,South,268,98,116,97,120,5,Stormy,1,115.79,Medium
2026-07-04,1,P003,Aashirvaad Atta 5kg,Staples,South,106,85,98,86,248,0,Rainy,0,242.29,Medium
2026-07-04,1,P004,Maggi 2-Minute Noodles,Snacks,South,138,109,125,106,48,20,Rainy,1,44.98,Medium
2026-07-04,1,P005,Tata Salt 1kg,Staples,South,188,77,96,81,22,0,Rainy,0,21.08,Medium
2026-07-04,1,P006,Coca-Cola 600ml,Beverages,South,84,38,45,39,40,10,Cloudy,0,37.6,Medium
2026-07-04,1,P007,Parle-G 800g,Snacks,South,262,41,59,42,65,5,Stormy,0,60.79,Medium
2026-07-04,1,P008,Surf Excel 1kg,Cleaning,South,92,30,32,31,220,0,Stormy,0,201.94,Medium
2026-07-04,1,P009,Amul Butter 500g,Dairy,South,211,24,36,24,275,0,Cloudy,0,284.37,Medium
2026-07-04,1,P010,Red Label Tea 500g,Beverages,South,94,116,117,111,255,20,Sunny,0,238.52,Medium
2026-07-05,1,P001,Amul Taaza Toned Milk 1L,Dairy,South,190,50,65,49,58,15,Cloudy,0,58.72,Medium
2026-07-05,1,P002,Britannia Good Day 600g,Snacks,South,179,37,37,32,120,5,Rainy,0,131.89,Medium
2026-07-05,1,P003,Aashirvaad Atta 5kg,Staples,South,91,90,102,92,248,0,Stormy,0,227.7,Medium
2026-07-05,1,P004,Maggi 2-Minute Noodles,Snacks,South,243,77,80,72,48,10,Sunny,0,44.05,Medium
2026-07-05,1,P005,Tata Salt 1kg,Staples,South,74,77,82,79,22,0,Sunny,0,23.26,Medium
2026-07-05,1,P006,Coca-Cola 600ml,Beverages,South,209,35,36,36,40,15,Stormy,0,42.54,Medium
2026-07-05,1,P007,Parle-G 800g,Snacks,South,299,91,108,88,65,0,Stormy,1,65.04,Medium
2026-07-05,1,P008,Surf Excel 1kg,Cleaning,South,119,77,86,79,220,0,Cloudy,1,224.29,Medium
2026-07-05,1,P009,Amul Butter 500g,Dairy,South,106,34,49,31,275,10,Stormy,0,248.82,Medium
2026-07-05,1,P010,Red Label Tea 500g,Beverages,South,145,38,46,35,255,15,Stormy,0,252.3,Medium
2026-07-06,1,P001,Amul Taaza Toned Milk 1L,Dairy,South,208,59,59,61,58,0,Sunny,0,63.52,Medium
2026-07-06,1,P002,Britannia Good Day 600g,Snacks,South,134,49,68,45,120,0,Stormy,0,123.05,Medium
2026-07-06,1,P003,Aashirvaad Atta 5kg,Staples,South,167,82,85,86,248,5,Cloudy,0,257.47,Medium
2026-07-06,1,P004,Maggi 2-Minute Noodles,Snacks,South,170,60,71,60,48,20,Rainy,0,47.76,Medium
2026-07-06,1,P005,Tata Salt 1kg,Staples,South,228,27,37,22,22,0,Cloudy,0,20.21,Medium
2026-07-06,1,P006,Coca-Cola 600ml,Beverages,South,89,63,69,61,40,20,Rainy,1,41.95,Medium
2026-07-06,1,P007,Parle-G 800g,Snacks,South,240,74,76,75,65,15,Sunny,0,59.54,Medium
2026-07-06,1,P008,Surf Excel 1kg,Cleaning,South,128,64,65,59,220,5,Sunny,1,220.27,Medium
2026-07-06,1,P009,Amul Butter 500g,Dairy,South,222,61,69,57,275,0,Rainy,0,282.08,Medium
2026-07-06,1,P010,Red Label Tea 500g,Beverages,South,68,63,68,67,255,20,Cloudy,0,269.62,Medium
2026-07-07,1,P001,Amul Taaza Toned Milk 1L,Dairy,South,175,71,87,71,58,5,Cloudy,0,61.03,Medium
2026-07-07,1,P002,Britannia Good Day 600g,Snacks,South,224,60,66,63,120,5,Stormy,0,116.48,Medium
2026-07-07,1,P003,Aashirvaad Atta 5kg,Staples,South,80,59,76,60,248,20,Cloudy,1,236.21,Medium
2026-07-07,1,P004,Maggi 2-Minute Noodles,Snacks,South,76,66,80,68,48,20,Sunny,0,43.91,Medium
2026-07-07,1,P005,Tata Salt 1kg,Staples,South,290,49,59,49,22,5,Stormy,0,23.79,Medium
2026-07-07,1,P006,Coca-Cola 600ml,Beverages,South,173,57,57,53,40,15,Stormy,1,37.77,Medium
2026-07-07,1,P007,Parle-G 800g,Snacks,South,275,72,78,71,65,20,Stormy,0,59.18,Medium
2026-07-07,1,P008,Surf Excel 1kg,Cleaning,South,68,84,87,84,220,5,Cloudy,1,215.66,Medium
2026-07-07,1,P009,Amul Butter 500g,Dairy,South,93,61,72,56,275,0,Stormy,0,284.1,Medium
2026-07-07,1,P010,Red Label Tea 500g,Beverages,South,139,83,101,85,255,15,Cloudy,0,251.04,Medium
2026-07-08,1,P001,Amul Taaza Toned Milk 1L,Dairy,South,221,80,84,79,58,10,Rainy,1,61.25,Medium
2026-07-08,1,P002,Britannia Good Day 600g,Snacks,South,219,85,97,81,120,5,Cloudy,0,118.17,Medium
2026-07-08,1,P003,Aashirvaad Atta 5kg,Staples,South,148,88,92,86,248,15,Sunny,0,225.54,Medium
2026-07-08,1,P004,Maggi 2-Minute Noodles,Snacks,South,271,34,45,31,48,0,Rainy,0,43.94,Medium
2026-07-08,1,P005,Tata Salt 1kg,Staples,South,160,33,34,28,22,0,Rainy,1,24.07,Medium
2026-07-08,1,P006,Coca-Cola 600ml,Beverages,South,158,50,69,46,40,0,Stormy,0,43.06,Medium
2026-07-08,1,P007,Parle-G 800g,Snacks,South,76,67,83,70,65,15,Sunny,0,66.12,Medium
2026-07-08,1,P008,Surf Excel 1kg,Cleaning,South,252,93,97,96,220,0,Cloudy,1,236.39,Medium
2026-07-08,1,P009,Amul Butter 500g,Dairy,South,203,21,23,19,275,0,Stormy,1,248.22,Medium
2026-07-08,1,P010,Red Label Tea 500g,Beverages,South,185,27,32,23,255,15,Stormy,0,271.07,Medium
2026-07-09,1,P001,Amul Taaza Toned Milk 1L,Dairy,South,84,58,71,60,58,0,Sunny,0,52.39,Medium
2026-07-09,1,P002,Britannia Good Day 600g,Snacks,South,137,81,94,76,120,0,Sunny,0,122.52,Medium
2026-07-09,1,P003,Aashirvaad Atta 5kg,Staples,South,75,96,101,95,248,0,Cloudy,0,249.27,Medium
2026-07-09,1,P004,Maggi 2-Minute Noodles,Snacks,South,250,47,49,50,48,15,Stormy,0,45.09,Medium
2026-07-09,1,P005,Tata Salt 1kg,Staples,South,292,43,58,42,22,0,Stormy,0,23.87,Medium
2026-07-09,1,P006,Coca-Cola 600ml,Beverages,South,159,50,56,49,40,0,Cloudy,0,39.41,Medium
2026-07-09,1,P007,Parle-G 800g,Snacks,South,133,39,57,36,65,15,Stormy,0,66.17,Medium
2026-07-09,1,P008,Surf Excel 1kg,Cleaning,South,144,53,67,54,220,0,Stormy,0,207.84,Medium
2026-07-09,1,P009,Amul Butter 500g,Dairy,South,249,57,60,59,275,15,Stormy,1,248.49,Medium
2026-07-09,1,P010,Red Label Tea 500g,Beverages,South,295,87,97,86,255,0,Cloudy,0,251.64,Medium
2026-07-10,1,P001,Amul Taaza Toned Milk 1L,Dairy,South,126,69,84,73,58,0,Stormy,1,63.69,Medium
2026-07-10,1,P002,Britannia Good Day 600g,Snacks,South,165,68,86,66,120,5,Cloudy,0,117.3,Medium
2026-07-10,1,P003,Aashirvaad Atta 5kg,Staples,South,249,87,95,83,248,0,Cloudy,1,226.58,Medium
2026-07-10,1,P004,Maggi 2-Minute Noodles,Snacks,South,145,34,43,37,48,0,Stormy,1,51.08,Medium
2026-07-10,1,P005,Tata Salt 1kg,Staples,South,112,82,89,84,22,0,Stormy,0,22.01,Medium
2026-07-10,1,P006,Coca-Cola 600ml,Beverages,South,271,39,40,40,40,0,Stormy,0,40.78,Medium
2026-07-10,1,P007,Parle-G 800g,Snacks,South,224,74,92,70,65,15,Cloudy,0,66.13,Medium
2026-07-10,1,P008,Surf Excel 1kg,Cleaning,South,68,72,89,74,220,10,Sunny,0,220.96,Medium
2026-07-10,1,P009,Amul Butter 500g,Dairy,South,224,45,56,43,275,5,Cloudy,0,253.32,Medium
2026-07-10,1,P010,Red Label Tea 500g,Beverages,South,159,35,35,37,255,0,Cloudy,0,235.63,Medium
2026-07-11,1,P001,Amul Taaza Toned Milk 1L,Dairy,South,198,84,101,84,58,0,Sunny,0,58.65,Medium
2026-07-11,1,P002,Britannia Good Day 600g,Snacks,South,255,72,73,72,120,15,Rainy,0,120.75,Medium
2026-07-11,1,P003,Aashirvaad Atta 5kg,Staples,South,148,93,98,92,248,0,Cloudy,0,239.71,Medium
2026-07-11,1,P004,Maggi 2-Minute Noodles,Snacks,South,216,103,103,107,48,0,Stormy,1,50.91,Medium
2026-07-11,1,P005,Tata Salt 1kg,Staples,South,285,102,109,97,22,10,Sunny,0,21.8,Medium
2026-07-11,1,P006,Coca-Cola 600ml,Beverages,South,280,101,108,99,40,15,Rainy,1,38.44,Medium
2026-07-11,1,P007,Parle-G 800g,Snacks,South,151,53,69,49,65,0,Cloudy,1,63.86,Medium
2026-07-11,1,P008,Surf Excel 1kg,Cleaning,South,68,46,54,49,220,5,Stormy,1,208.8,Medium
2026-07-11,1,P009,Amul Butter 500g,Dairy,South,282,62,65,60,275,20,Sunny,0,282.53,Medium
2026-07-11,1,P010,Red Label Tea 500g,Beverages,South,157,63,68,66,255,0,Sunny,0,259.24,Medium
2026-07-12,1,P001,Amul Taaza Toned Milk 1L,Dairy,South,168,92,105,93,58,0,Rainy,0,55.11,Medium
2026-07-12,1,P002,Britannia Good Day 600g,Snacks,South,126,86,86,85,120,0,Cloudy,0,120.39,Medium
2026-07-12,1,P003,Aashirvaad Atta 5kg,Staples,South,105,40,54,44,248,0,Sunny,0,267.29,Medium
2026-07-12,1,P004,Maggi 2-Minute Noodles,Snacks,South,181,23,38,23,48,0,Sunny,0,45.72,Medium
2026-07-12,1,P005,Tata Salt 1kg,Staples,South,106,101,108,98,22,20,Sunny,1,22.0,Medium
2026-07-12,1,P006,Coca-Cola 600ml,Beverages,South,272,111,117,115,40,0,Rainy,0,40.56,Medium
2026-07-12,1,P007,Parle-G 800g,Snacks,South,118,111,116,114,65,5,Stormy,0,67.95,Medium
2026-07-12,1,P008,Surf Excel 1kg,Cleaning,South,195,63,66,60,220,0,Cloudy,0,205.01,Medium
2026-07-12,1,P009,Amul Butter 500g,Dairy,South,288,98,106,94,275,0,Stormy,0,293.03,Medium
2026-07-12,1,P010,Red Label Tea 500g,Beverages,South,96,100,110,97,255,10,Cloudy,0,233.73,Medium
2026-07-13,1,P001,Amul Taaza Toned Milk 1L,Dairy,South,288,61,71,64,58,0,Cloudy,0,60.16,Medium
2026-07-13,1,P002,Britannia Good Day 600g,Snacks,South,181,36,40,36,120,20,Sunny,0,113.16,Medium
2026-07-13,1,P003,Aashirvaad Atta 5kg,Staples,South,206,27,41,26,248,15,Rainy,0,242.53,Medium
2026-07-13,1,P004,Maggi 2-Minute Noodles,Snacks,South,53,84,90,85,48,20,Cloudy,0,49.41,Medium
2026-07-13,1,P005,Tata Salt 1kg,Staples,South,92,62,77,63,22,0,Cloudy,0,22.44,Medium
2026-07-13,1,P006,Coca-Cola 600ml,Beverages,South,171,22,38,19,40,0,Rainy,1,40.89,Medium
2026-07-13,1,P007,Parle-G 800g,Snacks,South,100,46,48,45,65,15,Stormy,0,63.32,Medium
2026-07-13,1,P008,Surf Excel 1kg,Cleaning,South,289,83,94,82,220,15,Sunny,0,217.82,Medium
2026-07-13,1,P009,Amul Butter 500g,Dairy,South,212,61,73,59,275,10,Stormy,0,298.27,Medium
2026-07-13,1,P010,Red Label Tea 500g,Beverages,South,53,21,28,24,255,5,Cloudy,1,257.25,Medium
2026-07-14,1,P001,Amul Taaza Toned Milk 1L,Dairy,South,242,19,28,14,58,5,Cloudy,1,58.11,Medium
2026-07-14,1,P002,Britannia Good Day 600g,Snacks,South,255,75,92,75,120,0,Rainy,0,120.69,Medium
2026-07-14,1,P003,Aashirvaad Atta 5kg,Staples,South,51,59,73,60,248,10,Stormy,1,262.67,Medium
2026-07-14,1,P004,Maggi 2-Minute Noodles,Snacks,South,222,54,59,56,48,0,Sunny,0,47.38,Medium
2026-07-14,1,P005,Tata Salt 1kg,Staples,South,299,38,40,41,22,10,Stormy,0,21.22,Medium
2026-07-14,1,P006,Coca-Cola 600ml,Beverages,South,170,47,57,46,40,0,Stormy,1,38.71,Medium
2026-07-14,1,P007,Parle-G 800g,Snacks,South,203,36,38,37,65,0,Cloudy,1,70.64,Medium
2026-07-14,1,P008,Surf Excel 1kg,Cleaning,South,167,93,96,90,220,0,Sunny,0,234.4,Medium
2026-07-14,1,P009,Amul Butter 500g,Dairy,South,252,78,88,74,275,0,Cloudy,0,257.28,Medium
2026-07-14,1,P010,Red Label Tea 500g,Beverages,South,81,82,97,77,255,0,Cloudy,0,274.05,Medium
2026-07-15,1,P001,Amul Taaza Toned Milk 1L,Dairy,South,168,14,19,10,58,0,Cloudy,0,59.87,Medium
2026-07-15,1,P002,Britannia Good Day 600g,Snacks,South,295,49,67,45,120,0,Stormy,1,126.78,Medium
2026-07-15,1,P003,Aashirvaad Atta 5kg,Staples,South,200,78,94,73,248,10,Stormy,0,258.71,Medium
2026-07-15,1,P004,Maggi 2-Minute Noodles,Snacks,South,153,39,57,41,48,0,Sunny,0,47.3,Medium
2026-07-15,1,P005,Tata Salt 1kg,Staples,South,259,45,49,49,22,5,Sunny,0,20.78,Medium
2026-07-15,1,P006,Coca-Cola 600ml,Beverages,South,151,24,24,27,40,5,Sunny,0,38.81,Medium
2026-07-15,1,P007,Parle-G 800g,Snacks,South,228,35,44,32,65,0,Cloudy,1,58.65,Medium
2026-07-15,1,P008,Surf Excel 1kg,Cleaning,South,265,20,38,21,220,0,Cloudy,1,241.68,Medium
2026-07-15,1,P009,Amul Butter 500g,Dairy,South,122,87,105,84,275,10,Stormy,0,261.89,Medium
2026-07-15,1,P010,Red Label Tea 500g,Beverages,South,114,45,61,43,255,10,Rainy,1,244.37,Medium
2026-07-16,1,P001,Amul Taaza Toned Milk 1L,Dairy,South,293,43,43,39,58,0,Cloudy,0,61.89,Medium
2026-07-16,1,P002,Britannia Good Day 600g,Snacks,South,125,21,31,23,120,0,Stormy,0,122.65,Medium
2026-07-16,1,P003,Aashirvaad Atta 5kg,Staples,South,106,45,53,49,248,10,Stormy,1,233.74,Medium
2026-07-16,1,P004,Maggi 2-Minute Noodles,Snacks,South,153,31,46,32,48,10,Stormy,0,46.7,Medium
2026-07-16,1,P005,Tata Salt 1kg,Staples,South,82,71,84,70,22,0,Cloudy,1,20.25,Medium
2026-07-16,1,P006,Coca-Cola 600ml,Beverages,South,190,88,99,89,40,5,Sunny,0,36.32,Medium
2026-07-16,1,P007,Parle-G 800g,Snacks,South,131,75,76,70,65,0,Stormy,0,70.38,Medium
2026-07-16,1,P008,Surf Excel 1kg,Cleaning,South,281,69,88,72,220,20,Stormy,0,233.65,Medium
2026-07-16,1,P009,Amul Butter 500g,Dairy,South,106,32,39,27,275,15,Rainy,0,260.68,Medium
2026-07-16,1,P010,Red Label Tea 500g,Beverages,South,167,14,22,16,255,10,Stormy,0,230.78,Medium
2026-07-17,1,P001,Amul Taaza Toned Milk 1L,Dairy,South,105,56,67,52,58,10,Sunny,1,54.05,Medium
2026-07-17,1,P002,Britannia Good Day 600g,Snacks,South,143,60,69,59,120,15,Stormy,0,108.62,Medium
2026-07-17,1,P003,Aashirvaad Atta 5kg,Staples,South,263,26,34,22,248,10,Rainy,0,264.89,Medium
2026-07-17,1,P004,Maggi 2-Minute Noodles,Snacks,South,285,52,67,56,48,20,Stormy,0,45.32,Medium
2026-07-17,1,P005,Tata Salt 1kg,Staples,South,229,85,89,89,22,15,Stormy,1,20.83,Medium
2026-07-17,1,P006,Coca-Cola 600ml,Beverages,South,74,72,80,71,40,0,Rainy,0,42.96,Medium
2026-07-17,1,P007,Parle-G 800g,Snacks,South,134,74,84,75,65,5,Stormy,0,69.69,Medium
2026-07-17,1,P008,Surf Excel 1kg,Cleaning,South,68,72,79,75,220,20,Sunny,0,220.92,Medium
2026-07-17,1,P009,Amul Butter 500g,Dairy,South,229,49,60,44,275,5,Cloudy,0,283.69,Medium
2026-07-17,1,P010,Red Label Tea 500g,Beverages,South,199,60,69,62,255,10,Cloudy,0,242.69,Medium
2026-07-18,1,P001,Amul Taaza Toned Milk 1L,Dairy,South,101,86,100,89,58,5,Stormy,1,61.13,Medium
2026-07-18,1,P002,Britannia Good Day 600g,Snacks,South,209,93,94,93,120,15,Rainy,0,125.19,Medium
2026-07-18,1,P003,Aashirvaad Atta 5kg,Staples,South,261,63,76,66,248,20,Sunny,1,264.88,Medium
2026-07-18,1,P004,Maggi 2-Minute Noodles,Snacks,South,268,92,110,96,48,20,Cloudy,0,45.48,Medium
2026-07-18,1,P005,Tata Salt 1kg,Staples,South,205,36,53,34,22,5,Stormy,0,24.19,Medium
2026-07-18,1,P006,Coca-Cola 600ml,Beverages,South,271,45,48,42,40,0,Sunny,0,37.46,Medium
2026-07-18,1,P007,Parle-G 800g,Snacks,South,62,43,48,47,65,0,Stormy,0,63.56,Medium
2026-07-18,1,P008,Surf Excel 1kg,Cleaning,South,241,117,130,118,220,5,Sunny,1,239.77,Medium
2026-07-18,1,P009,Amul Butter 500g,Dairy,South,73,92,110,87,275,5,Sunny,0,301.66,Medium
2026-07-18,1,P010,Red Label Tea 500g,Beverages,South,267,67,77,67,255,0,Rainy,1,252.48,Medium
2026-07-19,1,P001,Amul Taaza Toned Milk 1L,Dairy,South,58,97,108,93,58,0,Cloudy,1,58.4,Medium
2026-07-19,1,P002,Britannia Good Day 600g,Snacks,South,152,79,84,75,120,20,Stormy,0,112.25,Medium
2026-07-19,1,P003,Aashirvaad Atta 5kg,Staples,South,67,74,86,76,248,15,Sunny,1,262.07,Medium
2026-07-19,1,P004,Maggi 2-Minute Noodles,Snacks,South,122,20,20,22,48,5,Rainy,0,47.72,Medium
2026-07-19,1,P005,Tata Salt 1kg,Staples,South,271,101,113,104,22,0,Sunny,0,21.0,Medium
2026-07-19,1,P006,Coca-Cola 600ml,Beverages,South,169,90,105,90,40,0,Sunny,1,42.15,Medium
2026-07-19,1,P007,Parle-G 800g,Snacks,South,272,115,125,114,65,0,Stormy,0,64.76,Medium
2026-07-19,1,P008,Surf Excel 1kg,Cleaning,South,154,73,92,76,220,5,Rainy,1,233.4,Medium
2026-07-19,1,P009,Amul Butter 500g,Dairy,South,156,53,69,53,275,20,Rainy,0,279.53,Medium
2026-07-19,1,P010,Red Label Tea 500g,Beverages,South,234,59,70,62,255,15,Rainy,0,280.09,Medium
2026-07-20,1,P001,Amul Taaza Toned Milk 1L,Dairy,South,63,90,107,89,58,15,Stormy,0,61.86,Medium
2026-07-20,1,P002,Britannia Good Day 600g,Snacks,South,256,50,65,53,120,20,Cloudy,0,124.18,Medium
2026-07-20,1,P003,Aashirvaad Atta 5kg,Staples,South,225,62,63,62,248,20,Rainy,1,245.83,Medium
2026-07-20,1,P004,Maggi 2-Minute Noodles,Snacks,South,85,94,95,89,48,0,Rainy,1,44.7,Medium
2026-07-20,1,P005,Tata Salt 1kg,Staples,South,205,60,72,63,22,0,Cloudy,1,20.13,Medium
2026-07-20,1,P006,Coca-Cola 600ml,Beverages,South,185,31,50,32,40,5,Rainy,0,36.01,Medium
2026-07-20,1,P007,Parle-G 800g,Snacks,South,56,58,67,60,65,5,Sunny,0,68.44,Medium
2026-07-20,1,P008,Surf Excel 1kg,Cleaning,South,215,64,70,59,220,0,Sunny,0,237.59,Medium
2026-07-20,1,P009,Amul Butter 500g,Dairy,South,263,70,82,71,275,5,Cloudy,0,267.6,Medium
2026-07-20,1,P010,Red Label Tea 500g,Beverages,South,102,20,38,23,255,0,Sunny,1,270.15,Medium
2026-07-21,1,P001,Amul Taaza Toned Milk 1L,Dairy,South,157,86,90,81,58,10,Rainy,1,54.08,Medium
2026-07-21,1,P002,Britannia Good Day 600g,Snacks,South,222,88,105,84,120,0,Sunny,1,109.34,Medium
2026-07-21,1,P003,Aashirvaad Atta 5kg,Staples,South,121,81,93,81,248,0,Rainy,0,236.21,Medium
2026-07-21,1,P004,Maggi 2-Minute Noodles,Snacks,South,272,78,87,77,48,20,Cloudy,0,51.61,Medium
2026-07-21,1,P005,Tata Salt 1kg,Staples,South,91,74,76,73,22,5,Rainy,0,23.22,Medium
2026-07-21,1,P006,Coca-Cola 600ml,Beverages,South,203,33,40,35,40,15,Sunny,0,40.28,Medium
2026-07-21,1,P007,Parle-G 800g,Snacks,South,104,73,89,71,65,0,Stormy,1,63.49,Medium
2026-07-21,1,P008,Surf Excel 1kg,Cleaning,South,90,71,78,75,220,0,Stormy,1,241.57,Medium
2026-07-21,1,P009,Amul Butter 500g,Dairy,South,105,62,74,58,275,0,Cloudy,1,267.64,Medium
2026-07-21,1,P010,Red Label Tea 500g,Beverages,South,231,62,63,58,255,5,Rainy,0,250.69,Medium
2026-07-22,1,P001,Amul Taaza Toned Milk 1L,Dairy,South,84,32,38,31,58,0,Cloudy,1,56.01,Medium
2026-07-22,1,P002,Britannia Good Day 600g,Snacks,South,68,43,55,41,120,0,Stormy,1,109.72,Medium
2026-07-22,1,P003,Aashirvaad Atta 5kg,Staples,South,146,52,68,55,248,0,Sunny,0,227.81,Medium
2026-07-22,1,P004,Maggi 2-Minute Noodles,Snacks,South,122,86,91,85,48,0,Cloudy,0,44.94,Medium
2026-07-22,1,P005,Tata Salt 1kg,Staples,South,100,71,75,71,22,0,Cloudy,0,21.36,Medium
2026-07-22,1,P006,Coca-Cola 600ml,Beverages,South,209,45,52,48,40,15,Stormy,1,42.86,Medium
2026-07-22,1,P007,Parle-G 800g,Snacks,South,219,70,80,70,65,15,Cloudy,0,59.93,Medium
2026-07-22,1,P008,Surf Excel 1kg,Cleaning,South,268,42,60,38,220,0,Sunny,0,237.23,Medium
2026-07-22,1,P009,Amul Butter 500g,Dairy,South,130,63,82,61,275,5,Cloudy,0,250.3,Medium
2026-07-22,1,P010,Red Label Tea 500g,Beverages,South,130,31,45,26,255,10,Stormy,0,242.06,Medium
2026-07-23,1,P001,Amul Taaza Toned Milk 1L,Dairy,South,277,18,29,15,58,0,Stormy,0,53.56,Medium
2026-07-23,1,P002,Britannia Good Day 600g,Snacks,South,235,45,54,40,120,5,Rainy,0,121.37,Medium
2026-07-23,1,P003,Aashirvaad Atta 5kg,Staples,South,50,38,46,34,248,0,Cloudy,0,232.7,Medium
2026-07-23,1,P004,Maggi 2-Minute Noodles,Snacks,South,229,40,50,41,48,15,Sunny,0,52.25,Medium
2026-07-23,1,P005,Tata Salt 1kg,Staples,South,141,46,59,48,22,0,Stormy,0,22.94,Medium
2026-07-23,1,P006,Coca-Cola 600ml,Beverages,South,269,42,47,37,40,15,Sunny,0,38.59,Medium
2026-07-23,1,P007,Parle-G 800g,Snacks,South,114,61,72,64,65,15,Sunny,0,64.31,Medium
2026-07-23,1,P008,Surf Excel 1kg,Cleaning,South,183,75,82,76,220,20,Sunny,0,239.59,Medium
2026-07-23,1,P009,Amul Butter 500g,Dairy,South,76,42,52,42,275,20,Sunny,1,266.74,Medium
2026-07-23,1,P010,Red Label Tea 500g,Beverages,South,270,33,40,35,255,10,Cloudy,0,230.72,Medium
2026-07-24,1,P001,Amul Taaza Toned Milk 1L,Dairy,South,264,82,99,83,58,10,Stormy,1,52.63,Medium
2026-07-24,1,P002,Britannia Good Day 600g,Snacks,South,152,56,75,51,120,0,Rainy,1,122.98,Medium
2026-07-24,1,P003,Aashirvaad Atta 5kg,Staples,South,115,56,73,54,248,0,Sunny,0,239.85,Medium
2026-07-24,1,P004,Maggi 2-Minute Noodles,Snacks,South,170,59,66,54,48,15,Sunny,1,51.16,Medium
2026-07-24,1,P005,Tata Salt 1kg,Staples,South,196,33,43,30,22,10,Stormy,0,21.21,Medium
2026-07-24,1,P006,Coca-Cola 600ml,Beverages,South,230,47,62,48,40,0,Stormy,0,36.51,Medium
2026-07-24,1,P007,Parle-G 800g,Snacks,South,250,89,101,85,65,10,Cloudy,0,61.54,Medium
2026-07-24,1,P008,Surf Excel 1kg,Cleaning,South,152,32,36,32,220,0,Cloudy,0,209.8,Medium
2026-07-24,1,P009,Amul Butter 500g,Dairy,South,51,58,69,62,275,0,Cloudy,0,300.11,Medium
2026-07-24,1,P010,Red Label Tea 500g,Beverages,South,140,49,64,44,255,0,Cloudy,0,231.76,Medium
2026-07-25,1,P001,Amul Taaza Toned Milk 1L,Dairy,South,115,99,111,96,58,0,Stormy,1,54.37,Medium
2026-07-25,1,P002,Britannia Good Day 600g,Snacks,South,285,82,90,81,120,5,Stormy,0,113.99,Medium
2026-07-25,1,P003,Aashirvaad Atta 5kg,Staples,South,285,99,99,101,248,10,Cloudy,0,225.84,Medium
2026-07-25,1,P004,Maggi 2-Minute Noodles,Snacks,South,212,40,42,43,48,10,Stormy,0,52.8,Medium
2026-07-25,1,P005,Tata Salt 1kg,Staples,South,120,94,100,94,22,20,Stormy,0,21.79,Medium
2026-07-25,1,P006,Coca-Cola 600ml,Beverages,South,169,64,72,68,40,10,Stormy,0,42.46,Medium
2026-07-25,1,P007,Parle-G 800g,Snacks,South,271,73,77,75,65,5,Stormy,0,68.98,Medium
2026-07-25,1,P008,Surf Excel 1kg,Cleaning,South,246,98,102,98,220,15,Stormy,1,218.14,Medium
2026-07-25,1,P009,Amul Butter 500g,Dairy,South,150,104,112,101,275,20,Rainy,0,265.65,Medium
2026-07-25,1,P010,Red Label Tea 500g,Beverages,South,192,109,115,106,255,20,Cloudy,1,230.51,Medium
2026-07-26,1,P001,Amul Taaza Toned Milk 1L,Dairy,South,147,90,90,87,58,15,Rainy,0,53.26,Medium
2026-07-26,1,P002,Britannia Good Day 600g,Snacks,South,253,69,79,68,120,0,Stormy,0,118.29,Medium
2026-07-26,1,P003,Aashirvaad Atta 5kg,Staples,South,296,107,118,110,248,0,Stormy,1,261.89,Medium
2026-07-26,1,P004,Maggi 2-Minute Noodles,Snacks,South,123,71,84,70,48,0,Sunny,0,51.32,Medium
2026-07-26,1,P005,Tata Salt 1kg,Staples,South,109,113,113,116,22,0,Rainy,0,19.81,Medium
2026-07-26,1,P006,Coca-Cola 600ml,Beverages,South,181,108,111,104,40,0,Cloudy,1,43.63,Medium
2026-07-26,1,P007,Parle-G 800g,Snacks,South,130,38,47,35,65,0,Rainy,0,65.72,Medium
2026-07-26,1,P008,Surf Excel 1kg,Cleaning,South,292,111,117,111,220,0,Sunny,1,238.3,Medium
2026-07-26,1,P009,Amul Butter 500g,Dairy,South,85,36,53,32,275,20,Rainy,0,291.64,Medium
2026-07-26,1,P010,Red Label Tea 500g,Beverages,South,171,79,96,78,255,0,Stormy,0,254.85,Medium
2026-07-27,1,P001,Amul Taaza Toned Milk 1L,Dairy,South,127,39,57,43,58,15,Sunny,1,61.86,Medium
2026-07-27,1,P002,Britannia Good Day 600g,Snacks,South,211,43,52,38,120,0,Stormy,1,113.66,Medium
2026-07-27,1,P003,Aashirvaad Atta 5kg,Staples,South,248,34,37,35,248,0,Stormy,0,260.84,Medium
2026-07-27,1,P004,Maggi 2-Minute Noodles,Snacks,South,299,72,72,71,48,10,Stormy,1,43.94,Medium
2026-07-27,1,P005,Tata Salt 1kg,Staples,South,136,84,91,86,22,20,Cloudy,0,23.53,Medium
2026-07-27,1,P006,Coca-Cola 600ml,Beverages,South,151,72,82,76,40,15,Rainy,0,42.65,Medium
2026-07-27,1,P007,Parle-G 800g,Snacks,South,79,35,53,39,65,0,Rainy,0,69.72,Medium
2026-07-27,1,P008,Surf Excel 1kg,Cleaning,South,180,78,81,75,220,20,Cloudy,0,206.14,Medium
2026-07-27,1,P009,Amul Butter 500g,Dairy,South,208,84,91,81,275,10,Stormy,1,261.44,Medium
2026-07-27,1,P010,Red Label Tea 500g,Beverages,South,67,52,61,51,255,20,Sunny,1,273.78,Medium
2026-07-28,1,P001,Amul Taaza Toned Milk 1L,Dairy,South,226,79,84,82,58,5,Cloudy,0,58.13,Medium
2026-07-28,1,P002,Britannia Good Day 600g,Snacks,South,299,80,90,77,120,0,Rainy,0,129.9,Medium
2026-07-28,1,P003,Aashirvaad Atta 5kg,Staples,South,234,69,81,70,248,5,Rainy,0,249.33,Medium
2026-07-28,1,P004,Maggi 2-Minute Noodles,Snacks,South,107,36,50,33,48,5,Rainy,0,47.62,Medium
2026-07-28,1,P005,Tata Salt 1kg,Staples,South,132,27,36,26,22,5,Stormy,0,22.56,Medium
2026-07-28,1,P006,Coca-Cola 600ml,Beverages,South,190,83,86,87,40,0,Stormy,0,38.34,Medium
2026-07-28,1,P007,Parle-G 800g,Snacks,South,284,40,55,35,65,15,Rainy,0,69.81,Medium
2026-07-28,1,P008,Surf Excel 1kg,Cleaning,South,186,47,52,45,220,15,Sunny,0,224.2,Medium
2026-07-28,1,P009,Amul Butter 500g,Dairy,South,233,23,30,24,275,5,Sunny,0,251.93,Medium
2026-07-28,1,P010,Red Label Tea 500g,Beverages,South,293,37,55,34,255,10,Stormy,0,232.08,Medium
2026-07-29,1,P001,Amul Taaza Toned Milk 1L,Dairy,South,286,57,71,52,58,20,Rainy,0,58.12,Medium
2026-07-29,1,P002,Britannia Good Day 600g,Snacks,South,145,81,82,82,120,0,Sunny,0,131.96,Medium
2026-07-29,1,P003,Aashirvaad Atta 5kg,Staples,South,183,42,47,42,248,0,Rainy,0,263.4,Medium
2026-07-29,1,P004,Maggi 2-Minute Noodles,Snacks,South,136,51,62,51,48,0,Rainy,1,49.64,Medium
2026-07-29,1,P005,Tata Salt 1kg,Staples,South,119,38,53,42,22,0,Rainy,0,23.3,Medium
2026-07-29,1,P006,Coca-Cola 600ml,Beverages,South,221,50,55,46,40,20,Cloudy,0,39.36,Medium
2026-07-29,1,P007,Parle-G 800g,Snacks,South,232,51,53,52,65,0,Cloudy,0,58.63,Medium
2026-07-29,1,P008,Surf Excel 1kg,Cleaning,South,214,61,66,58,220,10,Cloudy,0,208.24,Medium
2026-07-29,1,P009,Amul Butter 500g,Dairy,South,294,49,65,52,275,0,Cloudy,0,273.41,Medium
2026-07-29,1,P010,Red Label Tea 500g,Beverages,South,112,26,27,25,255,10,Stormy,0,232.0,Medium
2026-07-30,1,P001,Amul Taaza Toned Milk 1L,Dairy,South,149,41,47,45,58,10,Sunny,0,57.79,Medium
2026-07-30,1,P002,Britannia Good Day 600g,Snacks,South,289,60,65,64,120,20,Cloudy,0,117.74,Medium
2026-07-30,1,P003,Aashirvaad Atta 5kg,Staples,South,259,77,96,75,248,0,Rainy,0,270.0,Medium
2026-07-30,1,P004,Maggi 2-Minute Noodles,Snacks,South,217,59,63,63,48,20,Rainy,0,47.74,Medium
2026-07-30,1,P005,Tata Salt 1kg,Staples,South,244,74,76,78,22,20,Stormy,0,20.35,Medium
2026-07-30,1,P006,Coca-Cola 600ml,Beverages,South,287,96,106,96,40,5,Cloudy,0,43.92,Medium
2026-07-30,1,P007,Parle-G 800g,Snacks,South,85,54,57,53,65,15,Sunny,1,65.85,Medium
2026-07-30,1,P008,Surf Excel 1kg,Cleaning,South,239,77,95,75,220,0,Sunny,0,204.56,Medium
2026-07-30,1,P009,Amul Butter 500g,Dairy,South,230,65,66,68,275,0,Sunny,0,291.66,Medium
2026-07-30,1,P010,Red Label Tea 500g,Beverages,South,203,43,45,40,255,20,Rainy,0,241.69,Medium
2026-07-31,1,P001,Amul Taaza Toned Milk 1L,Dairy,South,130,43,54,40,58,0,Cloudy,0,63.07,Medium
2026-07-31,1,P002,Britannia Good Day 600g,Snacks,South,263,69,81,73,120,20,Rainy,1,116.95,Medium
2026-07-31,1,P003,Aashirvaad Atta 5kg,Staples,South,221,58,71,56,248,0,Rainy,0,267.86,Medium
2026-07-31,1,P004,Maggi 2-Minute Noodles,Snacks,South,126,64,69,68,48,20,Stormy,0,51.06,Medium
2026-07-31,1,P005,Tata Salt 1kg,Staples,South,210,58,73,61,22,10,Rainy,0,20.32,Medium
2026-07-31,1,P006,Coca-Cola 600ml,Beverages,South,258,29,37,27,40,5,Cloudy,0,40.66,Medium
2026-07-31,1,P007,Parle-G 800g,Snacks,South,237,74,93,69,65,20,Cloudy,0,64.35,Medium
2026-07-31,1,P008,Surf Excel 1kg,Cleaning,South,205,82,95,80,220,0,Rainy,0,214.77,Medium
2026-07-31,1,P009,Amul Butter 500g,Dairy,South,182,50,57,50,275,20,Sunny,0,281.88,Medium
2026-07-31,1,P010,Red Label Tea 500g,Beverages,South,287,74,84,71,255,0,Cloudy,0,258.01,Medium
2026-08-01,1,P001,Amul Taaza Toned Milk 1L,Dairy,South,189,80,91,83,58,10,Sunny,0,60.62,Medium
2026-08-01,1,P002,Britannia Good Day 600g,Snacks,South,288,92,99,89,120,0,Cloudy,0,114.02,Medium
2026-08-01,1,P003,Aashirvaad Atta 5kg,Staples,South,80,108,114,104,248,0,Sunny,1,262.38,Medium
2026-08-01,1,P004,Maggi 2-Minute Noodles,Snacks,South,292,62,66,60,48,0,Cloudy,1,50.29,Medium
2026-08-01,1,P005,Tata Salt 1kg,Staples,South,270,59,74,59,22,0,Cloudy,1,24.06,Medium
2026-08-01,1,P006,Coca-Cola 600ml,Beverages,South,294,93,107,93,40,15,Cloudy,0,39.21,Medium
2026-08-01,1,P007,Parle-G 800g,Snacks,South,103,77,80,75,65,20,Rainy,0,64.18,Medium
2026-08-01,1,P008,Surf Excel 1kg,Cleaning,South,198,82,94,85,220,0,Rainy,0,230.95,Medium
2026-08-01,1,P009,Amul Butter 500g,Dairy,South,78,103,103,98,275,15,Stormy,1,273.78,Medium
2026-08-01,1,P010,Red Label Tea 500g,Beverages,South,138,43,59,43,255,0,Stormy,0,258.63,Medium
2026-08-02,1,P001,Amul Taaza Toned Milk 1L,Dairy,South,200,99,106,102,58,20,Cloudy,0,52.36,Medium
2026-08-02,1,P002,Britannia Good Day 600g,Snacks,South,241,48,62,50,120,10,Sunny,0,118.06,Medium
2026-08-02,1,P003,Aashirvaad Atta 5kg,Staples,South,167,101,106,102,248,15,Cloudy,0,238.75,Medium
2026-08-02,1,P004,Maggi 2-Minute Noodles,Snacks,South,218,80,83,75,48,0,Stormy,0,52.77,Medium
2026-08-02,1,P005,Tata Salt 1kg,Staples,South,245,83,100,87,22,15,Rainy,0,20.13,Medium
2026-08-02,1,P006,Coca-Cola 600ml,Beverages,South,240,80,96,78,40,0,Stormy,0,37.3,Medium
2026-08-02,1,P007,Parle-G 800g,Snacks,South,222,73,77,68,65,10,Sunny,0,70.29,Medium
2026-08-02,1,P008,Surf Excel 1kg,Cleaning,South,157,107,108,105,220,0,Rainy,0,199.35,Medium
2026-08-02,1,P009,Amul Butter 500g,Dairy,South,67,41,43,36,275,0,Rainy,1,269.83,Medium
2026-08-02,1,P010,Red Label Tea 500g,Beverages,South,149,120,129,118,255,10,Rainy,0,262.95,Medium
2026-08-03,1,P001,Amul Taaza Toned Milk 1L,Dairy,South,114,94,100,92,58,20,Stormy,0,55.43,Medium
2026-08-03,1,P002,Britannia Good Day 600g,Snacks,South,225,56,59,51,120,0,Stormy,0,112.34,Medium
2026-08-03,1,P003,Aashirvaad Atta 5kg,Staples,South,129,34,53,36,248,0,Cloudy,1,254.14,Medium
2026-08-03,1,P004,Maggi 2-Minute Noodles,Snacks,South,95,49,60,49,48,10,Cloudy,1,46.54,Medium
2026-08-03,1,P005,Tata Salt 1kg,Staples,South,277,28,36,30,22,15,Sunny,0,20.82,Medium
2026-08-03,1,P006,Coca-Cola 600ml,Beverages,South,180,38,57,38,40,0,Rainy,0,36.44,Medium
2026-08-03,1,P007,Parle-G 800g,Snacks,South,174,54,62,56,65,10,Rainy,1,66.3,Medium
2026-08-03,1,P008,Surf Excel 1kg,Cleaning,South,279,53,61,51,220,10,Sunny,0,227.21,Medium
2026-08-03,1,P009,Amul Butter 500g,Dairy,South,123,24,27,20,275,10,Stormy,0,255.51,Medium
2026-08-03,1,P010,Red Label Tea 500g,Beverages,South,154,20,33,15,255,20,Rainy,0,242.9,Medium
2026-08-04,1,P001,Amul Taaza Toned Milk 1L,Dairy,South,58,55,71,59,58,10,Cloudy,1,60.99,Medium
2026-08-04,1,P002,Britannia Good Day 600g,Snacks,South,247,28,38,23,120,5,Rainy,0,115.46,Medium
2026-08-04,1,P003,Aashirvaad Atta 5kg,Staples,South,204,33,43,36,248,15,Cloudy,1,252.4,Medium
2026-08-04,1,P004,Maggi 2-Minute Noodles,Snacks,South,168,34,47,35,48,0,Rainy,0,51.21,Medium
2026-08-04,1,P005,Tata Salt 1kg,Staples,South,217,41,60,42,22,10,Stormy,1,19.92,Medium
2026-08-04,1,P006,Coca-Cola 600ml,Beverages,South,142,19,23,21,40,0,Sunny,0,36.52,Medium
2026-08-04,1,P007,Parle-G 800g,Snacks,South,63,29,44,32,65,0,Rainy,1,60.35,Medium
2026-08-04,1,P008,Surf Excel 1kg,Cleaning,South,171,31,48,35,220,5,Cloudy,1,204.77,Medium
2026-08-04,1,P009,Amul Butter 500g,Dairy,South,254,73,86,73,275,10,Rainy,0,279.98,Medium
2026-08-04,1,P010,Red Label Tea 500g,Beverages,South,105,42,45,45,255,5,Rainy,0,268.76,Medium
2026-08-05,1,P001,Amul Taaza Toned Milk 1L,Dairy,South,276,60,65,55,58,15,Cloudy,0,61.04,Medium
2026-08-05,1,P002,Britannia Good Day 600g,Snacks,South,60,40,50,41,120,15,Rainy,0,108.79,Medium
2026-08-05,1,P003,Aashirvaad Atta 5kg,Staples,South,274,39,56,36,248,0,Cloudy,1,223.3,Medium
2026-08-05,1,P004,Maggi 2-Minute Noodles,Snacks,South,72,66,84,70,48,0,Cloudy,0,51.27,Medium
2026-08-05,1,P005,Tata Salt 1kg,Staples,South,104,58,72,54,22,10,Rainy,0,23.93,Medium
2026-08-05,1,P006,Coca-Cola 600ml,Beverages,South,91,48,64,47,40,0,Rainy,1,41.32,Medium
2026-08-05,1,P007,Parle-G 800g,Snacks,South,101,64,76,65,65,15,Rainy,1,68.26,Medium
2026-08-05,1,P008,Surf Excel 1kg,Cleaning,South,263,77,81,81,220,10,Cloudy,0,212.67,Medium
2026-08-05,1,P009,Amul Butter 500g,Dairy,South,216,61,77,60,275,0,Sunny,0,253.77,Medium
2026-08-05,1,P010,Red Label Tea 500g,Beverages,South,194,69,87,68,255,0,Cloudy,0,243.58,Medium
2026-08-06,1,P001,Amul Taaza Toned Milk 1L,Dairy,South,128,18,33,22,58,0,Stormy,0,59.41,Medium
2026-08-06,1,P002,Britannia Good Day 600g,Snacks,South,65,77,81,75,120,0,Sunny,0,126.72,Medium
2026-08-06,1,P003,Aashirvaad Atta 5kg,Staples,South,130,59,67,57,248,0,Stormy,0,230.12,Medium
2026-08-06,1,P004,Maggi 2-Minute Noodles,Snacks,South,114,54,68,54,48,15,Rainy,1,52.11,Medium
2026-08-06,1,P005,Tata Salt 1kg,Staples,South,204,39,43,35,22,15,Cloudy,0,23.23,Medium
2026-08-06,1,P006,Coca-Cola 600ml,Beverages,South,60,72,91,76,40,10,Stormy,0,39.31,Medium
2026-08-06,1,P007,Parle-G 800g,Snacks,South,137,67,77,65,65,10,Stormy,0,68.0,Medium
2026-08-06,1,P008,Surf Excel 1kg,Cleaning,South,50,85,87,81,220,0,Rainy,0,229.64,Medium
2026-08-06,1,P009,Amul Butter 500g,Dairy,South,132,74,89,72,275,10,Stormy,0,286.06,Medium
2026-08-06,1,P010,Red Label Tea 500g,Beverages,South,54,29,45,31,255,0,Stormy,0,238.46,Medium
2026-08-07,1,P001,Amul Taaza Toned Milk 1L,Dairy,South,197,53,68,50,58,0,Sunny,0,60.43,Medium
2026-08-07,1,P002,Britannia Good Day 600g,Snacks,South,51,70,84,69,120,0,Sunny,1,118.38,Medium
2026-08-07,1,P003,Aashirvaad Atta 5kg,Staples,South,130,41,44,38,248,0,Sunny,0,235.13,Medium
2026-08-07,1,P004,Maggi 2-Minute Noodles,Snacks,South,287,80,99,78,48,5,Stormy,0,46.49,Medium
2026-08-07,1,P005,Tata Salt 1kg,Staples,South,182,54,58,54,22,5,Stormy,1,19.92,Medium
2026-08-07,1,P006,Coca-Cola 600ml,Beverages,South,153,37,56,38,40,15,Sunny,1,41.34,Medium
2026-08-07,1,P007,Parle-G 800g,Snacks,South,252,35,42,35,65,5,Rainy,0,63.56,Medium
2026-08-07,1,P008,Surf Excel 1kg,Cleaning,South,148,42,51,39,220,0,Cloudy,0,207.75,Medium
2026-08-07,1,P009,Amul Butter 500g,Dairy,South,147,61,77,62,275,15,Cloudy,0,275.63,Medium
2026-08-07,1,P010,Red Label Tea 500g,Beverages,South,97,82,93,78,255,0,Stormy,0,262.14,Medium
2026-08-08,1,P001,Amul Taaza Toned Milk 1L,Dairy,South,97,28,36,29,58,0,Sunny,0,58.46,Medium
2026-08-08,1,P002,Britannia Good Day 600g,Snacks,South,168,115,130,112,120,20,Cloudy,0,116.2,Medium
2026-08-08,1,P003,Aashirvaad Atta 5kg,Staples,South,106,62,77,58,248,0,Rainy,1,224.08,Medium
2026-08-08,1,P004,Maggi 2-Minute Noodles,Snacks,South,178,61,75,65,48,0,Cloudy,0,44.46,Medium
2026-08-08,1,P005,Tata Salt 1kg,Staples,South,168,64,67,59,22,5,Stormy,0,23.58,Medium
2026-08-08,1,P006,Coca-Cola 600ml,Beverages,South,59,59,77,57,40,20,Sunny,0,40.16,Medium
2026-08-08,1,P007,Parle-G 800g,Snacks,South,230,110,119,109,65,20,Rainy,0,64.81,Medium
2026-08-08,1,P008,Surf Excel 1kg,Cleaning,South,287,93,107,97,220,5,Stormy,0,226.18,Medium
2026-08-08,1,P009,Amul Butter 500g,Dairy,South,110,98,99,95,275,0,Rainy,0,297.93,Medium
2026-08-08,1,P010,Red Label Tea 500g,Beverages,South,58,95,97,97,255,0,Cloudy,0,249.79,Medium
2026-08-09,1,P001,Amul Taaza Toned Milk 1L,Dairy,South,207,34,37,35,58,15,Rainy,0,52.36,Medium
2026-08-09,1,P002,Britannia Good Day 600g,Snacks,South,292,50,54,45,120,0,Rainy,0,110.4,Medium
2026-08-09,1,P003,Aashirvaad Atta 5kg,Staples,South,232,69,84,71,248,0,Stormy,0,225.42,Medium
2026-08-09,1,P004,Maggi 2-Minute Noodles,Snacks,South,125,91,99,93,48,15,Stormy,0,45.7,Medium
2026-08-09,1,P005,Tata Salt 1kg,Staples,South,243,88,107,85,22,0,Cloudy,0,20.09,Medium
2026-08-09,1,P006,Coca-Cola 600ml,Beverages,South,51,76,78,78,40,20,Cloudy,0,37.13,Medium
2026-08-09,1,P007,Parle-G 800g,Snacks,South,57,86,91,89,65,0,Sunny,0,62.98,Medium
2026-08-09,1,P008,Surf Excel 1kg,Cleaning,South,293,70,84,72,220,0,Cloudy,0,240.16,Medium
2026-08-09,1,P009,Amul Butter 500g,Dairy,South,203,85,104,84,275,10,Rainy,1,280.9,Medium
2026-08-09,1,P010,Red Label Tea 500g,Beverages,South,281,105,114,103,255,0,Cloudy,0,267.57,Medium
2026-08-10,1,P001,Amul Taaza Toned Milk 1L,Dairy,South,72,97,102,93,58,0,Rainy,0,57.12,Medium
2026-08-10,1,P002,Britannia Good Day 600g,Snacks,South,168,31,46,34,120,0,Sunny,1,113.59,Medium
2026-08-10,1,P003,Aashirvaad Atta 5kg,Staples,South,180,80,85,77,248,5,Sunny,0,256.22,Medium
2026-08-10,1,P004,Maggi 2-Minute Noodles,Snacks,South,182,19,28,21,48,0,Stormy,0,50.78,Medium
2026-08-10,1,P005,Tata Salt 1kg,Staples,South,148,33,45,28,22,0,Cloudy,0,23.09,Medium
2026-08-10,1,P006,Coca-Cola 600ml,Beverages,South,206,30,36,25,40,20,Stormy,0,39.6,Medium
2026-08-10,1,P007,Parle-G 800g,Snacks,South,149,55,65,53,65,0,Stormy,0,58.92,Medium
2026-08-10,1,P008,Surf Excel 1kg,Cleaning,South,274,61,66,56,220,5,Cloudy,1,207.9,Medium
2026-08-10,1,P009,Amul Butter 500g,Dairy,South,112,33,51,37,275,5,Stormy,0,261.02,Medium
2026-08-10,1,P010,Red Label Tea 500g,Beverages,South,59,95,109,99,255,15,Sunny,1,256.78,Medium
2026-08-11,1,P001,Amul Taaza Toned Milk 1L,Dairy,South,192,50,57,53,58,0,Stormy,0,54.89,Medium
2026-08-11,1,P002,Britannia Good Day 600g,Snacks,South,262,77,77,81,120,0,Cloudy,0,119.51,Medium
2026-08-11,1,P003,Aashirvaad Atta 5kg,Staples,South,178,55,59,51,248,15,Rainy,1,234.79,Medium
2026-08-11,1,P004,Maggi 2-Minute Noodles,Snacks,South,294,58,61,57,48,15,Stormy,0,50.99,Medium
2026-08-11,1,P005,Tata Salt 1kg,Staples,South,208,47,56,50,22,20,Cloudy,1,23.55,Medium
2026-08-11,1,P006,Coca-Cola 600ml,Beverages,South,282,88,94,84,40,5,Cloudy,0,37.37,Medium
2026-08-11,1,P007,Parle-G 800g,Snacks,South,151,57,64,58,65,10,Rainy,0,63.76,Medium
2026-08-11,1,P008,Surf Excel 1kg,Cleaning,South,277,83,92,83,220,10,Cloudy,0,224.01,Medium
2026-08-11,1,P009,Amul Butter 500g,Dairy,South,129,19,37,17,275,0,Stormy,0,261.05,Medium
2026-08-11,1,P010,Red Label Tea 500g,Beverages,South,65,63,69,59,255,15,Cloudy,0,249.23,Medium
2026-08-12,1,P001,Amul Taaza Toned Milk 1L,Dairy,South,129,51,62,50,58,5,Cloudy,0,57.61,Medium
2026-08-12,1,P002,Britannia Good Day 600g,Snacks,South,282,73,78,71,120,15,Rainy,0,109.35,Medium
2026-08-12,1,P003,Aashirvaad Atta 5kg,Staples,South,270,64,78,66,248,0,Sunny,0,261.38,Medium
2026-08-12,1,P004,Maggi 2-Minute Noodles,Snacks,South,66,83,84,80,48,0,Sunny,0,47.99,Medium
2026-08-12,1,P005,Tata Salt 1kg,Staples,South,72,76,82,76,22,10,Rainy,0,23.69,Medium
2026-08-12,1,P006,Coca-Cola 600ml,Beverages,South,256,65,70,69,40,0,Rainy,0,40.04,Medium
2026-08-12,1,P007,Parle-G 800g,Snacks,South,94,33,43,34,65,20,Stormy,0,63.95,Medium
2026-08-12,1,P008,Surf Excel 1kg,Cleaning,South,290,33,36,35,220,0,Sunny,0,203.25,Medium
2026-08-12,1,P009,Amul Butter 500g,Dairy,South,188,74,86,74,275,15,Rainy,1,288.72,Medium
2026-08-12,1,P010,Red Label Tea 500g,Beverages,South,203,73,84,77,255,20,Rainy,0,275.14,Medium
2026-08-13,1,P001,Amul Taaza Toned Milk 1L,Dairy,South,148,47,47,49,58,20,Cloudy,0,56.19,Medium
2026-08-13,1,P002,Britannia Good Day 600g,Snacks,South,118,71,79,73,120,0,Rainy,0,130.41,Medium
2026-08-13,1,P003,Aashirvaad Atta 5kg,Staples,South,173,65,69,60,248,0,Cloudy,1,248.59,Medium
2026-08-13,1,P004,Maggi 2-Minute Noodles,Snacks,South,199,20,33,19,48,0,Rainy,0,48.66,Medium
2026-08-13,1,P005,Tata Salt 1kg,Staples,South,268,59,64,62,22,0,Rainy,0,20.75,Medium
2026-08-13,1,P006,Coca-Cola 600ml,Beverages,South,262,87,89,89,40,20,Stormy,0,41.16,Medium
2026-08-13,1,P007,Parle-G 800g,Snacks,South,224,44,56,45,65,0,Rainy,0,60.5,Medium
2026-08-13,1,P008,Surf Excel 1kg,Cleaning,South,98,59,72,57,220,15,Cloudy,0,202.27,Medium
2026-08-13,1,P009,Amul Butter 500g,Dairy,South,104,90,90,86,275,20,Stormy,1,271.03,Medium
2026-08-13,1,P010,Red Label Tea 500g,Beverages,South,201,47,66,49,255,15,Sunny,0,266.08,Medium
2026-08-14,1,P001,Amul Taaza Toned Milk 1L,Dairy,South,129,68,78,69,58,0,Sunny,0,58.06,Medium
2026-08-14,1,P002,Britannia Good Day 600g,Snacks,South,113,75,89,73,120,20,Cloudy,0,124.85,Medium
2026-08-14,1,P003,Aashirvaad Atta 5kg,Staples,South,177,48,65,47,248,0,Cloudy,0,261.12,Medium
2026-08-14,1,P004,Maggi 2-Minute Noodles,Snacks,South,247,29,40,33,48,0,Stormy,0,49.15,Medium
2026-08-14,1,P005,Tata Salt 1kg,Staples,South,130,89,97,90,22,10,Cloudy,1,22.48,Medium
2026-08-14,1,P006,Coca-Cola 600ml,Beverages,South,155,61,78,58,40,15,Sunny,0,36.24,Medium
2026-08-14,1,P007,Parle-G 800g,Snacks,South,241,52,56,53,65,10,Stormy,0,58.99,Medium
2026-08-14,1,P008,Surf Excel 1kg,Cleaning,South,171,68,84,65,220,5,Sunny,0,219.71,Medium
2026-08-14,1,P009,Amul Butter 500g,Dairy,South,266,54,72,53,275,0,Cloudy,0,274.7,Medium
2026-08-14,1,P010,Red Label Tea 500g,Beverages,South,160,80,82,75,255,5,Rainy,1,269.8,Medium
2026-08-15,1,P001,Amul Taaza Toned Milk 1L,Dairy,South,97,97,105,94,58,0,Cloudy,0,63.62,Medium
2026-08-15,1,P002,Britannia Good Day 600g,Snacks,South,150,68,81,63,120,5,Sunny,0,117.28,Medium
2026-08-15,1,P003,Aashirvaad Atta 5kg,Staples,South,144,31,32,35,248,0,Sunny,0,231.94,Medium
2026-08-15,1,P004,Maggi 2-Minute Noodles,Snacks,South,130,85,86,87,48,0,Stormy,1,49.12,Medium
2026-08-15,1,P005,Tata Salt 1kg,Staples,South,201,84,88,83,22,0,Rainy,0,21.25,Medium
2026-08-15,1,P006,Coca-Cola 600ml,Beverages,South,192,96,109,91,40,0,Sunny,0,43.53,Medium
2026-08-15,1,P007,Parle-G 800g,Snacks,South,60,20,31,15,65,0,Rainy,0,59.16,Medium
2026-08-15,1,P008,Surf Excel 1kg,Cleaning,South,141,49,55,49,220,0,Sunny,0,200.36,Medium
2026-08-15,1,P009,Amul Butter 500g,Dairy,South,119,77,91,76,275,0,Stormy,1,266.58,Medium
2026-08-15,1,P010,Red Label Tea 500g,Beverages,South,271,75,87,77,255,0,Sunny,0,268.87,Medium
2026-08-16,1,P001,Amul Taaza Toned Milk 1L,Dairy,South,288,62,77,61,58,0,Rainy,0,58.81,Medium
2026-08-16,1,P002,Britannia Good Day 600g,Snacks,South,62,55,72,50,120,10,Rainy,0,115.58,Medium
2026-08-16,1,P003,Aashirvaad Atta 5kg,Staples,South,186,107,120,107,248,0,Stormy,0,251.84,Medium
2026-08-16,1,P004,Maggi 2-Minute Noodles,Snacks,South,142,97,101,97,48,0,Cloudy,0,47.81,Medium
2026-08-16,1,P005,Tata Salt 1kg,Staples,South,280,66,67,63,22,0,Sunny,0,20.15,Medium
2026-08-16,1,P006,Coca-Cola 600ml,Beverages,South,140,117,128,113,40,20,Rainy,0,37.39,Medium
2026-08-16,1,P007,Parle-G 800g,Snacks,South,270,58,63,58,65,20,Stormy,0,68.65,Medium
2026-08-16,1,P008,Surf Excel 1kg,Cleaning,South,235,46,47,48,220,0,Cloudy,0,220.46,Medium
2026-08-16,1,P009,Amul Butter 500g,Dairy,South,157,96,106,91,275,20,Rainy,0,280.34,Medium
2026-08-16,1,P010,Red Label Tea 500g,Beverages,South,119,60,63,59,255,10,Sunny,0,271.48,Medium
2026-08-17,1,P001,Amul Taaza Toned Milk 1L,Dairy,South,162,46,62,44,58,0,Stormy,1,55.02,Medium
2026-08-17,1,P002,Britannia Good Day 600g,Snacks,South,185,60,67,61,120,5,Rainy,0,129.42,Medium
2026-08-17,1,P003,Aashirvaad Atta 5kg,Staples,South,145,23,37,22,248,15,Cloudy,1,234.35,Medium
2026-08-17,1,P004,Maggi 2-Minute Noodles,Snacks,South,256,89,94,92,48,15,Cloudy,0,46.86,Medium
2026-08-17,1,P005,Tata Salt 1kg,Staples,South,207,89,97,91,22,0,Cloudy,0,21.63,Medium
2026-08-17,1,P006,Coca-Cola 600ml,Beverages,South,162,86,93,89,40,0,Sunny,0,38.38,Medium
2026-08-17,1,P007,Parle-G 800g,Snacks,South,81,49,61,53,65,15,Cloudy,0,67.31,Medium
2026-08-17,1,P008,Surf Excel 1kg,Cleaning,South,61,68,87,66,220,5,Cloudy,0,233.04,Medium
2026-08-17,1,P009,Amul Butter 500g,Dairy,South,104,87,102,91,275,0,Rainy,0,257.97,Medium
2026-08-17,1,P010,Red Label Tea 500g,Beverages,South,220,27,41,22,255,10,Cloudy,0,260.25,Medium
2026-08-18,1,P001,Amul Taaza Toned Milk 1L,Dairy,South,244,34,44,36,58,0,Rainy,0,61.35,Medium
2026-08-18,1,P002,Britannia Good Day 600g,Snacks,South,217,85,95,86,120,20,Cloudy,1,127.56,Medium
2026-08-18,1,P003,Aashirvaad Atta 5kg,Staples,South,241,74,79,72,248,10,Rainy,0,271.17,Medium
2026-08-18,1,P004,Maggi 2-Minute Noodles,Snacks,South,229,34,43,32,48,15,Cloudy,0,47.43,Medium
2026-08-18,1,P005,Tata Salt 1kg,Staples,South,203,16,32,16,22,5,Cloudy,0,22.88,Medium
2026-08-18,1,P006,Coca-Cola 600ml,Beverages,South,153,52,69,54,40,0,Rainy,1,36.88,Medium
2026-08-18,1,P007,Parle-G 800g,Snacks,South,156,80,82,82,65,5,Sunny,0,69.39,Medium
2026-08-18,1,P008,Surf Excel 1kg,Cleaning,South,55,55,57,59,220,0,Sunny,1,224.66,Medium
2026-08-18,1,P009,Amul Butter 500g,Dairy,South,178,81,96,81,275,0,Rainy,0,297.98,Medium
2026-08-18,1,P010,Red Label Tea 500g,Beverages,South,58,43,48,44,255,15,Sunny,0,261.62,Medium
2026-08-19,1,P001,Amul Taaza Toned Milk 1L,Dairy,South,87,84,86,81,58,15,Cloudy,0,56.44,Medium
2026-08-19,1,P002,Britannia Good Day 600g,Snacks,South,258,43,52,40,120,0,Sunny,0,112.16,Medium
2026-08-19,1,P003,Aashirvaad Atta 5kg,Staples,South,109,29,35,32,248,20,Rainy,0,224.87,Medium
2026-08-19,1,P004,Maggi 2-Minute Noodles,Snacks,South,152,63,64,63,48,0,Cloudy,0,43.74,Medium
2026-08-19,1,P005,Tata Salt 1kg,Staples,South,52,47,61,46,22,0,Stormy,1,22.44,Medium
2026-08-19,1,P006,Coca-Cola 600ml,Beverages,South,220,56,69,55,40,10,Sunny,0,41.04,Medium
2026-08-19,1,P007,Parle-G 800g,Snacks,South,261,43,48,45,65,0,Rainy,1,69.16,Medium
2026-08-19,1,P008,Surf Excel 1kg,Cleaning,South,152,73,90,76,220,15,Stormy,1,210.87,Medium
2026-08-19,1,P009,Amul Butter 500g,Dairy,South,243,35,44,35,275,10,Cloudy,0,271.16,Medium
2026-08-19,1,P010,Red Label Tea 500g,Beverages,South,292,61,71,59,255,20,Cloudy,0,260.37,Medium
2026-08-20,1,P001,Amul Taaza Toned Milk 1L,Dairy,South,291,45,49,49,58,5,Stormy,0,55.36,Medium
2026-08-20,1,P002,Britannia Good Day 600g,Snacks,South,281,58,68,56,120,0,Stormy,0,121.97,Medium
2026-08-20,1,P003,Aashirvaad Atta 5kg,Staples,South,207,73,81,73,248,0,Cloudy,0,268.86,Medium
2026-08-20,1,P004,Maggi 2-Minute Noodles,Snacks,South,220,59,69,55,48,20,Rainy,0,45.05,Medium
2026-08-20,1,P005,Tata Salt 1kg,Staples,South,95,41,53,44,22,20,Rainy,0,21.75,Medium
2026-08-20,1,P006,Coca-Cola 600ml,Beverages,South,249,53,70,54,40,5,Stormy,1,37.73,Medium
2026-08-20,1,P007,Parle-G 800g,Snacks,South,170,38,55,35,65,0,Sunny,0,67.78,Medium
2026-08-20,1,P008,Surf Excel 1kg,Cleaning,South,149,63,71,59,220,10,Stormy,0,234.44,Medium
2026-08-20,1,P009,Amul Butter 500g,Dairy,South,50,33,52,32,275,10,Cloudy,1,252.42,Medium
2026-08-20,1,P010,Red Label Tea 500g,Beverages,South,179,92,109,96,255,0,Sunny,0,273.41,Medium
2026-08-21,1,P001,Amul Taaza Toned Milk 1L,Dairy,South,252,20,25,19,58,15,Cloudy,0,59.11,Medium
2026-08-21,1,P002,Britannia Good Day 600g,Snacks,South,262,30,48,27,120,0,Rainy,0,108.85,Medium
2026-08-21,1,P003,Aashirvaad Atta 5kg,Staples,South,89,84,101,84,248,5,Rainy,0,264.42,Medium
2026-08-21,1,P004,Maggi 2-Minute Noodles,Snacks,South,94,83,95,85,48,5,Sunny,0,52.79,Medium
2026-08-21,1,P005,Tata Salt 1kg,Staples,South,296,41,45,40,22,0,Cloudy,1,20.95,Medium
2026-08-21,1,P006,Coca-Cola 600ml,Beverages,South,158,91,104,88,40,20,Sunny,0,37.23,Medium
2026-08-21,1,P007,Parle-G 800g,Snacks,South,270,55,61,50,65,0,Cloudy,0,62.52,Medium
2026-08-21,1,P008,Surf Excel 1kg,Cleaning,South,206,59,75,55,220,5,Stormy,0,239.04,Medium
2026-08-21,1,P009,Amul Butter 500g,Dairy,South,237,48,62,50,275,10,Cloudy,0,280.21,Medium
2026-08-21,1,P010,Red Label Tea 500g,Beverages,South,107,39,41,37,255,5,Rainy,1,230.94,Medium
2026-08-22,1,P001,Amul Taaza Toned Milk 1L,Dairy,South,52,70,73,67,58,0,Stormy,1,55.81,Medium
2026-08-22,1,P002,Britannia Good Day 600g,Snacks,South,59,103,118,100,120,20,Cloudy,0,118.82,Medium
2026-08-22,1,P003,Aashirvaad Atta 5kg,Staples,South,81,59,76,56,248,15,Rainy,0,269.1,Medium
2026-08-22,1,P004,Maggi 2-Minute Noodles,Snacks,South,192,67,86,71,48,0,Stormy,1,45.45,Medium
2026-08-22,1,P005,Tata Salt 1kg,Staples,South,68,125,140,128,22,20,Sunny,0,21.98,Medium
2026-08-22,1,P006,Coca-Cola 600ml,Beverages,South,219,51,62,47,40,0,Sunny,0,36.07,Medium
2026-08-22,1,P007,Parle-G 800g,Snacks,South,79,82,101,77,65,5,Rainy,0,64.92,Medium
2026-08-22,1,P008,Surf Excel 1kg,Cleaning,South,259,66,80,65,220,0,Sunny,0,239.53,Medium
2026-08-22,1,P009,Amul Butter 500g,Dairy,South,174,90,94,86,275,15,Rainy,1,296.99,Medium
2026-08-22,1,P010,Red Label Tea 500g,Beverages,South,288,34,53,32,255,5,Stormy,0,250.07,Medium
